{"type":"FeatureCollection","name":"Kecamatan Gerogol","crs":{"type":"name","properties":{"name":"urn:ogc:def:crs:OGC:1.3:CRS84"}},"features":[{"type":"Feature","properties":{"kode_kec":"36.72.06","kode_kk":"36.72","kode_prov":"36","kecamatan":"Gerogol","kab_kota":"Kota Cilegon","provinsi":"Banten","fid":"36.72.06","nama":"Kecamatan Gerogol","label":"Kecamatan Gerogol, Kota Cilegon, Provinsi Banten, 36.72.06"},"geometry":{"type":"MultiPolygon","coordinates":[[[[106.032771442,-5.98403824199994,0],[106.032637105,-5.98435002199994,0],[106.032566394,-5.98494338599994,0],[106.032489577,-5.98562553699998,0],[106.032476443,-5.98589948099993,0],[106.032465085,-5.98609705299998,0],[106.03239949,-5.98652718599993,0],[106.032460087,-5.98665278599998,0],[106.032525823,-5.98679068199993,0],[106.032556641,-5.98688872999998,0],[106.032566979,-5.98695615899993,0],[106.032573316,-5.98706856099994,0],[106.032569424,-5.98717076099996,0],[106.032518125,-5.98729742799998,0],[106.032500474,-5.98737554299993,0],[106.032456786,-5.98744000999994,0],[106.032325434,-5.98756793999996,0],[106.032221592,-5.98767635499996,0],[106.032034077,-5.98782630099993,0],[106.031848013,-5.98799411999994,0],[106.031740868,-5.98820915399995,0],[106.031650207,-5.98863747299993,0],[106.031559458,-5.98906776499996,0],[106.031374266,-5.98962822499993,0],[106.030818204,-5.99042431799995,0],[106.029398649,-5.99240248299998,0],[106.029100092,-5.99292609999998,0],[106.028697348,-5.99349338699994,0],[106.028318535,-5.99402722099995,0],[106.027592641,-5.99501424899995,0],[106.027176524,-5.99559713499997,0],[106.027122756,-5.99568868799997,0],[106.02713635,-5.99574712999993,0],[106.027217278,-5.99575747299997,0],[106.027374579,-5.99574668399993,0],[106.027619144,-5.99574058899998,0],[106.027766449,-5.99582693799994,0],[106.02782778,-5.99615270799995,0],[106.027853029,-5.99701281099993,0],[106.027843249,-5.99782138099994,0],[106.027852156,-5.99858769699995,0],[106.027851666,-5.99927511699997,0],[106.027577186,-5.99957188799993,0],[106.027226866,-5.99983361399995,0],[106.027194834,-6.00005160799998,0],[106.027923178,-6.00140569499996,0],[106.028445784,-6.00114227299997,0],[106.029163631,-6.00251468299996,0],[106.02909956,-6.00257903199997,0],[106.030377402,-6.00494556899997,0],[106.026788737,-6.00496825699997,0],[106.026580122,-6.00486130699994,0],[106.02635242,-6.00483326199998,0],[106.026184525,-6.00483072899993,0],[106.026102023,-6.00484227399994,0],[106.026070797,-6.00488219399995,0],[106.026014061,-6.00497625999998,0],[106.025982828,-6.00501333299997,0],[106.025903172,-6.00502487199998,0],[106.025811046,-6.00503361199998,0],[106.025734312,-6.00508500699993,0],[106.025626194,-6.00509375199994,0],[106.025506588,-6.00504557199997,0],[106.025335553,-6.00488644599994,0],[106.025226447,-6.00477532299993,0],[106.025163738,-6.00471849599995,0],[106.025049897,-6.00471016699993,0],[106.024947445,-6.00470466499996,0],[106.024884746,-6.00465353199996,0],[106.024805069,-6.00465368099998,0],[106.024691244,-6.00465389399994,0],[106.024594462,-6.00463699199997,0],[106.024298131,-6.00442969699998,0],[106.024169663,-6.00431774399993,0],[106.024021995,-6.00451653299996,0],[106.023896124,-6.00448844299996,0],[106.023759176,-6.00442417999994,0],[106.02369306,-6.00439125699995,0],[106.023620373,-6.00433996099997,0],[106.023574808,-6.00433211999996,0],[106.023509464,-6.00433818699997,0],[106.02342636,-6.00437797499995,0],[106.023378918,-6.00442562199993,0],[106.023327578,-6.00450696399997,0],[106.02329401,-6.00456052899995,0],[106.023236669,-6.00461017699996,0],[106.023164208,-6.00462735899993,0],[106.023106765,-6.00468407399995,0],[106.023073673,-6.00472317499998,0],[106.023001312,-6.00479500599994,0],[106.022821212,-6.00496989899995,0],[106.021204084,-6.00306351199993,0],[106.021033112,-6.00282679499998,0],[106.020944319,-6.00269275799997,0],[106.020881034,-6.00260914299997,0],[106.020825102,-6.00253285799994,0],[106.020755767,-6.00246811799997,0],[106.020670566,-6.00244183499996,0],[106.019868128,-6.00238403199995,0],[106.018554926,-6.00231408899998,0],[106.018398607,-6.00226937699995,0],[106.017370617,-6.00178797099994,0],[106.01679313,-6.00152605699998,0],[106.016683484,-6.00147589599993,0],[106.016547104,-6.00137986299995,0],[106.015863309,-6.00085461099997,0],[106.015302358,-6.00044936099994,0],[106.015174353,-6.00035554999994,0],[106.015097234,-6.00033123999998,0],[106.015006128,-6.00034013299995,0],[106.014800901,-6.00032921699994,0],[106.014569332,-6.00035763199998,0],[106.014488449,-6.00033144799994,0],[106.014418796,-6.00027890899997,0],[106.014347227,-6.00020568399998,0],[106.014170318,-5.99994914699994,0],[106.013616392,-5.99932448999994,0],[106.013152012,-5.99878305499993,0],[106.012751988,-5.99828196799996,0],[106.012324208,-5.99774412699998,0],[106.012114401,-5.99748488299997,0],[106.011830046,-5.99715589999994,0],[106.010984082,-5.99612024899994,0],[106.010260378,-5.99610904399998,0],[106.009871784,-5.99611806499996,0],[106.009725763,-5.99608127899995,0],[106.009695049,-5.99596363099994,0],[106.009685802,-5.99574969899993,0],[106.00970415,-5.99515734799996,0],[106.010151194,-5.99514950499997,0],[106.011019193,-5.99514211799993,0],[106.011009447,-5.99507203099995,0],[106.011100001,-5.99500863199995,0],[106.011312259,-5.99486374899993,0],[106.011367714,-5.99483030999994,0],[106.011415801,-5.99481540499994,0],[106.011504626,-5.99481338899994,0],[106.011587868,-5.99479471599994,0],[106.011641486,-5.99476868799997,0],[106.01168427,-5.99475695999996,0],[106.01172853,-5.99471945199997,0],[106.011784137,-5.99467312499996,0],[106.011850478,-5.99458983399995,0],[106.011893231,-5.99448579499995,0],[106.011906842,-5.99435408599993,0],[106.011966146,-5.99422624299996,0],[106.012122023,-5.99400126899997,0],[106.012192989,-5.99383873699998,0],[106.012177281,-5.99365286299997,0],[106.012165932,-5.99354339299992,0],[106.012157171,-5.99346011599994,0],[106.012172489,-5.99337669299996,0],[106.01209498,-5.99325471999992,0],[106.011985888,-5.99305704199998,0],[106.011864784,-5.99280121499993,0],[106.011748437,-5.99265453699996,0],[106.011410227,-5.99244726599994,0],[106.011242852,-5.99233177799994,0],[106.011157498,-5.99229746299994,0],[106.011120161,-5.99225774599995,0],[106.011060637,-5.99222890699997,0],[106.010989782,-5.99215666399994,0],[106.010957124,-5.99205744799997,0],[106.010836659,-5.99197740999995,0],[106.010731736,-5.99192273899996,0],[106.010635769,-5.99192291599996,0],[106.010581316,-5.99191011699997,0],[106.010531144,-5.99188871199993,0],[106.010499548,-5.99184290699998,0],[106.010473667,-5.99178849299994,0],[106.010424675,-5.99169542099997,0],[106.010311015,-5.99156468399997,0],[106.010179762,-5.99135540899994,0],[106.010006039,-5.99139449899997,0],[106.009854347,-5.99147184799995,0],[106.009687706,-5.99150559199995,0],[106.009344809,-5.99153835899995,0],[106.009055566,-5.99159537499997,0],[106.008915739,-5.99161067399996,0],[106.008783462,-5.99162514599993,0],[106.0086198,-5.99164592399995,0],[106.008526101,-5.99165180299997,0],[106.00850416,-5.99160083699996,0],[106.008492348,-5.99151341799995,0],[106.008468405,-5.99129439699993,0],[106.008161089,-5.99129350399994,0],[106.007930612,-5.99128240799996,0],[106.007884664,-5.99106112299995,0],[106.007841786,-5.99084880199996,0],[106.007895021,-5.99082756699994,0],[106.008009118,-5.99083458199993,0],[106.008110791,-5.99086304799994,0],[106.008183771,-5.99088334999993,0],[106.008258438,-5.99090456399995,0],[106.008313915,-5.99092708699993,0],[106.008380327,-5.99094594099995,0],[106.00842631,-5.99096191399997,0],[106.008489295,-5.99095671299995,0],[106.008556396,-5.99095367099994,0],[106.008603069,-5.99094847499993,0],[106.008657774,-5.99094764499995,0],[106.008704622,-5.99094238499993,0],[106.008866161,-5.99093259899996,0],[106.008944191,-5.99092296799995,0],[106.009014201,-5.99091480999994,0],[106.009076609,-5.99089688299995,0],[106.009146416,-5.99089501799995,0],[106.009228666,-5.99089196899996,0],[106.009282007,-5.99087495199996,0],[106.009356053,-5.99084774999994,0],[106.009417399,-5.99082512899997,0],[106.009553815,-5.99081899399994,0],[106.009684545,-5.99079283999993,0],[106.009820946,-5.99077846699993,0],[106.009980925,-5.99079464799996,0],[106.010059148,-5.99080808899993,0],[106.0101126,-5.99076072199995,0],[106.010088885,-5.99070052299993,0],[106.010063256,-5.99067284499995,0],[106.010039728,-5.99062810099997,0],[106.010049197,-5.99056090199997,0],[106.010071176,-5.99044511699998,0],[106.010085733,-5.99026635299998,0],[106.010106929,-5.99002431899993,0],[106.010158036,-5.98970612999995,0],[106.010186607,-5.98946413299996,0],[106.010206093,-5.98927014099996,0],[106.010210099,-5.98913312199994,0],[106.01022869,-5.98903232299995,0],[106.010256715,-5.98894751099994,0],[106.010271289,-5.98885948099996,0],[106.010289872,-5.98879226599996,0],[106.010315718,-5.98865277799996,0],[106.010320361,-5.98855227499996,0],[106.010279338,-5.98844733099997,0],[106.010232046,-5.98842888399997,0],[106.010138549,-5.98842181599997,0],[106.009911935,-5.98839160099993,0],[106.009682926,-5.98835329799994,0],[106.009537241,-5.98833884599998,0],[106.009484591,-5.98833514099994,0],[106.009449296,-5.98832597399996,0],[106.009421596,-5.98831353499997,0],[106.009400403,-5.98829028399996,0],[106.009406917,-5.98823734799993,0],[106.009405683,-5.98816568199993,0],[106.009385514,-5.98806833499998,0],[106.009337966,-5.98797800999995,0],[106.009287395,-5.98789448399998,0],[106.009245211,-5.98786285299997,0],[106.009191824,-5.98785769799997,0],[106.009128813,-5.98785431199997,0],[106.009033206,-5.98783516099996,0],[106.008958554,-5.98780367799998,0],[106.008914736,-5.98776873499997,0],[106.008856014,-5.98771805799993,0],[106.008810218,-5.98767499199994,0],[106.008732265,-5.98763485799998,0],[106.008679226,-5.98763831399998,0],[106.008656695,-5.98759094599995,0],[106.00862541,-5.98752986899996,0],[106.008576658,-5.98746258499995,0],[106.008501509,-5.98741270199997,0],[106.008390923,-5.98721356799996,0],[106.008343087,-5.98718252499998,0],[106.008315232,-5.98714143799998,0],[106.008265135,-5.98708927399997,0],[106.008197272,-5.98703821899994,0],[106.008168035,-5.98706449599996,0],[106.008127969,-5.98706919699993,0],[106.008060104,-5.98704309799996,0],[106.007996843,-5.98700619399995,0],[106.007959776,-5.98696461399993,0],[106.007934445,-5.98686662999995,0],[106.007908147,-5.98681423199997,0],[106.007880245,-5.98672790199993,0],[106.007855505,-5.98668475699998,0],[106.007821523,-5.98664471399997,0],[106.007725401,-5.98643871599995,0],[106.007610011,-5.98624976199994,0],[106.00753599,-5.98619245799995,0],[106.007422403,-5.98617524799994,0],[106.007254088,-5.98615509999996,0],[106.006986139,-5.98612046999995,0],[106.006757127,-5.98608988999996,0],[106.006634288,-5.98607712699993,0],[106.006527279,-5.98607536699996,0],[106.006307551,-5.98611981599993,0],[106.006155294,-5.98610870599992,0],[106.006005392,-5.98611901399994,0],[106.005799095,-5.98612081599993,0],[106.00553259,-5.98611268599996,0],[106.005234829,-5.98608183799996,0],[106.004738903,-5.98597136899997,0],[106.004523962,-5.98590838699994,0],[106.004275309,-5.98582592999998,0],[106.004100565,-5.98576026899997,0],[106.003951788,-5.98570464399995,0],[106.003620341,-5.98557449699996,0],[106.003545112,-5.98553703199997,0],[106.003407069,-5.98545094399998,0],[106.003246116,-5.98532453099995,0],[106.00298037,-5.98509862799995,0],[106.002250637,-5.98447653499994,0],[106.002050552,-5.98433757599997,0],[106.001874471,-5.98421272099995,0],[106.001421133,-5.98391037599993,0],[106.001225984,-5.98377589599994,0],[106.001069741,-5.98369589399994,0],[106.00093253,-5.98365235199998,0],[106.000817487,-5.98361640199994,0],[106.000666751,-5.98354706999993,0],[106.000535109,-5.98347276699997,0],[106.00037459,-5.98338612999993,0],[106.000251401,-5.98330062099996,0],[106.000166882,-5.98319429999998,0],[106.000100413,-5.98313219499994,0],[105.999963965,-5.98301140299998,0],[105.999903909,-5.98296988199996,0],[105.999856146,-5.98295649999994,0],[105.999759413,-5.98293953399997,0],[105.999653785,-5.98290536099995,0],[105.999612119,-5.98288114999997,0],[105.999551321,-5.98282574899997,0],[105.999526978,-5.98279109899994,0],[105.999495624,-5.98271482699994,0],[105.999457342,-5.98264377299995,0],[105.999425736,-5.98259469299995,0],[105.999382231,-5.98257413099998,0],[105.999331376,-5.98256316599998,0],[105.999265808,-5.98256475899996,0],[105.999225046,-5.98256416099997,0],[105.999157122,-5.98256579299994,0],[105.99908579,-5.98255777999998,0],[105.998984699,-5.98255136299997,0],[105.998825822,-5.98247973599996,0],[105.998648837,-5.98237007499995,0],[105.998475355,-5.98226009399997,0],[105.998237462,-5.98213831399994,0],[105.99812195,-5.98208424799998,0],[105.998059979,-5.98205569399994,0],[105.997949845,-5.98200305699993,0],[105.997884347,-5.98196983899993,0],[105.997731877,-5.98190219699995,0],[105.997620997,-5.98186216999994,0],[105.997544609,-5.98177726199998,0],[105.997390875,-5.98168774599998,0],[105.996951643,-5.98158874899997,0],[105.996570036,-5.98153531199995,0],[105.996410854,-5.98167957799996,0],[105.99626751,-5.98197946699997,0],[105.996015078,-5.98217059699994,0],[105.995836741,-5.98247444099997,0],[105.995501852,-5.98266974799998,0],[105.995326685,-5.98257667599995,0],[105.994891328,-5.98182751299993,0],[105.994518032,-5.98156513899994,0],[105.994140875,-5.98112091999997,0],[105.993915057,-5.98103475999994,0],[105.993773034,-5.98099728499994,0],[105.993868318,-5.98081523199994,0],[105.993896691,-5.98064287399995,0],[105.993819665,-5.98034626199996,0],[105.993627818,-5.98000199399996,0],[105.993512704,-5.97979160399996,0],[105.993407098,-5.97955247899995,0],[105.993332829,-5.97939951199993,0],[105.993263145,-5.97925598799998,0],[105.99310618,-5.97913073099994,0],[105.993023769,-5.97906496799993,0],[105.992973179,-5.97901449999995,0],[105.992717257,-5.97875919799998,0],[105.992439654,-5.97857781899995,0],[105.992305607,-5.97847276199997,0],[105.992219556,-5.97847291799997,0],[105.992105167,-5.97866457699996,0],[105.991932927,-5.97858830699994,0],[105.991846703,-5.97849273699995,0],[105.991798673,-5.97836837899996,0],[105.991771539,-5.97824270799993,0],[105.991769748,-5.97823441399993,0],[105.991771633,-5.97822360999993,0],[105.991870486,-5.97810197099994,0],[105.991935402,-5.97802209199995,0],[105.991939533,-5.97802118899995,0],[105.991950278,-5.97801466699997,0],[105.991956877,-5.97800487899997,0],[105.991964644,-5.97800262999993,0],[105.99197358,-5.97800791899994,0],[105.991981734,-5.97800972099998,0],[105.991989106,-5.97800803299998,0],[105.99199686,-5.97800240999993,0],[105.992004996,-5.97799285099995,0],[105.992011323,-5.97798244599994,0],[105.992015839,-5.97797119999996,0],[105.992020803,-5.97796364399994,0],[105.992026216,-5.97795977699997,0],[105.9920322,-5.97795077999996,0],[105.992038754,-5.97793665099994,0],[105.992044421,-5.97792769799997,0],[105.992049202,-5.97792391899998,0],[105.992060699,-5.97790592399997,0],[105.992078914,-5.97787371299995,0],[105.992088666,-5.97785311499996,0],[105.992089958,-5.97784413099993,0],[105.99209682,-5.97783063499998,0],[105.992109253,-5.97781262699993,0],[105.9921209,-5.97778225399998,0],[105.99213176,-5.97773951699997,0],[105.99214034,-5.97771381299998,0],[105.99214664,-5.97770514599995,0],[105.992148991,-5.97769502399996,0],[105.992147391,-5.97768344699995,0],[105.992149952,-5.97767315999994,0],[105.992156674,-5.97766416299993,0],[105.992159851,-5.97765433299998,0],[105.992159482,-5.97764367099995,0],[105.992161252,-5.97763592699994,0],[105.992165162,-5.97763110399995,0],[105.992172741,-5.97762875699993,0],[105.992183987,-5.97762888999995,0],[105.992193679,-5.97762382899998,0],[105.992201815,-5.97761357399997,0],[105.992211963,-5.97760550599997,0],[105.992224125,-5.97759962399994,0],[105.992240155,-5.97757981199993,0],[105.992260057,-5.97754607199994,0],[105.992277757,-5.97751907999998,0],[105.992293257,-5.97749883499995,0],[105.992303923,-5.97748196499998,0],[105.992309758,-5.97746846899997,0],[105.992319344,-5.97745047399997,0],[105.992332682,-5.97742798099995,0],[105.992340634,-5.97741223499997,0],[105.992343199,-5.97740323799997,0],[105.992351973,-5.97739321199998,0],[105.992366954,-5.97738215799995,0],[105.992376913,-5.97737059499997,0],[105.992381851,-5.97735852299996,0],[105.992388502,-5.97734961499998,0],[105.992396868,-5.97734387399993,0],[105.99240775,-5.97734198899997,0],[105.992421149,-5.97734396099997,0],[105.992429773,-5.97734040099994,0],[105.992433622,-5.97733130599994,0],[105.992443792,-5.97732609199994,0],[105.992460284,-5.97732475599997,0],[105.99247078,-5.97732539799995,0],[105.992475279,-5.97732801599994,0],[105.992484276,-5.97732630499996,0],[105.992497773,-5.97732026399996,0],[105.992504314,-5.97731399999998,0],[105.992503901,-5.97730751099994,0],[105.992509525,-5.97730249799997,0],[105.992521184,-5.97729896099997,0],[105.992530243,-5.97729798099994,0],[105.992536701,-5.97729955899996,0],[105.992548818,-5.97729544799995,0],[105.992566593,-5.97728565099993,0],[105.992586728,-5.97726950899994,0],[105.992609221,-5.97724701899995,0],[105.992621522,-5.97723345099996,0],[105.99262363,-5.97722880299995,0],[105.992633727,-5.97722005799994,0],[105.992651809,-5.97720721699994,0],[105.992676877,-5.97718167599993,0],[105.99270893,-5.97714343699994,0],[105.992730813,-5.97712005399995,0],[105.992742526,-5.97711152699998,0],[105.992760121,-5.97709128199995,0],[105.992783599,-5.97705932099996,0],[105.992795839,-5.97703986699997,0],[105.99279684,-5.97703292199998,0],[105.992802415,-5.97702729799994,0],[105.992812563,-5.97702299699995,0],[105.992819782,-5.97701409899997,0],[105.992824069,-5.97700060299996,0],[105.992829266,-5.97699135499994,0],[105.992835374,-5.97698635499995,0],[105.992838471,-5.97697735799994,0],[105.992838558,-5.97696436299998,0],[105.992842807,-5.97695388899996,0],[105.992851215,-5.97694593699993,0],[105.99285567,-5.97693893899998,0],[105.992856172,-5.97693289399996,0],[105.992851522,-5.97692869099996,0],[105.992848127,-5.97692562299994,0],[105.992831538,-5.97691712699998,0],[105.992823415,-5.97691120199994,0],[105.992823758,-5.97690784999998,0],[105.992834051,-5.97691010399996,0],[105.992854295,-5.97691796299995,0],[105.992857993,-5.97691972399997,0],[105.992873415,-5.97692706599997,0],[105.992891409,-5.97693741199993,0],[105.99290517,-5.97693601999993,0],[105.992914694,-5.97692288799993,0],[105.992905696,-5.97690743299995,0],[105.992879211,-5.97689032099993,0],[105.992878177,-5.97688965299994,0],[105.992859462,-5.97687596599997,0],[105.992849551,-5.97686637099997,0],[105.9928518,-5.97686514699996,0],[105.99286621,-5.97687229499996,0],[105.99287381,-5.97687797599997,0],[105.992874601,-5.97688218799993,0],[105.99288157,-5.97688705199994,0],[105.992883599,-5.97688846899996,0],[105.992900802,-5.97689681699995,0],[105.9929229,-5.97688647899997,0],[105.992949893,-5.97685745699994,0],[105.992965467,-5.97683793499993,0],[105.992969624,-5.97682791399995,0],[105.99297761,-5.97681503099994,0],[105.992989428,-5.97679928499997,0],[105.99299694,-5.97678525999993,0],[105.993000148,-5.97677295399996,0],[105.993010168,-5.97675383499995,0],[105.993027004,-5.97672790099995,0],[105.993036532,-5.97670699999998,0],[105.993038756,-5.97669113199993,0],[105.993042116,-5.97668136099998,0],[105.993046615,-5.97667768899993,0],[105.993052186,-5.97666762799997,0],[105.993066402,-5.97663395799998,0],[105.993074245,-5.97662120599995,0],[105.993079231,-5.97660883499998,0],[105.993083975,-5.97659259299996,0],[105.99309097,-5.97657659999993,0],[105.993100213,-5.97656085399996,0],[105.993111732,-5.97654462699995,0],[105.993125527,-5.97652791899998,0],[105.993135118,-5.97651333399995,0],[105.993140504,-5.97650086999994,0],[105.993145389,-5.97649356899996,0],[105.993149774,-5.97649142899996,0],[105.993155432,-5.97648390299997,0],[105.993162365,-5.97647099199997,0],[105.993169205,-5.97646202899995,0],[105.993175953,-5.97645701699997,0],[105.993180452,-5.97645047699996,0],[105.993182701,-5.97644241199993,0],[105.99318727,-5.97643560599994,0],[105.993194159,-5.97643006199996,0],[105.9932019,-5.97641723099997,0],[105.993210493,-5.97639711499994,0],[105.993217452,-5.97638608099993,0],[105.993222777,-5.97638412999993,0],[105.99323303,-5.97637399499996,0],[105.993248213,-5.97635567499998,0],[105.993256091,-5.97634442999993,0],[105.993256662,-5.97634026099996,0],[105.993264535,-5.97633582099996,0],[105.993279709,-5.97633111199997,0],[105.993291795,-5.97632483999996,0],[105.993300792,-5.97631700699998,0],[105.993306148,-5.97631484799996,0],[105.993307861,-5.97631836299996,0],[105.993321107,-5.97631647799994,0],[105.993345885,-5.97630919399995,0],[105.993360013,-5.97630254199993,0],[105.993363493,-5.97629652399996,0],[105.993374946,-5.97629319299995,0],[105.993394373,-5.97629255199996,0],[105.993410879,-5.97629001499996,0],[105.993424463,-5.97628558199995,0],[105.993435754,-5.97627884299993,0],[105.993444751,-5.97626979699993,0],[105.993451614,-5.97626634599993,0],[105.99345634,-5.97626848999994,0],[105.993466362,-5.97626741199997,0],[105.993481677,-5.97626310999993,0],[105.993489088,-5.97625939099993,0],[105.993488596,-5.97625625499995,0],[105.993497128,-5.97625335099997,0],[105.993514684,-5.97625067999996,0],[105.993524028,-5.97624623999997,0],[105.993525161,-5.97624003299995,0],[105.993530596,-5.97623833899996,0],[105.993540332,-5.97624115999997,0],[105.993547079,-5.97623798699993,0],[105.99355084,-5.97622882299993,0],[105.993558278,-5.97622432499998,0],[105.993569393,-5.97622449199997,0],[105.993576141,-5.97622194999997,0],[105.993578522,-5.97621669999995,0],[105.993584211,-5.97621434499996,0],[105.993593208,-5.97621488499993,0],[105.99360529,-5.97621105299993,0],[105.993620456,-5.97620284599998,0],[105.993636202,-5.97620108499996,0],[105.993652527,-5.97620576799994,0],[105.993666313,-5.97620569899993,0],[105.99367756,-5.97620087999996,0],[105.993684233,-5.97619479899993,0],[105.993686333,-5.97618745799997,0],[105.993698669,-5.97617602499997,0],[105.993721242,-5.97616049899995,0],[105.993737836,-5.97615122499997,0],[105.993748449,-5.97614820299998,0],[105.993759732,-5.97614305399998,0],[105.993771681,-5.97613577799996,0],[105.993787778,-5.97612845899994,0],[105.993808022,-5.97612109599993,0],[105.993820394,-5.97611801199997,0],[105.993824893,-5.97611920599996,0],[105.993835573,-5.97611450599993,0],[105.993852434,-5.97610390999995,0],[105.993863681,-5.97609845499994,0],[105.993869313,-5.97609814399993,0],[105.993878916,-5.97609360699994,0],[105.993892492,-5.97608484699998,0],[105.993900268,-5.97607712999996,0],[105.993902245,-5.97607045699993,0],[105.993900738,-5.97606296399994,0],[105.993899065,-5.97606017699997,0],[105.993895747,-5.97605465199996,0],[105.993894719,-5.97604741999993,0],[105.993897654,-5.97604126999994,0],[105.993906994,-5.97604228699993,0],[105.993916399,-5.97604717599995,0],[105.993922739,-5.97605047199994,0],[105.993935475,-5.97604870599997,0],[105.993945202,-5.97603698899997,0],[105.99395195,-5.97602380699993,0],[105.99395572,-5.97600915999993,0],[105.993960978,-5.97599999099998,0],[105.993967727,-5.97599630099995,0],[105.993971039,-5.97599125199997,0],[105.993970916,-5.97598484699995,0],[105.99397654,-5.97598286999994,0],[105.993987909,-5.97598532199993,0],[105.993996709,-5.97598082299993,0],[105.994002938,-5.97596937399993,0],[105.994007226,-5.97595802599994,0],[105.994009572,-5.97594677999996,0],[105.994015455,-5.97593799699996,0],[105.994024874,-5.97593167999997,0],[105.994036482,-5.97591495699993,0],[105.994050276,-5.97588782899993,0],[105.994055899,-5.97587168999996,0],[105.994053352,-5.97586654099996,0],[105.994044205,-5.97586026099998,0],[105.994028459,-5.97585284899998,0],[105.994017213,-5.97584929899995,0],[105.994010465,-5.97584961199993,0],[105.994001819,-5.97584639799993,0],[105.993991274,-5.97583965899997,0],[105.993984118,-5.97583704699997,0],[105.993980348,-5.97583856199998,0],[105.993973877,-5.97583504099993,0],[105.993964704,-5.97582648299993,0],[105.993959534,-5.97582382899998,0],[105.993956528,-5.97582228599993,0],[105.993949349,-5.97582244799997,0],[105.993946103,-5.97581844599995,0],[105.993946789,-5.97581027899997,0],[105.993951054,-5.97580075399998,0],[105.993958901,-5.97578987099996,0],[105.993964053,-5.97578003499996,0],[105.993966514,-5.97577124399993,0],[105.993975564,-5.97575644099993,0],[105.993991204,-5.97573562499997,0],[105.994002165,-5.97571654599994,0],[105.994008448,-5.97569920099994,0],[105.994013838,-5.97569059699993,0],[105.994018337,-5.97569073299996,0],[105.99402701,-5.97569635899993,0],[105.994039856,-5.97570747299994,0],[105.99405717,-5.97571788499994,0],[105.994078951,-5.97572759499997,0],[105.994086224,-5.97573144399996,0],[105.994096146,-5.97573669499997,0],[105.994108755,-5.97574518799996,0],[105.994117519,-5.97574879199993,0],[105.99412244,-5.97574750899997,0],[105.994126534,-5.97574105299998,0],[105.994129803,-5.97572942499994,0],[105.994134473,-5.97571989599993,0],[105.994140545,-5.97571246699994,0],[105.99414391,-5.97570274599997,0],[105.994144569,-5.97569073499994,0],[105.994143357,-5.97567798099993,0],[105.994140273,-5.97566448499992,0],[105.994140404,-5.97565070599995,0],[105.994143752,-5.97563664299997,0],[105.994153764,-5.97562989499994,0],[105.994170441,-5.97563046199997,0],[105.994183103,-5.97562287199997,0],[105.994191749,-5.97560712699993,0],[105.994202375,-5.97559544499995,0],[105.994214984,-5.97558782699997,0],[105.99422262,-5.97558107899994,0],[105.994225282,-5.97557520099997,0],[105.994230115,-5.97557348999993,0],[105.994237118,-5.97557594499995,0],[105.994247469,-5.97557398399994,0],[105.994261167,-5.97556760499998,0],[105.994270265,-5.97556491599994,0],[105.994274764,-5.97556591799997,0],[105.994283445,-5.97556306499996,0],[105.994296308,-5.97555635599997,0],[105.994307555,-5.97555270499993,0],[105.994317185,-5.97555211199995,0],[105.99433887,-5.97554780699994,0],[105.994372611,-5.97553978899998,0],[105.994402977,-5.97553034499992,0],[105.994429969,-5.97551947699998,0],[105.994432723,-5.97551880299994,0],[105.994449089,-5.97551479599997,0],[105.994454205,-5.97551548099995,0],[105.994460335,-5.97551630199996,0],[105.994472707,-5.97551397199993,0],[105.994477179,-5.97551192799995,0],[105.994486203,-5.97550780399996,0],[105.99449745,-5.97550637299997,0],[105.994502083,-5.97550807699997,0],[105.994506447,-5.97550968199994,0],[105.994523318,-5.97550872199997,0],[105.99454806,-5.97550349399995,0],[105.994568239,-5.97550192099993,0],[105.994583853,-5.97550400399996,0],[105.994611315,-5.97550450699993,0],[105.994650626,-5.97550343099994,0],[105.994682182,-5.97550493699993,0],[105.994705986,-5.97550902699993,0],[105.99472626,-5.97551000099998,0],[105.994743008,-5.97550785599998,0],[105.99476055,-5.97550065999997,0],[105.994778888,-5.97548841199995,0],[105.994788772,-5.97547805299996,0],[105.994790204,-5.97546958199996,0],[105.994794031,-5.97546237899996,0],[105.994800252,-5.97545644399997,0],[105.994812399,-5.97545393099995,0],[105.994830473,-5.97545483999994,0],[105.994845287,-5.97545099199994,0],[105.994856842,-5.97544238499995,0],[105.994862425,-5.97543403399993,0],[105.994862039,-5.97542593699995,0],[105.99486482,-5.97542196799998,0],[105.994870769,-5.97542212599996,0],[105.994884194,-5.97541353799994,0],[105.994905098,-5.97539620099997,0],[105.994927416,-5.97538365399993,0],[105.994951148,-5.97537589599995,0],[105.994965435,-5.97536993799997,0],[105.994970276,-5.97536578299997,0],[105.994984062,-5.97535960999994,0],[105.995006793,-5.97535142099997,0],[105.995021818,-5.97534340099998,0],[105.995029137,-5.97533554999995,0],[105.995045168,-5.97532375199995,0],[105.995069911,-5.97530800599998,0],[105.995084532,-5.97530053599996,0],[105.99508903,-5.97530133899994,0],[105.995099153,-5.97529422199995,0],[105.995114898,-5.97527918499998,0],[105.99512727,-5.97527272799994,0],[105.995136267,-5.97527485499995,0],[105.995149535,-5.97526700599997,0],[105.995167073,-5.97524918299996,0],[105.995178319,-5.97524023599993,0],[105.995183275,-5.97524016599994,0],[105.995190959,-5.97523501899997,0],[105.995201371,-5.97522479499997,0],[105.995215034,-5.97521447999998,0],[105.995231949,-5.97520407299993,0],[105.995240959,-5.97519549499998,0],[105.995241736,-5.97519075999998,0],[105.995242066,-5.97518874699995,0],[105.99524823,-5.97518466499997,0],[105.995251645,-5.97518423399993,0],[105.99525945,-5.97518324999993,0],[105.995273228,-5.97517662499996,0],[105.995289562,-5.97516478999995,0],[105.995301547,-5.97515392999998,0],[105.995305568,-5.97514872399995,0],[105.995309182,-5.97514404499998,0],[105.995314929,-5.97514032199996,0],[105.995316662,-5.97514141799996,0],[105.995318785,-5.97514275999993,0],[105.995328587,-5.97513774899994,0],[105.995344332,-5.97512528999994,0],[105.995361203,-5.97511574799995,0],[105.995379197,-5.97510912199994,0],[105.995395119,-5.97510078399995,0],[105.995408966,-5.97509073299994,0],[105.995420213,-5.97508555299993,0],[105.995428859,-5.97508524499995,0],[105.995439934,-5.97507979499994,0],[105.995453439,-5.97506920399996,0],[105.995469185,-5.97506004499996,0],[105.995487171,-5.97505232299994,0],[105.995499543,-5.97504332499994,0],[105.995505743,-5.97503389899992,0],[105.995506299,-5.97503305399994,0],[105.99552092,-5.97502295299995,0],[105.995543405,-5.97501302399996,0],[105.995548164,-5.97501172399996,0],[105.995563645,-5.97500749699998,0],[105.99558164,-5.97500637299993,0],[105.995599635,-5.97500907299997,0],[105.995617629,-5.97501559699998,0],[105.995626952,-5.97501694799996,0],[105.995627602,-5.97501312499998,0],[105.995637087,-5.97501265299996,0],[105.995655407,-5.97501552999995,0],[105.995677909,-5.97502645499998,0],[105.995704594,-5.97504542499996,0],[105.995724012,-5.97505749799996,0],[105.995736165,-5.97506267299997,0],[105.995747077,-5.97506934799998,0],[105.995756751,-5.97507752399997,0],[105.995768336,-5.97508108299996,0],[105.995781832,-5.97508002399996,0],[105.995795329,-5.97507438999997,0],[105.995808825,-5.97506417999995,0],[105.995813134,-5.97505578399995,0],[105.995808258,-5.97504920299997,0],[105.995804884,-5.97503940799993,0],[105.995803012,-5.97502639999993,0],[105.995798703,-5.97501779499993,0],[105.995791954,-5.97501359499995,0],[105.995783137,-5.97500304899995,0],[105.995772251,-5.97498615799998,0],[105.995761157,-5.97497661299997,0],[105.995749858,-5.97497441599995,0],[105.99574774,-5.97496528899995,0],[105.995754805,-5.97494923199997,0],[105.995756479,-5.97493434499995,0],[105.995756327,-5.97493378499996,0],[105.995752762,-5.97492062999993,0],[105.995759189,-5.97491194999998,0],[105.995951861,-5.97470188899996,0],[105.995944638,-5.97469764399995,0],[105.9959443,-5.97468954499993,0],[105.995950846,-5.97467759099993,0],[105.99595429,-5.97466509299994,0],[105.995954633,-5.97465204799994,0],[105.995956838,-5.97464215299993,0],[105.995960907,-5.97463540499996,0],[105.995963722,-5.97462528299997,0],[105.995965286,-5.97461178699996,0],[105.995969293,-5.97460053999993,0],[105.995975743,-5.97459154299997,0],[105.995978405,-5.97458254499998,0],[105.99597728,-5.97457354799997,0],[105.995980088,-5.97455871799997,0],[105.995986827,-5.97453805699996,0],[105.995991818,-5.97452793499997,0],[105.99599506,-5.97452835199994,0],[105.995997951,-5.97451731399997,0],[105.99600049,-5.97449482099995,0],[105.996009066,-5.97445545699998,0],[105.996023677,-5.97439922299998,0],[105.996032473,-5.97436885599996,0],[105.996035452,-5.97436435699996,0],[105.996038698,-5.97434835499996,0],[105.996042213,-5.97432084899998,0],[105.996046478,-5.97430155399996,0],[105.996051496,-5.97429046899992,0],[105.996057466,-5.97428181499993,0],[105.99606439,-5.97427558899994,0],[105.996068656,-5.97426676799995,0],[105.996070264,-5.97425534899998,0],[105.996073778,-5.97424537299997,0],[105.9960792,-5.97423683599993,0],[105.996081497,-5.97422203099995,0],[105.996080671,-5.97420095699994,0],[105.996082693,-5.97418672399994,0],[105.996087561,-5.97417933499997,0],[105.996093421,-5.97416607799994,0],[105.99611349,-5.97407160199998,0],[105.996150714,-5.97389636699995,0],[105.996152699,-5.97386262599997,0],[105.996152497,-5.97381772299997,0],[105.996153912,-5.97378877099993,0],[105.996156943,-5.97377577099996,0],[105.996158525,-5.97374090599993,0],[105.996158657,-5.97368417599995,0],[105.996160322,-5.97364793799994,0],[105.99616352,-5.97363219199997,0],[105.996164333,-5.97361752799998,0],[105.99616276,-5.97360394299994,0],[105.996165347,-5.97358697199996,0],[105.996172096,-5.97356661399994,0],[105.996173936,-5.97355203699993,0],[105.99617087,-5.97354324199995,0],[105.996170145,-5.97352534799995,0],[105.996171762,-5.97349835499995,0],[105.99617141,-5.97348260999996,0],[105.99616909,-5.97347811099996,0],[105.99617,-5.97347042299998,0],[105.996174138,-5.97345954499997,0],[105.996174731,-5.97344812999995,0],[105.996171779,-5.97343617499996,0],[105.996172394,-5.97341911999996,0],[105.996176577,-5.97339696499995,0],[105.996181383,-5.97338462299996,0],[105.996186813,-5.97338209199995,0],[105.996199795,-5.97339024999997,0],[105.996220329,-5.97340909799993,0],[105.996221117,-5.97341026399994,0],[105.996228949,-5.97342184599995,0],[105.996225654,-5.97342849799998,0],[105.996227793,-5.97343271099993,0],[105.996235367,-5.97343448599997,0],[105.996240723,-5.97343199999995,0],[105.99624386,-5.97342525199997,0],[105.996241259,-5.97341080599995,0],[105.99623292,-5.97338866399997,0],[105.996233391,-5.97337625999995,0],[105.996242669,-5.97337359299996,0],[105.996248807,-5.97336925699994,0],[105.996251802,-5.97336325099997,0],[105.996247998,-5.97335382099993,0],[105.996237393,-5.97334096599997,0],[105.996229805,-5.97333775499993,0],[105.996225237,-5.97334418599996,0],[105.996222328,-5.97333649199993,0],[105.996221081,-5.97331466999998,0],[105.996218229,-5.97330294199998,0],[105.996213774,-5.97330130899996,0],[105.996210669,-5.97329008099996,0],[105.996208911,-5.97326926199997,0],[105.996209184,-5.97324420399997,0],[105.996211486,-5.97321491099996,0],[105.996210036,-5.97319611299997,0],[105.996204834,-5.97318781499996,0],[105.99620454,-5.97318309699995,0],[105.996209153,-5.97318195799994,0],[105.996210497,-5.97317611999995,0],[105.996208573,-5.97316557999994,0],[105.996200371,-5.97315822099995,0],[105.996185891,-5.97315404299997,0],[105.996181678,-5.97314633099995,0],[105.996187731,-5.97313508499997,0],[105.996182253,-5.97312027899994,0],[105.996177153,-5.97311477399995,0],[105.996165242,-5.97310191499997,0],[105.996133988,-5.97299962699998,0],[105.996134876,-5.97298974099994,0],[105.996144154,-5.97298069999994,0],[105.996146847,-5.97297363099995,0],[105.996142955,-5.97296853499995,0],[105.996142322,-5.97295287099996,0],[105.99614495,-5.97292663899998,0],[105.996144212,-5.97291178999996,0],[105.996144049,-5.97290850799993,0],[105.996143169,-5.97290651499998,0],[105.99613962,-5.97289847799993,0],[105.996141037,-5.97289573199993,0],[105.996146316,-5.97288549999996,0],[105.996164135,-5.97286957499995,0],[105.996179121,-5.97286124699997,0],[105.996191272,-5.97286051799995,0],[105.996196412,-5.97286677999995,0],[105.996194541,-5.97288003499995,0],[105.99619802,-5.97288667499993,0],[105.996206851,-5.97288670199993,0],[105.996210014,-5.97289098999994,0],[105.99620751,-5.97289953899997,0],[105.99619578,-5.97290121099996,0],[105.996174824,-5.97289600499994,0],[105.996162628,-5.97289841199995,0],[105.996159193,-5.97290843299993,0],[105.996163089,-5.97291234799997,0],[105.996174319,-5.97291015599995,0],[105.996184942,-5.97291529699993,0],[105.996194959,-5.97292777499996,0],[105.996200626,-5.97292889099998,0],[105.996201944,-5.97291864599993,0],[105.996199136,-5.97291233799996,0],[105.996192204,-5.97290997099998,0],[105.996194396,-5.97290774299995,0],[105.996205713,-5.97290565699996,0],[105.99621146,-5.97290240799992,0],[105.996211635,-5.97289799699996,0],[105.996216929,-5.97289495099994,0],[105.996227341,-5.97289326799995,0],[105.996230531,-5.97289533499998,0],[105.996226497,-5.97290115199996,0],[105.996224586,-5.97291091299996,0],[105.996224797,-5.97292461999996,0],[105.996229736,-5.97292136199997,0],[105.996239401,-5.97290113999998,0],[105.996240793,-5.97288877899996,0],[105.996233914,-5.97288428099995,0],[105.996232507,-5.97287982199992,0],[105.996236575,-5.97287540199994,0],[105.996236483,-5.97286849199998,0],[105.99623223,-5.97285908999993,0],[105.9962234,-5.97285096899998,0],[105.996209992,-5.97284412899995,0],[105.996204992,-5.97283641899998,0],[105.996208401,-5.97282783899993,0],[105.996205981,-5.97282351299998,0],[105.996197731,-5.97282344299992,0],[105.996196975,-5.97281778899998,0],[105.996203714,-5.97280655099996,0],[105.996203714,-5.97279980299993,0],[105.996196975,-5.97279754499993,0],[105.99619357,-5.97278934199994,0],[105.996193499,-5.97277519599993,0],[105.996191215,-5.97276735899993,0],[105.996186717,-5.97276582899997,0],[105.996184814,-5.97275944199993,0],[105.996185508,-5.97274819499995,0],[105.996182178,-5.97274144699998,0],[105.996174824,-5.97273919799994,0],[105.996173326,-5.97274254299998,0],[105.996177684,-5.97275148299997,0],[105.996175329,-5.97275141999995,0],[105.996166261,-5.97274235199995,0],[105.996160954,-5.97273142599994,0],[105.996159408,-5.97271864199996,0],[105.996151597,-5.97270503599998,0],[105.99613752,-5.97269060799994,0],[105.996132732,-5.97267929499998,0],[105.99613723,-5.97267109799998,0],[105.996135952,-5.97266242799998,0],[105.996128896,-5.97265328499998,0],[105.996123273,-5.97265464499998,0],[105.996119082,-5.97266650699993,0],[105.996110362,-5.97267647499996,0],[105.996097111,-5.97268454999994,0],[105.996096261,-5.97268534199998,0],[105.996085865,-5.97269502799998,0],[105.996076621,-5.97270790899995,0],[105.996072487,-5.97270404699998,0],[105.996073462,-5.97268344299994,0],[105.996065862,-5.97267223099993,0],[105.996049686,-5.97267041299995,0],[105.996037112,-5.97266527699998,0],[105.996028141,-5.97265682299997,0],[105.996023484,-5.97264922299996,0],[105.996023142,-5.97264247499993,0],[105.996028479,-5.97263373899995,0],[105.996039498,-5.97262301499995,0],[105.996043,-5.97261152699997,0],[105.996038983,-5.97259927399995,0],[105.996032486,-5.97259113999996,0],[105.996023506,-5.97258712499996,0],[105.996021451,-5.97257611899994,0],[105.996026318,-5.97255812399993,0],[105.996026687,-5.97254350299994,0],[105.996022558,-5.97253225699995,0],[105.99602319,-5.97252438399994,0],[105.996028584,-5.97251988499994,0],[105.99602909,-5.97250829999996,0],[105.996024706,-5.97248962899994,0],[105.996019047,-5.97248072099995,0],[105.996012115,-5.97248157899998,0],[105.996010195,-5.97247741799993,0],[105.996013288,-5.97246824099994,0],[105.996013683,-5.97245802799995,0],[105.996011381,-5.97244678099997,0],[105.996006337,-5.97243687299994,0],[105.995998552,-5.97242830099998,0],[105.995997028,-5.97241705499994,0],[105.996001764,-5.97240313199995,0],[105.996004479,-5.97238267499995,0],[105.996005173,-5.97235568199994,0],[105.996001233,-5.97233431399997,0],[105.995992657,-5.97231856799993,0],[105.995988892,-5.97230507199993,0],[105.995989937,-5.97229382499995,0],[105.995987244,-5.97227809499998,0],[105.995980812,-5.97225788199995,0],[105.995982073,-5.97224326499997,0],[105.995991027,-5.97223424599997,0],[105.995993487,-5.97222546099994,0],[105.995989454,-5.97221691199996,0],[105.995990583,-5.97221145799995,0],[105.995996874,-5.97220909899994,0],[105.995999207,-5.97220212199994,0],[105.995997581,-5.97219052799994,0],[105.995993175,-5.97217676599996,0],[105.995985988,-5.97216083699993,0],[105.995986541,-5.97214958999996,0],[105.995994836,-5.97214302599997,0],[105.995995433,-5.97213005899994,0],[105.995988334,-5.97211068999997,0],[105.995985312,-5.97209682699997,0],[105.995984556,-5.97209335799994,0],[105.995984099,-5.97207806499995,0],[105.99598094,-5.97206525699994,0],[105.995975079,-5.97205493199993,0],[105.995973076,-5.97204527199995,0],[105.99597493,-5.97203627399995,0],[105.995974561,-5.97202502699997,0],[105.995971969,-5.97201153099996,0],[105.995966894,-5.97199902799997,0],[105.995959338,-5.97198751699995,0],[105.995950679,-5.97196864899996,0],[105.995940918,-5.97194241999995,0],[105.995929877,-5.97191893399997,0],[105.995917559,-5.97189818899994,0],[105.995907441,-5.97188444199998,0],[105.995899524,-5.97187769399994,0],[105.995893562,-5.97185891799995,0],[105.995889555,-5.97182811199997,0],[105.995884925,-5.97181011699996,0],[105.995879671,-5.97180493299993,0],[105.995878958,-5.97179559299997,0],[105.99588279,-5.97178209699996,0],[105.995882038,-5.97176859699994,0],[105.995877524,-5.97175716599997,0],[105.995876705,-5.97175509099998,0],[105.995867655,-5.97174798299994,0],[105.995854888,-5.97174727099997,0],[105.995851699,-5.97174147199996,0],[105.995858086,-5.97173058599998,0],[105.995861324,-5.97171767399993,0],[105.995861412,-5.97170273699993,0],[105.99586407,-5.97169054599993,0],[105.995869298,-5.97168109899997,0],[105.995872738,-5.97166175599995,0],[105.99587439,-5.97163251399996,0],[105.995876205,-5.97161692499998,0],[105.995876285,-5.97161684699995,0],[105.995878181,-5.97161498699995,0],[105.995880128,-5.97159924199997,0],[105.995882043,-5.97156968799993,0],[105.995880843,-5.97155370799993,0],[105.99587653,-5.97155130099998,0],[105.995877944,-5.97154540299994,0],[105.995885087,-5.97153601399998,0],[105.995883651,-5.97153473599997,0],[105.995878269,-5.97153840599998,0],[105.995873634,-5.97154156699997,0],[105.995858455,-5.97154380999996,0],[105.995838114,-5.97154146399993,0],[105.995827101,-5.97154247199995,0],[105.995825414,-5.97154683499997,0],[105.995819026,-5.97154928399993,0],[105.995807937,-5.97154981899996,0],[105.99580625,-5.97154454599996,0],[105.995813965,-5.97153346199997,0],[105.995815107,-5.97152229599993,0],[105.995809677,-5.97151104999995,0],[105.995811992,-5.97150043099998,0],[105.995822052,-5.97149044099996,0],[105.995835241,-5.97148503099993,0],[105.995851558,-5.97148419999996,0],[105.995859672,-5.97148694499998,0],[105.995859584,-5.97149326699997,0],[105.995864188,-5.97149541199997,0],[105.995873484,-5.97149337799993,0],[105.995876231,-5.97148799499996,0],[105.995872426,-5.97147926599996,0],[105.995876235,-5.97147498999993,0],[105.995887658,-5.97147516499996,0],[105.995889172,-5.97147385699998,0],[105.995893144,-5.97147042499995,0],[105.995892697,-5.97146076799993,0],[105.995895969,-5.97144581799995,0],[105.995902964,-5.97142557399997,0],[105.995904251,-5.97141122099993,0],[105.995900851,-5.97140471299997,0],[105.995899831,-5.97140275999993,0],[105.995901588,-5.97140034699993,0],[105.995903109,-5.97139825999994,0],[105.995914083,-5.97139772499997,0],[105.995922048,-5.97138620999993,0],[105.995927004,-5.97136371699997,0],[105.995929512,-5.97134572199997,0],[105.995929573,-5.97133222599996,0],[105.995933602,-5.97132097899993,0],[105.995941598,-5.97131198099993,0],[105.995943457,-5.97130560199997,0],[105.995939178,-5.97130184199995,0],[105.995932948,-5.97130184199995,0],[105.995924768,-5.97130560199997,0],[105.995924469,-5.97130268499996,0],[105.995932051,-5.97129308999996,0],[105.995939516,-5.97128955299996,0],[105.995946862,-5.97129207499995,0],[105.995953802,-5.97128450099996,0],[105.99596034,-5.97126683199997,0],[105.995964672,-5.97124787499996,0],[105.995966798,-5.97122763099998,0],[105.995970374,-5.97121535299993,0],[105.9959754,-5.97121104399997,0],[105.995979209,-5.97119867199996,0],[105.995981801,-5.97117823899993,0],[105.995985078,-5.97116698999997,0],[105.995989041,-5.97116492499993,0],[105.995994234,-5.97112893599996,0],[105.996000657,-5.97105902099997,0],[105.996006575,-5.97101423599997,0],[105.996011987,-5.97099457999997,0],[105.996017773,-5.97098359499995,0],[105.996023932,-5.97098127899994,0],[105.996030386,-5.97097047699998,0],[105.996037134,-5.97095118499993,0],[105.996042117,-5.97093068099997,0],[105.996045332,-5.97090895999997,0],[105.996049132,-5.97089135199997,0],[105.996053517,-5.97087785499997,0],[105.996054083,-5.97086773399997,0],[105.996050832,-5.97086098499994,0],[105.996052234,-5.97085311199993,0],[105.996058288,-5.97084411499998,0],[105.996060634,-5.97083174399995,0],[105.996059272,-5.97081599799998,0],[105.996064671,-5.97079800299997,0],[105.996076832,-5.97077775899993,0],[105.996080975,-5.97075897299993,0],[105.9960771,-5.97074164699995,0],[105.996077131,-5.97072365199995,0],[105.996081067,-5.97070498899996,0],[105.996084757,-5.97069453299997,0],[105.996088202,-5.97069228299995,0],[105.996090662,-5.97068216099996,0],[105.996092138,-5.97066416599995,0],[105.996088303,-5.97064842099996,0],[105.996079156,-5.97063492499996,0],[105.996076713,-5.97062705199994,0],[105.996080974,-5.97062480299996,0],[105.996082051,-5.97061580599996,0],[105.996079942,-5.97060005999998,0],[105.996081748,-5.97057635799996,0],[105.996087468,-5.97054469999995,0],[105.996089273,-5.97052333099998,0],[105.996087165,-5.97051225099995,0],[105.996086927,-5.97049996399994,0],[105.996088562,-5.97048646799993,0],[105.996159642,-5.97015265399995,0],[105.996363594,-5.96919483699997,0],[105.996363594,-5.96899402099996,0],[105.996363594,-5.96898925199997,0],[105.996020951,-5.96866945299996,0],[105.995830641,-5.96846856999997,0],[105.995815366,-5.96845244599996,0],[105.996139724,-5.96795343299993,0],[105.996260801,-5.96776715999994,0],[105.996774764,-5.96797274699998,0],[105.996878208,-5.96798653899998,0],[105.996925213,-5.96799280599993,0],[105.996946086,-5.96799558899994,0],[105.997037881,-5.96774941199993,0],[105.99719166,-5.96733700499993,0],[105.997197357,-5.96732172599997,0],[105.997151671,-5.96665928399995,0],[105.996340751,-5.96689913299997,0],[105.996020951,-5.96454632199993,0],[105.996152162,-5.96417455899996,0],[105.996295065,-5.96376966599996,0],[105.996365799,-5.96365514399997,0],[105.996534915,-5.96338133799998,0],[105.996791482,-5.96321324299993,0],[105.997197357,-5.96294732499996,0],[105.997262777,-5.96293347799997,0],[105.997289971,-5.96292772199996,0],[105.997386901,-5.96287718599996,0],[105.997455861,-5.96284123199996,0],[105.998280931,-5.96291998899994,0],[105.998293432,-5.96292118199995,0],[105.998294325,-5.96291403599997,0],[105.998294635,-5.96291155499995,0],[105.998301046,-5.96286026799993,0],[105.998042263,-5.96284206199994,0],[105.99774375,-5.96282105999995,0],[105.997599567,-5.96280060399994,0],[105.997574832,-5.96279842899997,0],[105.99754169,-5.96279677299998,0],[105.997518361,-5.96279308899994,0],[105.997504848,-5.96278737799997,0],[105.99748572,-5.96278334499993,0],[105.997460977,-5.96278099099993,0],[105.997444107,-5.96277743699994,0],[105.997435109,-5.96277268299997,0],[105.997419807,-5.96276951699997,0],[105.997398201,-5.96276793999994,0],[105.99737587,-5.96276743299995,0],[105.997352814,-5.96276799499998,0],[105.99733775,-5.96276660199993,0],[105.997330677,-5.96276325499997,0],[105.997322641,-5.96276277999993,0],[105.997313644,-5.96276517899997,0],[105.997302397,-5.96276292499994,0],[105.997288901,-5.96275601999997,0],[105.997276529,-5.96275295499993,0],[105.997265283,-5.96275373199995,0],[105.997251229,-5.96275051399994,0],[105.997234368,-5.96274330099993,0],[105.997222699,-5.96273350599995,0],[105.997216223,-5.96272112999998,0],[105.997214712,-5.96270481999994,0],[105.997218165,-5.96268457599996,0],[105.997221737,-5.96267107899996,0],[105.997225427,-5.96266433199997,0],[105.997227773,-5.96265420999993,0],[105.997228775,-5.96264071399997,0],[105.997231713,-5.96263218199994,0],[105.997236591,-5.96262861399993,0],[105.997241195,-5.96262074099997,0],[105.997245526,-5.96260856399994,0],[105.997248434,-5.96258772599998,0],[105.99724992,-5.96255822899997,0],[105.99725354,-5.96253685999994,0],[105.997259295,-5.96252361999996,0],[105.997270542,-5.96251229799998,0],[105.99728728,-5.96250289599993,0],[105.997307054,-5.96249630599993,0],[105.997329863,-5.96249252799993,0],[105.997343478,-5.96247935299994,0],[105.997347898,-5.96245677999997,0],[105.99735437,-5.96240217299993,0],[105.997361791,-5.96233955699995,0],[105.997361821,-5.96233929999994,0],[105.997371442,-5.96231433699995,0],[105.997384481,-5.96228690599997,0],[105.997391923,-5.96226668099996,0],[105.997393768,-5.96225366399995,0],[105.997399871,-5.96223588899994,0],[105.99741023,-5.96221335499996,0],[105.997415537,-5.96219758999996,0],[105.997415792,-5.96218859199996,0],[105.997426204,-5.96216272499993,0],[105.997446773,-5.96211998699994,0],[105.997457699,-5.96209299499998,0],[105.997458982,-5.96208174799995,0],[105.997462417,-5.96207267599993,0],[105.997468006,-5.96206577899994,0],[105.99747301,-5.96205464699995,0],[105.997477429,-5.96203927799996,0],[105.997485587,-5.96201910899993,0],[105.997497484,-5.96199413799997,0],[105.997508696,-5.96196463199993,0],[105.997519223,-5.96193059299998,0],[105.997527649,-5.96190809899997,0],[105.997533975,-5.96189715199995,0],[105.99753817,-5.96188605399993,0],[105.997540236,-5.96187480699996,0],[105.997546219,-5.96186216299998,0],[105.997556122,-5.96184812299992,0],[105.997562334,-5.96183462699997,0],[105.997564856,-5.96182167499995,0],[105.997569266,-5.96180957599995,0],[105.997575566,-5.96179832999997,0],[105.997578742,-5.96178827099993,0],[105.997578796,-5.96177940099994,0],[105.997581203,-5.96177152799993,0],[105.997585966,-5.96176465299993,0],[105.997591492,-5.96174434499994,0],[105.997597783,-5.96171060499995,0],[105.99760671,-5.96169247099994,0],[105.997618273,-5.96168994499993,0],[105.997623976,-5.96168552299997,0],[105.997623818,-5.96167920599993,0],[105.997627556,-5.96166620999998,0],[105.997635192,-5.96164653699998,0],[105.997639317,-5.96163183999994,0],[105.997639933,-5.96162211699993,0],[105.997645191,-5.96160863899996,0],[105.997655094,-5.96159140399993,0],[105.997662667,-5.96156891099997,0],[105.997667913,-5.96154115799993,0],[105.997674235,-5.96152390799995,0],[105.997681633,-5.96151715999997,0],[105.997689462,-5.96149724599996,0],[105.997697721,-5.96146416399995,0],[105.997701521,-5.96144398599995,0],[105.997700862,-5.96143670999993,0],[105.997703907,-5.96142996599997,0],[105.997710655,-5.96142375499994,0],[105.99771178,-5.96141846499995,0],[105.997707282,-5.96141409799998,0],[105.997710123,-5.96140589199996,0],[105.997720307,-5.96139384499998,0],[105.997725948,-5.96138109199995,0],[105.997727046,-5.96136763099997,0],[105.997731466,-5.96135638399994,0],[105.997739207,-5.96134735099997,0],[105.997742867,-5.96133976399994,0],[105.997742445,-5.96133362199993,0],[105.997746869,-5.96132462499997,0],[105.997756139,-5.96131277199993,0],[105.997763814,-5.96129886899996,0],[105.997769895,-5.96128291799994,0],[105.997772161,-5.96126829699995,0],[105.997770615,-5.96125500699998,0],[105.997771634,-5.96124516299994,0],[105.997786008,-5.96122236299993,0],[105.997788289,-5.96120365999997,0],[105.99779444,-5.96118931599995,0],[105.99780522,-5.96117309599992,0],[105.997812333,-5.96115699699993,0],[105.997815777,-5.96114101899997,0],[105.997822358,-5.96113037199996,0],[105.997832076,-5.96112505599996,0],[105.997839369,-5.96111452499997,0],[105.997844237,-5.96109877999993,0],[105.997847251,-5.96107590399993,0],[105.99784841,-5.96104589799995,0],[105.99785124,-5.96103059799998,0],[105.997855739,-5.96103000499994,0],[105.997861362,-5.96102441399995,0],[105.99786811,-5.96101382699993,0],[105.997878233,-5.96100711599996,0],[105.997891729,-5.96100428199998,0],[105.997898393,-5.96100117199995,0],[105.997898226,-5.96099778499996,0],[105.997907224,-5.96099326599995,0],[105.997925385,-5.96098761699994,0],[105.997950212,-5.96098277099998,0],[105.997981703,-5.96097872899998,0],[105.997999565,-5.96097363699994,0],[105.9980038,-5.96096749499998,0],[105.998018421,-5.96096382299993,0],[105.998043428,-5.96096261899993,0],[105.998057056,-5.96096082699995,0],[105.998059306,-5.96095844499996,0],[105.998073606,-5.96095275199997,0],[105.998099956,-5.96094374499995,0],[105.998124168,-5.96094063699996,0],[105.99814624,-5.96094342699996,0],[105.998164555,-5.96094758499993,0],[105.998179115,-5.96095311199997,0],[105.998189078,-5.96094957799994,0],[105.998194447,-5.96093698199996,0],[105.998201195,-5.96092657599996,0],[105.998209323,-5.96091836099993,0],[105.998217885,-5.96091507999995,0],[105.998226883,-5.96091673099994,0],[105.998237005,-5.96091434099998,0],[105.998248251,-5.96090790999995,0],[105.998260622,-5.96090461499995,0],[105.998274119,-5.96090445699997,0],[105.998281812,-5.96090264799994,0],[105.998283701,-5.96089919099995,0],[105.998293823,-5.96089571799996,0],[105.998312177,-5.96089222999996,0],[105.998324347,-5.96088847599998,0],[105.998330331,-5.96088445599997,0],[105.998339328,-5.96088243499997,0],[105.99835134,-5.96088241299998,0],[105.998366127,-5.96087920399998,0],[105.998383692,-5.96087280699993,0],[105.998416308,-5.96086355299997,0],[105.998463974,-5.96085144099993,0],[105.998493739,-5.96084490799996,0],[105.9985056,-5.96084395399993,0],[105.998530344,-5.96083602199997,0],[105.998567967,-5.96082111199996,0],[105.998592604,-5.96081303399995,0],[105.998604256,-5.96081179099997,0],[105.998617752,-5.96080811199994,0],[105.998633094,-5.96080199699998,0],[105.998644138,-5.96079941499994,0],[105.998650886,-5.96080036899997,0],[105.998662094,-5.96079571699994,0],[105.99867776,-5.96078545799998,0],[105.998685852,-5.96077587099995,0],[105.99868637,-5.96076695799997,0],[105.998689784,-5.96076406699996,0],[105.998696093,-5.96076719999996,0],[105.998702696,-5.96076502499994,0],[105.998709594,-5.96075754299994,0],[105.998718908,-5.96075483599998,0],[105.998721965,-5.96075394699994,0],[105.998739811,-5.96075423799994,0],[105.998753231,-5.96075066299994,0],[105.998762229,-5.96074322499993,0],[105.998763354,-5.96073721999994,0],[105.998756606,-5.96073264699993,0],[105.998748289,-5.96073096799995,0],[105.998738404,-5.96073218499993,0],[105.998724908,-5.96072907099995,0],[105.998707801,-5.96072162299993,0],[105.998700372,-5.96071206399995,0],[105.998702621,-5.96070039099993,0],[105.998701998,-5.96069242099998,0],[105.9986985,-5.96068815599995,0],[105.998699858,-5.96067814999998,0],[105.99870607,-5.96066240399995,0],[105.998709949,-5.96064677999993,0],[105.998711496,-5.96063127599996,0],[105.998716135,-5.96061815499996,0],[105.998723867,-5.96060741899993,0],[105.99873507,-5.96059701299993,0],[105.998749744,-5.96058693899994,0],[105.998759492,-5.96058172399995,0],[105.998764316,-5.96058136899995,0],[105.998768305,-5.96057365799993,0],[105.99877146,-5.96055859299997,0],[105.998770958,-5.96054768799996,0],[105.998766802,-5.96054093999993,0],[105.998765225,-5.96052991199997,0],[105.998766227,-5.96051460599995,0],[105.998764479,-5.96050552299994,0],[105.998763303,-5.96050477499995,0],[105.998759979,-5.96050266299994,0],[105.998758856,-5.96049514399994,0],[105.998761105,-5.96048296499993,0],[105.998758855,-5.96047804699998,0],[105.998752107,-5.96048038899994,0],[105.99875031,-5.96047351799996,0],[105.998753465,-5.96045743399998,0],[105.99875187,-5.96044622199997,0],[105.998745526,-5.96043988299994,0],[105.998742038,-5.96043208599997,0],[105.998740729,-5.96042915899994,0],[105.998737477,-5.96041405099993,0],[105.998734371,-5.96040797199993,0],[105.99873141,-5.96041092499996,0],[105.998716078,-5.96040207899995,0],[105.998688374,-5.96038143499993,0],[105.998671952,-5.96036211599994,0],[105.998666811,-5.96034411999995,0],[105.998666095,-5.96033287399996,0],[105.998669804,-5.96032837499996,0],[105.998669,-5.96032219599994,0],[105.998663683,-5.96031433599995,0],[105.998663653,-5.96030439199995,0],[105.998668908,-5.96029236399994,0],[105.998668024,-5.96028504599997,0],[105.998661004,-5.96028244099995,0],[105.998657845,-5.96027776499994,0],[105.998658548,-5.96027101699997,0],[105.998662699,-5.96026314399995,0],[105.9986703,-5.96025414599995,0],[105.998674456,-5.96024146899993,0],[105.998675168,-5.96022511399997,0],[105.998667963,-5.96018251399994,0],[105.998665656,-5.96017099099993,0],[105.998658644,-5.96015144899997,0],[105.998659111,-5.96012705699997,0],[105.998667054,-5.96009781599997,0],[105.998674658,-5.96007982199995,0],[105.998681925,-5.96007307399998,0],[105.998683063,-5.96006632499996,0],[105.998678072,-5.96005957699998,0],[105.99867772,-5.96004720499997,0],[105.998682008,-5.96002921099995,0],[105.998678098,-5.96000896699996,0],[105.998665991,-5.95998647299996,0],[105.998661676,-5.95996847799995,0],[105.998665156,-5.95995498199994,0],[105.998664,-5.95994373499997,0],[105.99865821,-5.95993473699997,0],[105.998657133,-5.95992124199995,0],[105.998660771,-5.95990324699994,0],[105.998660367,-5.95988862599995,0],[105.998655921,-5.95987737899998,0],[105.998655288,-5.95986838199997,0],[105.998658469,-5.95986163399994,0],[105.998656184,-5.95985393699993,0],[105.998648434,-5.95984528999998,0],[105.998644538,-5.95983272099994,0],[105.998644494,-5.95981622999994,0],[105.998645979,-5.95980368299996,0],[105.998648992,-5.95979507999994,0],[105.998647433,-5.95978403099997,0],[105.9986413,-5.95977053499996,0],[105.998641115,-5.95976035299998,0],[105.998646879,-5.95975348699994,0],[105.998647415,-5.95974561399993,0],[105.998642723,-5.95973673599997,0],[105.998640865,-5.95972853099994,0],[105.99864184,-5.95972100099993,0],[105.998639868,-5.95970957599997,0],[105.998634948,-5.95969425599998,0],[105.99863489,-5.95968115099993,0],[105.998639697,-5.95967026099993,0],[105.998640202,-5.95965694299997,0],[105.998636405,-5.95964119699994,0],[105.998631573,-5.95963052999997,0],[105.998625703,-5.95962494199995,0],[105.998627268,-5.95961602799997,0],[105.998636266,-5.95960378799998,0],[105.998636823,-5.95959308599993,0],[105.998628942,-5.95958392199998,0],[105.998623411,-5.95957259199997,0],[105.99862023,-5.95955909499997,0],[105.998621385,-5.95954784899993,0],[105.998626877,-5.95953885099993,0],[105.998626785,-5.95952494499994,0],[105.998621108,-5.95950612799993,0],[105.998621736,-5.95949384899995,0],[105.998628669,-5.95948810599998,0],[105.998632338,-5.95948147499996,0],[105.998632742,-5.95947395399998,0],[105.998630106,-5.95946823799994,0],[105.99862443,-5.95946432899996,0],[105.998622989,-5.95945897699994,0],[105.998625783,-5.95945218499998,0],[105.998624654,-5.95944093899993,0],[105.998619601,-5.95942523699995,0],[105.998619623,-5.95941583999996,0],[105.99862472,-5.95941274599994,0],[105.998626284,-5.95939826599994,0],[105.998624316,-5.95937239899996,0],[105.998624702,-5.95935520999996,0],[105.998627444,-5.95934669999997,0],[105.998626178,-5.95933427799997,0],[105.998620906,-5.95931794499995,0],[105.998620783,-5.95930492299993,0],[105.998625809,-5.95929521399995,0],[105.998626732,-5.95928520099994,0],[105.998623551,-5.95927488599995,0],[105.998620858,-5.95925603199993,0],[105.998618653,-5.95922863999994,0],[105.998614115,-5.95921156999998,0],[105.998607243,-5.95920482199995,0],[105.998604001,-5.95918912199994,0],[105.998604388,-5.95916447199994,0],[105.99860013,-5.95914616899995,0],[105.99859123,-5.95913421499995,0],[105.998591032,-5.95912067299997,0],[105.998599537,-5.95910554299996,0],[105.998601079,-5.95909347899993,0],[105.998595658,-5.95908448199998,0],[105.998594042,-5.95907773299996,0],[105.99859623,-5.95907323499995,0],[105.998591199,-5.95905861399996,0],[105.998578951,-5.95903387099997,0],[105.998572558,-5.95901436699995,0],[105.998572022,-5.95900010199995,0],[105.998574768,-5.95898997899997,0],[105.998580796,-5.95898400099998,0],[105.99858279,-5.95897651199994,0],[105.998580752,-5.95896751399994,0],[105.99858207,-5.95895739299993,0],[105.998586745,-5.95894614599996,0],[105.998596378,-5.95894159799997,0],[105.998610973,-5.95894375199993,0],[105.998634016,-5.95894323499994,0],[105.998665506,-5.95894004999997,0],[105.998697499,-5.95893784899994,0],[105.998729991,-5.95893663199996,0],[105.998745043,-5.95893377499993,0],[105.998742653,-5.95892927599994,0],[105.998749269,-5.95892402099997,0],[105.998764892,-5.95891801099998,0],[105.998777426,-5.95891013899995,0],[105.998786871,-5.95890040299997,0],[105.998792943,-5.95888541299996,0],[105.99879564,-5.95886516899998,0],[105.998796075,-5.95884952099993,0],[105.998794247,-5.95883846599997,0],[105.998794555,-5.95882334299995,0],[105.998796998,-5.95880414799996,0],[105.998794845,-5.95878766099997,0],[105.998788097,-5.95877387899998,0],[105.998787113,-5.95876425999995,0],[105.998791893,-5.95875880299997,0],[105.998792512,-5.95874932799995,0],[105.998788971,-5.95873583099996,0],[105.998788374,-5.95872458399998,0],[105.99879072,-5.95871558699997,0],[105.998788975,-5.95870806999994,0],[105.998783141,-5.95870203399994,0],[105.998778752,-5.95868403899993,0],[105.998776885,-5.95863011099993,0],[105.998762243,-5.95854886399997,0],[105.998758324,-5.95851849799993,0],[105.998760248,-5.95851192999993,0],[105.998758934,-5.95849992999996,0],[105.998754383,-5.95848249699998,0],[105.998752793,-5.95847125099993,0],[105.998754163,-5.95846618999997,0],[105.998751136,-5.95845922599995,0],[105.998743711,-5.95845036099996,0],[105.998742368,-5.95844267199993,0],[105.998747103,-5.95843616099995,0],[105.998747037,-5.95842617599993,0],[105.99874217,-5.95841271499995,0],[105.998740544,-5.95839790899993,0],[105.998742161,-5.95838175899996,0],[105.998741546,-5.95837143599994,0],[105.998738698,-5.95836693599995,0],[105.998738277,-5.95835906399998,0],[105.99874028,-5.95834781699995,0],[105.998737073,-5.95833657099996,0],[105.998728656,-5.95832532299994,0],[105.998725954,-5.95830507899996,0],[105.998728968,-5.95827583799996,0],[105.998728678,-5.95825633199996,0],[105.998725084,-5.95824656099995,0],[105.998721627,-5.95822631699997,0],[105.998718306,-5.95819559899996,0],[105.99871342,-5.95816786999995,0],[105.998706971,-5.95814313199998,0],[105.998705104,-5.95812738699993,0],[105.998707818,-5.95812063399995,0],[105.998703082,-5.95810849999998,0],[105.998690896,-5.95809098399997,0],[105.998685039,-5.95807705999994,0],[105.998685514,-5.95806672699996,0],[105.998683677,-5.95805973899996,0],[105.99867953,-5.95805609699994,0],[105.998679965,-5.95804684099994,0],[105.998684982,-5.95803196999998,0],[105.998685623,-5.95802041499996,0],[105.998681889,-5.95801217799993,0],[105.998681454,-5.95800346799996,0],[105.998684318,-5.95799428599997,0],[105.998683831,-5.95798784599998,0],[105.998679992,-5.95798414599994,0],[105.998677759,-5.95797556799994,0],[105.998677136,-5.95796211199996,0],[105.998674948,-5.95795198899998,0],[105.998671197,-5.95794520299995,0],[105.998671235,-5.95793612799997,0],[105.998675067,-5.95792476699995,0],[105.998672426,-5.95791139399995,0],[105.998663314,-5.95789600899997,0],[105.998660692,-5.95788144499994,0],[105.998664558,-5.95786770299998,0],[105.998662308,-5.95785576399993,0],[105.998653944,-5.95784562899996,0],[105.998648413,-5.95783415799997,0],[105.998645715,-5.95782135099995,0],[105.998647266,-5.95781067399997,0],[105.998653065,-5.95780212399995,0],[105.998654151,-5.95779421199995,0],[105.998650521,-5.95778693699998,0],[105.998651141,-5.95778243799998,0],[105.998656009,-5.95778071499996,0],[105.998657397,-5.95777060199993,0],[105.998655306,-5.95775209799996,0],[105.998652314,-5.95774565299996,0],[105.998648421,-5.95775126799998,0],[105.998642618,-5.95775282699998,0],[105.998634903,-5.95775033199993,0],[105.99863572,-5.95774665299996,0],[105.998645069,-5.95774178899995,0],[105.998652059,-5.95773379799994,0],[105.99865669,-5.95772267899997,0],[105.998657215,-5.95771021599995,0],[105.998657353,-5.95770693499998,0],[105.998654049,-5.95768656799993,0],[105.998653553,-5.95767007099994,0],[105.998655864,-5.95765744499994,0],[105.998653548,-5.95764844799993,0],[105.998646607,-5.95764307899998,0],[105.998643883,-5.95763252199993,0],[105.998645377,-5.95761677599995,0],[105.998643778,-5.95760890399993,0],[105.998639086,-5.95760890399993,0],[105.998637645,-5.95760317899993,0],[105.998639455,-5.95759173099998,0],[105.998637486,-5.95758498199996,0],[105.998631741,-5.95758293499995,0],[105.998631841,-5.95757612999995,0],[105.99863779,-5.95756456699996,0],[105.998638809,-5.95755752599996,0],[105.998634899,-5.95755500899998,0],[105.998634974,-5.95754504499996,0],[105.998639033,-5.95752763499996,0],[105.998635053,-5.95750655799998,0],[105.998623033,-5.95748181499994,0],[105.998614536,-5.95746831899993,0],[105.998609563,-5.95746606899996,0],[105.998609281,-5.95745144899996,0],[105.998613693,-5.95742445699995,0],[105.998618082,-5.95740421299996,0],[105.998622449,-5.95739071599996,0],[105.998621842,-5.95737954599997,0],[105.998616262,-5.95737070199993,0],[105.998615946,-5.95735480699994,0],[105.998620893,-5.95733186099994,0],[105.998623573,-5.95731302299993,0],[105.998623986,-5.95729829199996,0],[105.998621236,-5.95728494599996,0],[105.998615322,-5.95727298299994,0],[105.99861621,-5.95725462999997,0],[105.998623898,-5.95722988699993,0],[105.998626187,-5.95721414199994,0],[105.998623077,-5.95720739399997,0],[105.998623094,-5.95720078199997,0],[105.99862624,-5.95719430599996,0],[105.99862443,-5.95718530899995,0],[105.998617664,-5.95717378999996,0],[105.998615709,-5.95715946499996,0],[105.998618564,-5.95714233599995,0],[105.998618701,-5.95712434099994,0],[105.998616117,-5.95710547999994,0],[105.998616847,-5.95709151599993,0],[105.998620889,-5.95708244899993,0],[105.998619707,-5.95707232699993,0],[105.998613302,-5.95706115099995,0],[105.998612163,-5.95705106299994,0],[105.998616294,-5.95704206599993,0],[105.998617678,-5.95703306899998,0],[105.998616315,-5.95702407199997,0],[105.998612388,-5.95701844799993,0],[105.998605894,-5.95701619899995,0],[105.998605283,-5.95701169999995,0],[105.998610556,-5.95700495199998,0],[105.998610472,-5.95699646399993,0],[105.998605033,-5.95698623599998,0],[105.99860194,-5.95697287599995,0],[105.998601193,-5.95695638399997,0],[105.998598435,-5.95694456399997,0],[105.998593664,-5.95693741599996,0],[105.998593655,-5.95693290799994,0],[105.998598408,-5.95693104099996,0],[105.998601062,-5.95691423499994,0],[105.998601615,-5.95688248899995,0],[105.998597394,-5.95685649399996,0],[105.998588396,-5.95683624999998,0],[105.998585743,-5.95682135899995,0],[105.998589433,-5.95681182099997,0],[105.998589169,-5.95680282299998,0],[105.998584952,-5.95679436699993,0],[105.998583959,-5.95678663199993,0],[105.99858619,-5.95677961999996,0],[105.998583357,-5.95676949899996,0],[105.998575458,-5.95675626599996,0],[105.998569703,-5.95673693999993,0],[105.998566092,-5.95671151999994,0],[105.998560912,-5.95670020099993,0],[105.998554164,-5.95670298199997,0],[105.998552797,-5.95669882099997,0],[105.998556813,-5.95668771999993,0],[105.998556246,-5.95667598699993,0],[105.998551097,-5.95666362499998,0],[105.998550007,-5.95665237799994,0],[105.998552978,-5.95664224699993,0],[105.998553545,-5.95663007499996,0],[105.998551708,-5.95661586399996,0],[105.998547894,-5.95660236699996,0],[105.998542104,-5.95658958699994,0],[105.998537579,-5.95657307499994,0],[105.998534319,-5.95655283099995,0],[105.998527092,-5.95653700199995,0],[105.998515899,-5.95652558799998,0],[105.99850705,-5.95652008599995,0],[105.998500548,-5.95652049499995,0],[105.998494828,-5.95651505099994,0],[105.99848989,-5.95650375599996,0],[105.998489683,-5.95649455399996,0],[105.998494209,-5.95648744599993,0],[105.998482536,-5.95647722699994,0],[105.998454665,-5.95646389799998,0],[105.99844058,-5.95644823599997,0],[105.998440281,-5.95643024099996,0],[105.998438595,-5.95641674499996,0],[105.998435519,-5.95640774699996,0],[105.998427194,-5.95639474799998,0],[105.998413619,-5.95637774599993,0],[105.998402059,-5.95636649899996,0],[105.998392518,-5.95636100699994,0],[105.998385542,-5.95635174399996,0],[105.99838113,-5.95633870999995,0],[105.998375507,-5.95633083699994,0],[105.998368671,-5.95632812599996,0],[105.998362577,-5.95632071899996,0],[105.998357227,-5.95630861599994,0],[105.998348849,-5.95630376799994,0],[105.998337443,-5.95630617499995,0],[105.99832802,-5.95630237899996,0],[105.998320578,-5.95629237999998,0],[105.998318144,-5.95628373199997,0],[105.998320719,-5.95627643499995,0],[105.998318434,-5.95627056999996,0],[105.99831129,-5.95626613699994,0],[105.99830438,-5.95625016099996,0],[105.998297702,-5.95622264199994,0],[105.998282203,-5.95619673999994,0],[105.998257881,-5.95617245899996,0],[105.998247571,-5.95615581899995,0],[105.99825127,-5.95614682199994,0],[105.998248476,-5.95613669999994,0],[105.998239188,-5.95612545299997,0],[105.998231109,-5.95610785399998,0],[105.998224237,-5.95608390199993,0],[105.998223289,-5.95606815599996,0],[105.998228262,-5.95606061699993,0],[105.998226228,-5.95604784999995,0],[105.998217186,-5.95602985499994,0],[105.998213971,-5.95601624999995,0],[105.99821658,-5.95600703199995,0],[105.99821611,-5.95599755799998,0],[105.99821256,-5.95598782699994,0],[105.998208294,-5.95598231399993,0],[105.998203312,-5.95598101799993,0],[105.998204472,-5.95597587199995,0],[105.998211774,-5.95596687399996,0],[105.998206265,-5.95594775399996,0],[105.998187945,-5.95591851299997,0],[105.998176105,-5.95588581099997,0],[105.998147017,-5.95582473399998,0],[105.998110922,-5.95574894299995,0],[105.998103936,-5.95572627799993,0],[105.998103732,-5.95572482299997,0],[105.998101876,-5.95571157199993,0],[105.998104741,-5.95570482399995,0],[105.998104385,-5.95569695099994,0],[105.998100808,-5.95568795399993,0],[105.998100716,-5.95568007999998,0],[105.998104108,-5.95567333299994,0],[105.998106248,-5.95566096099998,0],[105.998107135,-5.95564296599997,0],[105.998104459,-5.95562351999996,0],[105.998098221,-5.95560262099997,0],[105.998096297,-5.95558575099994,0],[105.998098686,-5.95557290899995,0],[105.998097702,-5.95556330099993,0],[105.998093345,-5.95555692599993,0],[105.998091635,-5.95554483599994,0],[105.998092575,-5.95552702999993,0],[105.998090598,-5.95551334699996,0],[105.998085705,-5.95550378699994,0],[105.998084298,-5.95548892699998,0],[105.998086381,-5.95546876699996,0],[105.998085173,-5.95545647799997,0],[105.998080674,-5.95545206399993,0],[105.99807875,-5.95544527299995,0],[105.998079401,-5.95543610899995,0],[105.998077322,-5.95541353199997,0],[105.998072516,-5.95537754199995,0],[105.998068835,-5.95535615399996,0],[105.998066278,-5.95534936599995,0],[105.998066836,-5.95534261799997,0],[105.998070508,-5.95533590899993,0],[105.99807292,-5.95532130899994,0],[105.998074071,-5.95529881499994,0],[105.998071502,-5.95528306899996,0],[105.998065209,-5.95527407199995,0],[105.998063681,-5.95526619899994,0],[105.998066915,-5.95525945099996,0],[105.998067169,-5.95524932899997,0],[105.998064446,-5.95523583299996,0],[105.998065794,-5.95521594899998,0],[105.998071216,-5.95518967799995,0],[105.998076264,-5.95517514399995,0],[105.998080938,-5.95517234999994,0],[105.998085002,-5.95516186699996,0],[105.998088455,-5.95514369699993,0],[105.998088244,-5.95512999099998,0],[105.998084369,-5.95512074599998,0],[105.998084519,-5.95511399899993,0],[105.998088692,-5.95510974599995,0],[105.99809211,-5.95509862199998,0],[105.998094772,-5.95508062799996,0],[105.998096371,-5.95506169399994,0],[105.998096907,-5.95504182299993,0],[105.99810073,-5.95502382899997,0],[105.998107838,-5.95500770999996,0],[105.998110522,-5.95499515199998,0],[105.998108782,-5.95498615399993,0],[105.998108725,-5.95497265899996,0],[105.99811035,-5.95495466299997,0],[105.998114318,-5.95493657899993,0],[105.998120627,-5.95491840299997,0],[105.998121791,-5.95490715599993,0],[105.998117811,-5.95490283799995,0],[105.998118957,-5.95489168099994,0],[105.998125231,-5.95487368699997,0],[105.998131628,-5.95486159399996,0],[105.998138147,-5.95485540399994,0],[105.99813824,-5.95484753099993,0],[105.998131904,-5.95483797599996,0],[105.998131025,-5.95482669399996,0],[105.998135604,-5.95481368499998,0],[105.998139496,-5.95479568999997,0],[105.998142703,-5.95477270899994,0],[105.998143225,-5.95475748899997,0],[105.998141065,-5.95475002899997,0],[105.998144978,-5.95474215699994,0],[105.998154969,-5.95473387099997,0],[105.998161932,-5.95472312099997,0],[105.998165869,-5.95470990499996,0],[105.998171637,-5.95469753399993,0],[105.998179237,-5.95468600599997,0],[105.998183446,-5.95467306099994,0],[105.998184263,-5.95465869999992,0],[105.998189931,-5.95464520399997,0],[105.998200448,-5.95463257299997,0],[105.998206173,-5.95462175799997,0],[105.998207104,-5.95461276199995,0],[105.998211273,-5.95460731199995,0],[105.99821868,-5.95460540899995,0],[105.998225758,-5.95459841699994,0],[105.998232506,-5.95458633599998,0],[105.998234259,-5.95458384599993,0],[105.998240954,-5.95457433799993,0],[105.998251103,-5.95456242299997,0],[105.998259682,-5.95454579699998,0],[105.998266695,-5.95452445899997,0],[105.998273367,-5.95450816699997,0],[105.998279702,-5.95449691899995,0],[105.998284223,-5.95448454799993,0],[105.99828693,-5.95447105199997,0],[105.998291208,-5.95446317899996,0],[105.998297061,-5.95446092999993,0],[105.99830308,-5.95444560599998,0],[105.998308035,-5.95442285699994,0],[105.998309265,-5.95441720799994,0],[105.998312459,-5.95439696399995,0],[105.998312661,-5.95438487299998,0],[105.99831716,-5.95437862999995,0],[105.998325955,-5.95437823499998,0],[105.998329137,-5.95437692899998,0],[105.998334175,-5.95437486099996,0],[105.998341819,-5.95436850799996,0],[105.998347105,-5.95435633399995,0],[105.998350031,-5.95433833899995,0],[105.998354028,-5.95432821799994,0],[105.998359098,-5.95432596899997,0],[105.998363061,-5.95431584599993,0],[105.998365917,-5.95429785199997,0],[105.998367346,-5.95429376799996,0],[105.998369852,-5.95428660399995,0],[105.998371188,-5.95428540699993,0],[105.99837487,-5.95428210599994,0],[105.998374154,-5.95427895199992,0],[105.998373292,-5.95427515799997,0],[105.998365122,-5.95426576099993,0],[105.998367652,-5.95425451399996,0],[105.998380884,-5.95424141699993,0],[105.998386288,-5.95422924699994,0],[105.998383863,-5.95421799899998,0],[105.99838696,-5.95420900199997,0],[105.99839558,-5.95420225399994,0],[105.998400588,-5.95419447099994,0],[105.998401985,-5.95418565399996,0],[105.99840778,-5.95417553199997,0],[105.998417972,-5.95416410499996,0],[105.99842182,-5.95415557799993,0],[105.998419325,-5.95414994999993,0],[105.998420767,-5.95414432599995,0],[105.998426144,-5.95413870699997,0],[105.998427831,-5.95413190899995,0],[105.998425828,-5.95412392999998,0],[105.998427075,-5.95411737999996,0],[105.998431574,-5.95411225699996,0],[105.998436072,-5.95409920499998,0],[105.998440571,-5.95407822299995,0],[105.998445422,-5.95406488299994,0],[105.998447826,-5.95406224899995,0],[105.998450623,-5.95405918499995,0],[105.998453299,-5.95405148399993,0],[105.998453448,-5.95404177899997,0],[105.998457169,-5.95403242799995,0],[105.998464462,-5.95402342999995,0],[105.998473389,-5.95400655999993,0],[105.99848395,-5.95398181699994,0],[105.99848888,-5.95396381899997,0],[105.998488177,-5.95395256899997,0],[105.998490369,-5.95393907199997,0],[105.998495457,-5.95392333099994,0],[105.998511815,-5.95383402999994,0],[105.998512642,-5.95382951899995,0],[105.998517555,-5.95382322699993,0],[105.998533713,-5.95379907599994,0],[105.998549441,-5.95378290499997,0],[105.998564739,-5.95377471199993,0],[105.998571838,-5.95376781599998,0],[105.99857074,-5.95376221999993,0],[105.998574992,-5.95375569299995,0],[105.998584596,-5.95374823699996,0],[105.998597741,-5.95374201199996,0],[105.998614426,-5.95373701699998,0],[105.998625603,-5.95372518799996,0],[105.99863127,-5.95370652599996,0],[105.998639301,-5.95369231199993,0],[105.998649695,-5.95368254499994,0],[105.998656325,-5.95367300499993,0],[105.998659189,-5.95366369099997,0],[105.998667255,-5.95365228599996,0],[105.998680523,-5.95363878999996,0],[105.998688589,-5.95362595099994,0],[105.998691453,-5.95361376799997,0],[105.998697516,-5.95360027199996,0],[105.998706777,-5.95358546199998,0],[105.998723006,-5.95356231199997,0],[105.998746203,-5.95353082099996,0],[105.998760529,-5.95351395099993,0],[105.998765986,-5.95351170199996,0],[105.998771591,-5.95349949899997,0],[105.998777346,-5.95347734399996,0],[105.998782473,-5.95346711499997,0],[105.998786973,-5.95346880999995,0],[105.998793715,-5.95346639299993,0],[105.998802704,-5.95345986499996,0],[105.998806302,-5.95345232199998,0],[105.99880451,-5.95344376399993,0],[105.998807106,-5.95343735399996,0],[105.998814092,-5.95343309199995,0],[105.998820866,-5.95342274899997,0],[105.99882743,-5.95340632199998,0],[105.998833365,-5.95339698399994,0],[105.998838672,-5.95339473499996,0],[105.998845935,-5.95338537799995,0],[105.998855151,-5.95336891099993,0],[105.998857294,-5.95335795899996,0],[105.998857871,-5.95335500699997,0],[105.998854093,-5.95334366299994,0],[105.998854185,-5.95333727499997,0],[105.998858147,-5.95333584299993,0],[105.998857897,-5.95333062799995,0],[105.998853434,-5.95332162999995,0],[105.998856223,-5.95331488199997,0],[105.998866266,-5.95331038399996,0],[105.998871015,-5.95330429899997,0],[105.998870471,-5.95329662899996,0],[105.998873573,-5.95329033999997,0],[105.99888032,-5.95328543299996,0],[105.99888485,-5.95327689699997,0],[105.998887161,-5.95326473199998,0],[105.998894379,-5.95324899499997,0],[105.998906504,-5.95322968599993,0],[105.998912682,-5.95321731499996,0],[105.998912909,-5.95321187999997,0],[105.998916938,-5.95320970299997,0],[105.998924767,-5.95321078399996,0],[105.99893318,-5.95320389099993,0],[105.998942177,-5.95318902399993,0],[105.998947537,-5.95318398499995,0],[105.998949259,-5.95318877399995,0],[105.998953759,-5.95318642199993,0],[105.998961033,-5.95317692799995,0],[105.998969987,-5.95317017899993,0],[105.998980619,-5.95316617699996,0],[105.998984999,-5.95315979499998,0],[105.998983128,-5.95315103499996,0],[105.998984538,-5.95314316299994,0],[105.998989229,-5.95313617799997,0],[105.99899079,-5.95312674599995,0],[105.998989216,-5.95311486599996,0],[105.998994822,-5.95309683399995,0],[105.999007607,-5.95307264899998,0],[105.999017636,-5.95306036899996,0],[105.999024912,-5.95305999599998,0],[105.999030979,-5.95305553499998,0],[105.999035838,-5.95304698599995,0],[105.999044611,-5.95302534399997,0],[105.999057299,-5.95299061099996,0],[105.999065893,-5.95297349399993,0],[105.999070391,-5.95297399499998,0],[105.999079032,-5.95296661899994,0],[105.999091817,-5.95295136599998,0],[105.999096935,-5.95294036499996,0],[105.999094387,-5.95293361699993,0],[105.999096311,-5.95292799399994,0],[105.999102708,-5.95292349499994,0],[105.999107145,-5.95291562199998,0],[105.999109623,-5.95290437599994,0],[105.999115136,-5.95289312799997,0],[105.999123686,-5.95288188199993,0],[105.999131264,-5.95286501199996,0],[105.999137871,-5.95284251799995,0],[105.999144286,-5.95283029599995,0],[105.999150506,-5.95282834499994,0],[105.999160634,-5.95281849199995,0],[105.999174665,-5.95280073299995,0],[105.999184682,-5.95279148099996,0],[105.999190683,-5.95279073399996,0],[105.999198921,-5.95278547599997,0],[105.999209394,-5.95277570599995,0],[105.999218462,-5.95277022099998,0],[105.999226124,-5.95276902099994,0],[105.999245059,-5.95275534199993,0],[105.999275266,-5.95272918499995,0],[105.999294421,-5.95271399499995,0],[105.999302522,-5.95270977299998,0],[105.999317673,-5.95270937899994,0],[105.999319858,-5.95270932199998,0],[105.999346429,-5.95271264399997,0],[105.999364696,-5.95270418199993,0],[105.99937466,-5.95268393899994,0],[105.999382743,-5.95267081999998,0],[105.999388947,-5.95266482799997,0],[105.999392836,-5.95265661599996,0],[105.999394408,-5.95264618699997,0],[105.999400146,-5.95263805099995,0],[105.999410048,-5.95263220799995,0],[105.999419994,-5.95262078499997,0],[105.999429985,-5.95260378299997,0],[105.999440076,-5.95259017299998,0],[105.999450269,-5.95257995399993,0],[105.999458831,-5.95256922099998,0],[105.999465763,-5.95255797399994,0],[105.999461291,-5.95254324199993,0],[105.999445414,-5.95252502199997,0],[105.999445154,-5.95252478499998,0],[105.999433539,-5.95251423099995,0],[105.999425666,-5.95251086599995,0],[105.99941496,-5.95250085499993,0],[105.99940142,-5.95248420099995,0],[105.999387251,-5.95247185999995,0],[105.999372455,-5.95246383299997,0],[105.999359433,-5.95245406499993,0],[105.999348186,-5.95244255499995,0],[105.999338539,-5.95243756999997,0],[105.999330491,-5.95243911199998,0],[105.999332002,-5.95242976099996,0],[105.999343073,-5.95240951699998,0],[105.999352316,-5.95240051999997,0],[105.999359732,-5.95240276899995,0],[105.999364653,-5.95241095799997,0],[105.999367078,-5.95242508699994,0],[105.99937582,-5.95243699199995,0],[105.99939088,-5.95244667499998,0],[105.999409192,-5.95246382599993,0],[105.999430754,-5.95248844699995,0],[105.999448283,-5.95250423199997,0],[105.999455194,-5.95250779099996,0],[105.999461779,-5.95251118199997,0],[105.999471901,-5.95251084299997,0],[105.999478649,-5.95250321599997,0],[105.999485472,-5.95249922099993,0],[105.999492369,-5.95249885599998,0],[105.999498722,-5.95249522299997,0],[105.99950453,-5.95248832099998,0],[105.999511388,-5.95247474799993,0],[105.999519296,-5.95245450399995,0],[105.999526435,-5.95243312899993,0],[105.999532805,-5.95241062099996,0],[105.999537211,-5.95239140799993,0],[105.999539654,-5.95237548699993,0],[105.999539587,-5.95236493899995,0],[105.99953954,-5.95235749799997,0],[105.999540497,-5.95234321099997,0],[105.999542158,-5.95231841799995,0],[105.999547483,-5.95228786699994,0],[105.999546059,-5.95227650799995,0],[105.999539663,-5.95227415799997,0],[105.999531851,-5.95227572799996,0],[105.999522626,-5.95228121999997,0],[105.99952057,-5.95227427899994,0],[105.999525683,-5.95225490399997,0],[105.99952977,-5.95225075799993,0],[105.999532432,-5.95224805799995,0],[105.999535198,-5.95224993199997,0],[105.999540814,-5.95225373799997,0],[105.999550628,-5.95225343699997,0],[105.999561875,-5.95224715499995,0],[105.999573122,-5.95224521699993,0],[105.999584369,-5.95224762499993,0],[105.999594491,-5.95224762999993,0],[105.999603488,-5.95224523099995,0],[105.999619234,-5.95224674199994,0],[105.999641727,-5.95225216299997,0],[105.999656133,-5.95225726399997,0],[105.999662451,-5.95226204399995,0],[105.999674888,-5.95226443299993,0],[105.999693445,-5.95226443299993,0],[105.999721778,-5.95225425899997,0],[105.99975009,-5.95223913899997,0],[105.999759884,-5.95223390899997,0],[105.999783437,-5.95222278299997,0],[105.999792435,-5.95222087999997,0],[105.999804806,-5.95221467099998,0],[105.999820551,-5.95220415299997,0],[105.999829909,-5.95219652199995,0],[105.999832879,-5.95219177699994,0],[105.999847789,-5.95218708099998,0],[105.999874641,-5.95218243299996,0],[105.999895483,-5.95217532199996,0],[105.999910314,-5.95216574899996,0],[105.999923521,-5.95216127099997,0],[105.999932455,-5.95216174499996,0],[105.999935101,-5.95216188599994,0],[105.999943418,-5.95215991099997,0],[105.99994847,-5.95215534599993,0],[105.99994816,-5.95215023199995,0],[105.999948131,-5.95214975299996,0],[105.999942403,-5.95214313299994,0],[105.999944011,-5.95213048699998,0],[105.999952956,-5.95211181499997,0],[105.999956339,-5.95209685599997,0],[105.999954159,-5.95208560999993,0],[105.999959322,-5.95207436299995,0],[105.999971825,-5.95206311599998,0],[105.999976847,-5.95205206399993,0],[105.999974386,-5.95204120899996,0],[105.999977914,-5.95203333699993,0],[105.99998743,-5.95202844699998,0],[105.999987636,-5.95202262799995,0],[105.999978533,-5.95201587999998,0],[105.999977914,-5.95200896199998,0],[105.999985778,-5.95200187599994,0],[105.999994323,-5.95200187599994,0],[106.000003549,-5.95200896299997,0],[106.000006259,-5.95201392499996,0],[106.000002455,-5.95201676299996,0],[106.000004748,-5.95202463599998,0],[106.000013139,-5.95203754299996,0],[106.000019993,-5.95204247199996,0],[106.000025308,-5.95203942299997,0],[106.000031679,-5.95204205899995,0],[106.000039104,-5.95205037999995,0],[106.000046563,-5.95205079099998,0],[106.000054058,-5.95204329099994,0],[106.000063442,-5.95203940399995,0],[106.000073122,-5.95203916499997,0],[106.000074715,-5.95203912599993,0],[106.000088106,-5.95203674999993,0],[106.000103614,-5.95203227299993,0],[106.000115344,-5.95202501299997,0],[106.000123296,-5.95201497099993,0],[106.000137284,-5.95200533999997,0],[106.000157309,-5.95199612299996,0],[106.000173516,-5.95198663999997,0],[106.000185905,-5.95197689199995,0],[106.000193667,-5.95196414399993,0],[106.000196804,-5.95194839899995,0],[106.000195451,-5.95193715199997,0],[106.000189608,-5.95193040399994,0],[106.000188709,-5.95192558999997,0],[106.000188347,-5.95192365599996,0],[106.000191669,-5.95191690799993,0],[106.000191339,-5.95191128499994,0],[106.000187359,-5.95190678599994,0],[106.000186573,-5.95189891299998,0],[106.00018898,-5.95188766599995,0],[106.000199133,-5.95187908599996,0],[106.000217031,-5.95187317299997,0],[106.000226099,-5.95186818699995,0],[106.000227258,-5.95186754999997,0],[106.000229815,-5.95186221599994,0],[106.000236146,-5.95186127799997,0],[106.000246251,-5.95186473599995,0],[106.000263674,-5.95185803999993,0],[106.000288417,-5.95184119199996,0],[106.000305516,-5.95182394599993,0],[106.00031497,-5.95180630299996,0],[106.000324833,-5.95178488099998,0],[106.000335104,-5.95175968099994,0],[106.000348469,-5.95173358599993,0],[106.000364926,-5.95170659399997,0],[106.000371934,-5.95168854999997,0],[106.000369491,-5.95167945599997,0],[106.000372957,-5.95167270799993,0],[106.000382332,-5.95166830499994,0],[106.000384111,-5.95165757799998,0],[106.000378482,-5.95164107199997,0],[106.000378295,-5.95164052299998,0],[106.000370343,-5.95162826299998,0],[106.000360256,-5.95162079999994,0],[106.000356363,-5.95161020699993,0],[106.000358666,-5.95159648699996,0],[106.000369855,-5.95158619999995,0],[106.000389933,-5.95157934599996,0],[106.000407928,-5.95157611099995,0],[106.00041867,-5.95157636899995,0],[106.00042384,-5.95157649299995,0],[106.000438408,-5.95157022899997,0],[106.000451632,-5.95155731599993,0],[106.000462743,-5.95154995499996,0],[106.00047174,-5.95154814499995,0],[106.000477029,-5.95154175999994,0],[106.000478611,-5.95153079799996,0],[106.000483109,-5.95152155699998,0],[106.000490525,-5.95151403599994,0],[106.000494981,-5.95150649499993,0],[106.000496474,-5.95149893399997,0],[106.000502158,-5.95148834199995,0],[106.000512035,-5.95147471799993,0],[106.000514364,-5.95146264399995,0],[106.000509144,-5.95145211799996,0],[106.000507769,-5.95143736899996,0],[106.000508502,-5.95143173799994,0],[106.000510238,-5.95141839899998,0],[106.000515036,-5.95140625299996,0],[106.000522161,-5.95140093399993,0],[106.00053101,-5.95138841199997,0],[106.000541579,-5.95136869099997,0],[106.000547591,-5.95136130799995,0],[106.000552994,-5.95135467199998,0],[106.000565251,-5.95134635599993,0],[106.000574735,-5.95133784799998,0],[106.000581449,-5.95132914899995,0],[106.000589155,-5.95130674799998,0],[106.000597853,-5.95127064399998,0],[106.000601293,-5.95125024999993,0],[106.000599475,-5.95124556699994,0],[106.000599593,-5.95122523099997,0],[106.000601587,-5.95119032499997,0],[106.000601649,-5.95118924099995,0],[106.000600771,-5.95116899699997,0],[106.000596957,-5.95116449799997,0],[106.000596091,-5.95115662599994,0],[106.000598174,-5.95114537799998,0],[106.000595103,-5.95113673999998,0],[106.000586879,-5.95113070699995,0],[106.000582002,-5.95111906299996,0],[106.000580473,-5.95110180599994,0],[106.000591197,-5.95109269099993,0],[106.000614174,-5.95109171499996,0],[106.000620822,-5.95109043699995,0],[106.000628931,-5.95108887699996,0],[106.000635469,-5.95108417599994,0],[106.000638518,-5.95107718799994,0],[106.000638078,-5.95106791499995,0],[106.000642441,-5.95105520199996,0],[106.000651604,-5.95103905299993,0],[106.00066457,-5.95101318499997,0],[106.000681334,-5.95097759999993,0],[106.000691518,-5.95094300099993,0],[106.00069512,-5.95090938699997,0],[106.000694597,-5.95088688299995,0],[106.00068995,-5.95087548699996,0],[106.000689448,-5.95085405399993,0],[106.000693095,-5.95082258599996,0],[106.000698731,-5.95080113099993,0],[106.000706358,-5.95078968999997,0],[106.000708204,-5.95077591099994,0],[106.000704267,-5.95075979199993,0],[106.000697686,-5.95074076899994,0],[106.00068846,-5.95071884299995,0],[106.00068578,-5.95069775699994,0],[106.000689647,-5.95067751299996,0],[106.00068948,-5.95066154999995,0],[106.000685279,-5.95064986799997,0],[106.000679199,-5.95064251299993,0],[106.000671238,-5.95063948699993,0],[106.00066489,-5.95063070699996,0],[106.000660154,-5.95061617399995,0],[106.000661578,-5.95060297899994,0],[106.000669161,-5.95059112099995,0],[106.000677736,-5.95058210399998,0],[106.000687305,-5.95057592699993,0],[106.000694716,-5.95056534199995,0],[106.000699971,-5.95055034699993,0],[106.000702971,-5.95052714399998,0],[106.000703718,-5.95049573199998,0],[106.000710699,-5.95046216999998,0],[106.000723914,-5.95042645699993,0],[106.000734431,-5.95040421999994,0],[106.000742251,-5.95039545999992,0],[106.000749649,-5.95038356499998,0],[106.000756626,-5.95036853599993,0],[106.000758142,-5.95035213799997,0],[106.000754196,-5.95033437199993,0],[106.000754952,-5.95031986499993,0],[106.000760408,-5.95030861799995,0],[106.000765601,-5.95029170599997,0],[106.000770531,-5.95026912899993,0],[106.000778659,-5.95025078099997,0],[106.000789984,-5.95023666099996,0],[106.000797629,-5.95022095699994,0],[106.000801591,-5.95020366999995,0],[106.000802598,-5.95019064599995,0],[106.000800647,-5.95018188599994,0],[106.000804956,-5.95016613999996,0],[106.000815527,-5.95014340899996,0],[106.000822393,-5.95012633699997,0],[106.000825556,-5.95011492299994,0],[106.000821515,-5.95010348899996,0],[106.000810268,-5.95009203599994,0],[106.00079997,-5.95008554999993,0],[106.000790621,-5.95008402999997,0],[106.000780499,-5.95007937499997,0],[106.000769604,-5.95007158599998,0],[106.000758264,-5.95006717499996,0],[106.000753003,-5.95006671399995,0],[106.000752304,-5.95006462699996,0],[106.000710795,-5.94994069199993,0],[106.000722295,-5.94985903699995,0],[106.000727227,-5.94985813899996,0],[106.000734344,-5.94985430399993,0],[106.000746715,-5.94985505499994,0],[106.00076434,-5.94986039299994,0],[106.000781461,-5.94986438399997,0],[106.000798076,-5.94986702799997,0],[106.00080924,-5.94986445999996,0],[106.000814952,-5.94985667999993,0],[106.000819256,-5.94984524199998,0],[106.000822156,-5.94983014699994,0],[106.000826049,-5.94981716899997,0],[106.000830934,-5.94980630899994,0],[106.000837387,-5.94979706999993,0],[106.00084541,-5.94978945199995,0],[106.000851723,-5.94977129699993,0],[106.000856327,-5.94974260399994,0],[106.000871581,-5.94972348499994,0],[106.000897483,-5.94971393799995,0],[106.000909583,-5.94970579099993,0],[106.000907877,-5.94969904299995,0],[106.000908994,-5.94968836499993,0],[106.00091293,-5.94967375699997,0],[106.000917428,-5.94966475999996,0],[106.00092249,-5.94966137199998,0],[106.000926229,-5.94965405499994,0],[106.000928645,-5.94964280899995,0],[106.000932524,-5.94963741799995,0],[106.000937866,-5.94963788399997,0],[106.000942352,-5.94963554699996,0],[106.000944803,-5.94963426999993,0],[106.000953335,-5.94962657799994,0],[106.000967754,-5.94960719499994,0],[106.000988059,-5.94957612099995,0],[106.000998255,-5.94955589199998,0],[106.000998709,-5.94955499199995,0],[106.000999702,-5.94954380699994,0],[106.001002878,-5.94953371499997,0],[106.001008238,-5.94952471699997,0],[106.0010095,-5.94951821399997,0],[106.001009797,-5.94951668299996,0],[106.001009354,-5.94951528599995,0],[106.001007556,-5.94950960899996,0],[106.001008541,-5.94950255399993,0],[106.001008707,-5.94950227699997,0],[106.00101275,-5.94949551599996,0],[106.001016286,-5.94948121399995,0],[106.00101915,-5.94945964699997,0],[106.001023526,-5.94944152899996,0],[106.001029413,-5.94942685899997,0],[106.001037572,-5.94941461599996,0],[106.001048001,-5.94940479699994,0],[106.001050976,-5.94939510499995,0],[106.001046494,-5.94938554099997,0],[106.001048335,-5.94937738499993,0],[106.001056498,-5.94937063699996,0],[106.001064055,-5.94936051499997,0],[106.001071004,-5.94934701899996,0],[106.001071022,-5.94933454099993,0],[106.001064107,-5.94932308399996,0],[106.001064265,-5.94931183699993,0],[106.001071496,-5.94930080099994,0],[106.001076628,-5.94928853599993,0],[106.001079659,-5.94927503999997,0],[106.001085331,-5.94926716699996,0],[106.001093643,-5.94926491699994,0],[106.001100874,-5.94925254599997,0],[106.001107025,-5.94923005199996,0],[106.001106651,-5.94921449799995,0],[106.001099754,-5.94920588199994,0],[106.001097619,-5.94919130599993,0],[106.001100246,-5.94917076699994,0],[106.001108496,-5.94915482999994,0],[106.00112237,-5.94914349599998,0],[106.00113103,-5.94913220499996,0],[106.001134474,-5.94912095799998,0],[106.001136833,-5.94910521199995,0],[106.001138107,-5.94908496799997,0],[106.001137492,-5.94907242599993,0],[106.001134988,-5.94906758399998,0],[106.001134887,-5.94906227299998,0],[106.001134773,-5.94905625699994,0],[106.001136847,-5.94903844099997,0],[106.001139831,-5.94902821399995,0],[106.001140734,-5.94902511699996,0],[106.001146437,-5.94901628199995,0],[106.001150211,-5.94900624099995,0],[106.001152056,-5.94899499399997,0],[106.001156976,-5.94898147999993,0],[106.001164972,-5.94896569999997,0],[106.00116745,-5.94895178799993,0],[106.00116441,-5.94893974699994,0],[106.001164585,-5.94893076699998,0],[106.001167977,-5.94892484899998,0],[106.00116785,-5.94891626699996,0],[106.001166483,-5.94891204999993,0],[106.001164203,-5.94890501999993,0],[106.001163114,-5.94889059099995,0],[106.001164581,-5.94887297699995,0],[106.001172629,-5.94886060699997,0],[106.001184327,-5.94885490499996,0],[106.001187259,-5.94885347599995,0],[106.001196867,-5.94884509099995,0],[106.001201103,-5.94883619099994,0],[106.001201454,-5.94883545299996,0],[106.001208453,-5.94883331699998,0],[106.001210275,-5.94883435599996,0],[106.001217863,-5.94883868599993,0],[106.001232804,-5.94883905499995,0],[106.001253277,-5.94883442399993,0],[106.001270261,-5.94882762799995,0],[106.001271287,-5.94882694599994,0],[106.001283757,-5.94881866599997,0],[106.001297394,-5.94881510499994,0],[106.001311172,-5.94881694599997,0],[106.001322704,-5.94881434499996,0],[106.001331991,-5.94880730299997,0],[106.001338599,-5.94879971999995,0],[106.001342526,-5.94879159599998,0],[106.001352362,-5.94878778799995,0],[106.001368108,-5.94878829299995,0],[106.001375573,-5.94878323399996,0],[106.001374756,-5.94877261099998,0],[106.001381503,-5.94876717899996,0],[106.001395817,-5.94876693699996,0],[106.001405376,-5.94876862699994,0],[106.001410183,-5.94877224699997,0],[106.001409331,-5.94877727499994,0],[106.001402819,-5.94878371099998,0],[106.001398506,-5.94879367699997,0],[106.001396388,-5.94880717299998,0],[106.001391006,-5.94882291899995,0],[106.00138236,-5.94884091299997,0],[106.001378599,-5.94885783399997,0],[106.001379404,-5.94886916899998,0],[106.001379724,-5.94887368099995,0],[106.001388704,-5.94887993299994,0],[106.001404181,-5.94887685899994,0],[106.001405539,-5.94887658899995,0],[106.001416834,-5.94887716899996,0],[106.00142259,-5.94888167199997,0],[106.001424756,-5.94888195999994,0],[106.001429227,-5.94888255299998,0],[106.001436748,-5.94887981099993,0],[106.001444288,-5.94887210099995,0],[106.001451844,-5.94885942299993,0],[106.00145578,-5.94884666699994,0],[106.001456097,-5.94883383399997,0],[106.001459655,-5.94882501899997,0],[106.001466456,-5.94882022099995,0],[106.001469935,-5.94881227799993,0],[106.001470093,-5.94880118999993,0],[106.001475395,-5.94879698799997,0],[106.001475739,-5.94879671499996,0],[106.001486872,-5.94879885499995,0],[106.001488911,-5.94880036699993,0],[106.001494551,-5.94880454799994,0],[106.001496385,-5.94880856099996,0],[106.001498777,-5.94881379599997,0],[106.001496945,-5.94882179399997,0],[106.001489055,-5.94882854199994,0],[106.001486414,-5.94883248999997,0],[106.001481446,-5.94883991899997,0],[106.001474118,-5.94885592299994,0],[106.001468257,-5.94887386499994,0],[106.001467221,-5.94887855399998,0],[106.001463864,-5.94889374499996,0],[106.001470612,-5.94890909099996,0],[106.00148077,-5.94891522999995,0],[106.001488501,-5.94891990199994,0],[106.001510877,-5.94892776199993,0],[106.001530225,-5.94893129699994,0],[106.001537737,-5.94893266999998,0],[106.001557322,-5.94893453199995,0],[106.001569632,-5.94893334999995,0],[106.001584503,-5.94893566499996,0],[106.001601936,-5.94894147799994,0],[106.001613551,-5.94893792399995,0],[106.001619351,-5.94892500299994,0],[106.001623665,-5.94892377499997,0],[106.001626495,-5.94893423999997,0],[106.001664202,-5.94894366599993,0],[106.001685768,-5.94896537699998,0],[106.00169043,-5.94896890999996,0],[106.001699376,-5.94897569099993,0],[106.001721077,-5.94898368599996,0],[106.001729015,-5.94898406399994,0],[106.001732609,-5.94898326899994,0],[106.001740003,-5.94897236799994,0],[106.001740482,-5.94897166199996,0],[106.001731414,-5.94895393899998,0],[106.001730386,-5.94894027399994,0],[106.00173723,-5.94893089599998,0],[106.001737398,-5.94893066599997,0],[106.001732899,-5.94891742699997,0],[106.00171689,-5.94890055699994,0],[106.001705231,-5.94889084899995,0],[106.00169792,-5.94888830499997,0],[106.001682175,-5.94887695499995,0],[106.001657994,-5.94885679899994,0],[106.001642284,-5.94884101699995,0],[106.001635044,-5.94882960699994,0],[106.00162653,-5.94882188999998,0],[106.001616741,-5.94881786699995,0],[106.001610239,-5.94881939499993,0],[106.001608167,-5.94882395899998,0],[106.001607023,-5.94882647699995,0],[106.001600244,-5.94882779299996,0],[106.001589902,-5.94882334199997,0],[106.001587618,-5.94881260299996,0],[106.001589119,-5.94880817599994,0],[106.001593391,-5.94879557499996,0],[106.001607889,-5.94879344899994,0],[106.001631111,-5.94880622399995,0],[106.001636849,-5.94880834799994,0],[106.001646892,-5.94881206499997,0],[106.001655231,-5.94881097099994,0],[106.001659149,-5.94881379999993,0],[106.001658649,-5.94882055299996,0],[106.00166161,-5.94882858899996,0],[106.001661787,-5.94882884499998,0],[106.001668033,-5.94883790599994,0],[106.00167515,-5.94884327699998,0],[106.001680541,-5.94884425999993,0],[106.001682961,-5.94884470099993,0],[106.001687139,-5.94884878599993,0],[106.001687217,-5.94884974599995,0],[106.001687684,-5.94885553399996,0],[106.001693571,-5.94886302299994,0],[106.0017048,-5.94887125099996,0],[106.001723485,-5.94888816299994,0],[106.001749624,-5.94891375799995,0],[106.001770642,-5.94892426499996,0],[106.001776002,-5.94892271999993,0],[106.001786537,-5.94891968299993,0],[106.001798175,-5.94891401699994,0],[106.001805556,-5.94890726899996,0],[106.001803755,-5.94890185699995,0],[106.001800775,-5.94889289899993,0],[106.001783835,-5.94887090599997,0],[106.001772044,-5.94885965899994,0],[106.001765401,-5.94885915899994,0],[106.001756531,-5.94885328499993,0],[106.001745434,-5.94884203799995,0],[106.001742866,-5.94883993599996,0],[106.001735509,-5.94883391299993,0],[106.001726757,-5.94882890899993,0],[106.001721011,-5.94882128199993,0],[106.001719699,-5.94881637599997,0],[106.00171827,-5.94881103299997,0],[106.001711799,-5.94880763599997,0],[106.001711278,-5.94880781299997,0],[106.001701598,-5.94881109399995,0],[106.001690675,-5.94880634899994,0],[106.001679034,-5.94879340299997,0],[106.001676283,-5.94878355499998,0],[106.001681639,-5.94877767099996,0],[106.001682425,-5.94877680699994,0],[106.001709782,-5.94879323299995,0],[106.001758354,-5.94883283399997,0],[106.001793443,-5.94886365699995,0],[106.001815049,-5.94888570299997,0],[106.001825852,-5.94890075599994,0],[106.001825853,-5.94890881799995,0],[106.001830351,-5.94892112999997,0],[106.001855226,-5.94892845799995,0],[106.001860718,-5.94892789999994,0],[106.00187084,-5.94892974299995,0],[106.001879837,-5.94893457099994,0],[106.001892345,-5.94893183499994,0],[106.001893333,-5.94893161899995,0],[106.001911328,-5.94892088599994,0],[106.001923699,-5.94891029199994,0],[106.001930448,-5.94889983599995,0],[106.001937797,-5.94889243199998,0],[106.001945749,-5.94888807699994,0],[106.001951474,-5.94887700199996,0],[106.00195497,-5.94885920399997,0],[106.001956856,-5.94884369899995,0],[106.001957128,-5.94883048399993,0],[106.001960308,-5.94882372699993,0],[106.001966397,-5.94882342799997,0],[106.001970668,-5.94881645199996,0],[106.001973119,-5.94880279799997,0],[106.00197789,-5.94879388799995,0],[106.001984981,-5.94878972299995,0],[106.002001807,-5.94878637099993,0],[106.002028369,-5.94878383099996,0],[106.00204451,-5.94877738699995,0],[106.002048534,-5.94877578099994,0],[106.002062302,-5.94876221899995,0],[106.002067961,-5.94875084699993,0],[106.00206551,-5.94874166499994,0],[106.00206413,-5.94874021999993,0],[106.002059965,-5.94873585899995,0],[106.002051328,-5.94873342999995,0],[106.002038513,-5.94872496799996,0],[106.00202152,-5.94871047499993,0],[106.00201348,-5.94869828599997,0],[106.002014394,-5.94868840099997,0],[106.002019336,-5.94868492599994,0],[106.002028307,-5.94868786099994,0],[106.00203289,-5.94868570599994,0],[106.002033083,-5.94867846099993,0],[106.002036602,-5.94867586899994,0],[106.002043446,-5.94867792999997,0],[106.002047053,-5.94867333699995,0],[106.002047422,-5.94866208999997,0],[106.002051086,-5.94865421599997,0],[106.002058045,-5.94864971799996,0],[106.00206246,-5.94864096699996,0],[106.002064332,-5.94862796299998,0],[106.002068708,-5.94861752899993,0],[106.002075587,-5.94860966399995,0],[106.002076761,-5.94860296499996,0],[106.002072227,-5.94859742899996,0],[106.002076291,-5.94859336799993,0],[106.002088952,-5.94859077999996,0],[106.002098248,-5.94858261299993,0],[106.002104179,-5.94856886699995,0],[106.002112017,-5.94856102699993,0],[106.002121761,-5.94855909299997,0],[106.002124946,-5.94855459499996,0],[106.002121572,-5.94854753099997,0],[106.002122227,-5.94853774699993,0],[106.002126911,-5.94852524299995,0],[106.002135648,-5.94851399699996,0],[106.002148442,-5.94850400599995,0],[106.002154996,-5.94849481799997,0],[106.002155313,-5.94848643099994,0],[106.002163041,-5.94847432999995,0],[106.00217818,-5.94845851399998,0],[106.002188179,-5.94845240499995,0],[106.002193038,-5.94845600299993,0],[106.002195445,-5.94845010999995,0],[106.002195401,-5.94843472399998,0],[106.002201077,-5.94842051699993,0],[106.002212473,-5.94840748599995,0],[106.00221844,-5.94839736399996,0],[106.002218975,-5.94839014999997,0],[106.002226827,-5.94837642099998,0],[106.002241992,-5.94835617699994,0],[106.002250682,-5.94833950099996,0],[106.002252896,-5.94832638999998,0],[106.002256481,-5.94831444099998,0],[106.002261437,-5.94830365099995,0],[106.002269322,-5.94829313099996,0],[106.002280139,-5.94828288199994,0],[106.002288715,-5.94827146599994,0],[106.00229505,-5.94825888399993,0],[106.002302716,-5.94825378699994,0],[106.002311713,-5.94825617799995,0],[106.002318461,-5.94825218899996,0],[106.00232296,-5.94824181999996,0],[106.002319586,-5.94823678599994,0],[106.002308339,-5.94823708499996,0],[106.00230047,-5.94823070499996,0],[106.00229598,-5.94821764899996,0],[106.002297219,-5.94820987499997,0],[106.002304187,-5.94820738399994,0],[106.00230616,-5.94820287899995,0],[106.002303137,-5.94819635899995,0],[106.002306569,-5.94818877099993,0],[106.002316453,-5.94818011599995,0],[106.002320557,-5.94817044899997,0],[106.002318878,-5.94815976899997,0],[106.002323334,-5.94815284999993,0],[106.002333921,-5.94814969099997,0],[106.002338244,-5.94814389599998,0],[106.002336303,-5.94813546599994,0],[106.002339303,-5.94812959699993,0],[106.002347246,-5.94812628799997,0],[106.002349324,-5.94812027099994,0],[106.002345537,-5.94811154599995,0],[106.002338082,-5.94810279499995,0],[106.002326958,-5.94809401699996,0],[106.002321387,-5.94808400499994,0],[106.002321369,-5.94807275799997,0],[106.002324572,-5.94806246699994,0],[106.002330995,-5.94805313099994,0],[106.002339988,-5.94804750799995,0],[106.002351551,-5.94804559699998,0],[106.002356916,-5.94803763399995,0],[106.002356081,-5.94802361999996,0],[106.002359503,-5.94801349799997,0],[106.002367183,-5.94800726799997,0],[106.002367179,-5.94800104099994,0],[106.00235949,-5.94799481499996,0],[106.002361076,-5.94798086199995,0],[106.002371936,-5.94795918099993,0],[106.00238335,-5.94794777199996,0],[106.002395318,-5.94794663399995,0],[106.002404771,-5.94794206999995,0],[106.002411713,-5.94793407799995,0],[106.002419682,-5.94792848499998,0],[106.002428679,-5.94792529099993,0],[106.002437677,-5.94793152799997,0],[106.002446674,-5.94794719399994,0],[106.002454688,-5.94795507799995,0],[106.002461717,-5.94795517899996,0],[106.002463149,-5.94795089999997,0],[106.002458985,-5.94794224099996,0],[106.002477893,-5.94795004299993,0],[106.002504958,-5.94796568599997,0],[106.002519876,-5.94797430799997,0],[106.002548809,-5.94798601499997,0],[106.002564695,-5.94798516699996,0],[106.002576148,-5.94798172299994,0],[106.002583169,-5.94797568199994,0],[106.002588938,-5.94796703899993,0],[106.002593454,-5.94795579199996,0],[106.002602315,-5.94794455999994,0],[106.002615522,-5.94793334499997,0],[106.002624462,-5.94791768699997,0],[106.002629136,-5.94789758799993,0],[106.002634773,-5.94788518799993,0],[106.002641372,-5.94788048699996,0],[106.002647987,-5.94786010799993,0],[106.002654621,-5.94782405299998,0],[106.002660231,-5.94780522299993,0],[106.002664818,-5.94780361999995,0],[106.002665398,-5.94779354399998,0],[106.002661972,-5.94777499499997,0],[106.002662376,-5.94776122299993,0],[106.002666611,-5.94775222499993,0],[106.002663874,-5.94774543099993,0],[106.002654164,-5.94774083999994,0],[106.00264924,-5.94773519199993,0],[106.002649099,-5.94772848799994,0],[106.002645729,-5.94772510999996,0],[106.002639131,-5.94772505699996,0],[106.002634703,-5.94772165699993,0],[106.002632445,-5.94771490899996,0],[106.002622493,-5.94771361099993,0],[106.002615847,-5.94771517499993,0],[106.00260485,-5.94771776199997,0],[106.002600373,-5.94771675599998,0],[106.002609063,-5.94771059199996,0],[106.002609024,-5.94769750399996,0],[106.002600255,-5.94767749299996,0],[106.002597935,-5.94766556599996,0],[106.002602065,-5.94766172199996,0],[106.00260745,-5.94766271699996,0],[106.002614094,-5.94766854999995,0],[106.002621879,-5.94767150099995,0],[106.002622407,-5.94767150499996,0],[106.002630805,-5.94767156599994,0],[106.002636521,-5.94767488499997,0],[106.002639025,-5.94768145799998,0],[106.002642514,-5.94767909499996,0],[106.002646986,-5.94766779499997,0],[106.002649244,-5.94765547399993,0],[106.002649288,-5.94764213199994,0],[106.00265264,-5.94763090699996,0],[106.0026593,-5.94762179999998,0],[106.002660429,-5.94761607099997,0],[106.002656027,-5.94761371999994,0],[106.002656203,-5.94760472799993,0],[106.002660956,-5.94758909199993,0],[106.002661721,-5.94757258199996,0],[106.002658497,-5.94755519799998,0],[106.002657192,-5.94754095699994,0],[106.002657807,-5.94752985899993,0],[106.002656313,-5.94751605799996,0],[106.00265271,-5.94749955299994,0],[106.002651709,-5.94748579999998,0],[106.002653307,-5.94747479799997,0],[106.00265065,-5.94746471599996,0],[106.002643735,-5.94745555199995,0],[106.002643309,-5.94744980499996,0],[106.002649372,-5.94744747699997,0],[106.002650395,-5.94743612899993,0],[106.002646379,-5.94741576199993,0],[106.00264352,-5.94739010299998,0],[106.002641815,-5.94735915199993,0],[106.002638516,-5.94734008099994,0],[106.002636734,-5.94733746199995,0],[106.002633622,-5.94733288899994,0],[106.002631948,-5.94732446699993,0],[106.002633494,-5.94731481499997,0],[106.002633002,-5.94729410599996,0],[106.002630471,-5.94726233799997,0],[106.002631033,-5.94723658399994,0],[106.002632033,-5.94723118399997,0],[106.002634689,-5.94721684499996,0],[106.002631825,-5.94720160899993,0],[106.002630318,-5.94719988499997,0],[106.002622441,-5.94719087599998,0],[106.002620615,-5.94718654999997,0],[106.002629665,-5.94718797499996,0],[106.003994175,-5.94729585899995,0],[106.004639385,-5.94764676799997,0],[106.005256122,-5.94737518899996,0],[106.005817791,-5.94756836799996,0],[106.005536063,-5.94816966799993,0],[106.00610239,-5.94854599099995,0],[106.006605005,-5.94858540199994,0],[106.006604796,-5.94784841899997,0],[106.007023199,-5.94773717399994,0],[106.007200619,-5.94767326699997,0],[106.007483252,-5.94744015199996,0],[106.008045883,-5.94667092899994,0],[106.009181223,-5.94672537299994,0],[106.01119106,-5.94672106599995,0],[106.013079739,-5.94646248599997,0],[106.014429258,-5.94644073399996,0],[106.016388271,-5.94705315599998,0],[106.017886097,-5.94795366999995,0],[106.018695244,-5.95004067099995,0],[106.019202814,-5.95089005799997,0],[106.019002647,-5.95129796999993,0],[106.017157193,-5.95223092399993,0],[106.016528532,-5.95246472999997,0],[106.016342779,-5.95277732899996,0],[106.016535283,-5.95299584999998,0],[106.016784908,-5.95301292199997,0],[106.017615192,-5.95305302699995,0],[106.019152952,-5.95342898199993,0],[106.019789603,-5.95408522999998,0],[106.019967608,-5.95424656299997,0],[106.020398096,-5.95407332799994,0],[106.021177259,-5.95349616199996,0],[106.021467813,-5.95325358799994,0],[106.022376298,-5.95361880399997,0],[106.023196181,-5.95327799999995,0],[106.023548973,-5.95337234499993,0],[106.023730772,-5.95360479699997,0],[106.023784878,-5.95370108299994,0],[106.023806246,-5.95384880799998,0],[106.023770514,-5.95397229299994,0],[106.023542415,-5.95534822799993,0],[106.023552745,-5.95565061699995,0],[106.024246718,-5.95576739299997,0],[106.024711419,-5.95662241799994,0],[106.024834526,-5.95683942899996,0],[106.025668526,-5.95673559499994,0],[106.026505443,-5.95619498199994,0],[106.027161818,-5.95486153599995,0],[106.028620822,-5.95355587099993,0],[106.029954422,-5.95305115799994,0],[106.030613268,-5.95190049199994,0],[106.030834764,-5.95035341199997,0],[106.031484167,-5.94823899099993,0],[106.03171238,-5.94736574799992,0],[106.031870379,-5.94634097199997,0],[106.031993325,-5.94590433399998,0],[106.032299667,-5.94580809999997,0],[106.032771281,-5.94576202699994,0],[106.03302096,-5.94572584699995,0],[106.033296105,-5.94567941499997,0],[106.03358131,-5.94556153999997,0],[106.034370275,-5.94499885899995,0],[106.034802927,-5.94468683599996,0],[106.035151063,-5.94429772699993,0],[106.035354932,-5.94397455499995,0],[106.035592653,-5.94368828999995,0],[106.035911127,-5.94330477999995,0],[106.035935403,-5.94339463299997,0],[106.035968767,-5.94337687299998,0],[106.036041874,-5.94334954899995,0],[106.03607684,-5.94334421599996,0],[106.036121302,-5.94334666499998,0],[106.036187102,-5.94334215099997,0],[106.03622216,-5.94333488299998,0],[106.036251333,-5.94332455499995,0],[106.036316805,-5.94331317499996,0],[106.03637494,-5.94329944599997,0],[106.036490362,-5.94327218899997,0],[106.036557404,-5.94325833299996,0],[106.036617129,-5.94324798699995,0],[106.036652992,-5.94324538599994,0],[106.036776929,-5.94324869699994,0],[106.036812908,-5.94324686699997,0],[106.036979159,-5.94322540699994,0],[106.037062105,-5.94321882999998,0],[106.037077249,-5.94321147999995,0],[106.037098437,-5.94318858199995,0],[106.037112185,-5.94318682199997,0],[106.037233547,-5.94326459099995,0],[106.037265695,-5.94328065699995,0],[106.037363368,-5.94331708899995,0],[106.037463677,-5.94334869899996,0],[106.037498938,-5.94335532499997,0],[106.037590148,-5.94336137399995,0],[106.037625672,-5.94335805699995,0],[106.037731638,-5.94333072799998,0],[106.037913012,-5.94327365299995,0],[106.038099883,-5.94322229299996,0],[106.038269673,-5.94317382299994,0],[106.038373881,-5.94315012199996,0],[106.038393476,-5.94314120399997,0],[106.038411559,-5.94313081699994,0],[106.038430313,-5.94312383999994,0],[106.038450218,-5.94312172699995,0],[106.038464317,-5.94312340999994,0],[106.038478387,-5.94312784399995,0],[106.038509543,-5.94314526399995,0],[106.038554657,-5.94317236999996,0],[106.038583188,-5.94319420099993,0],[106.03861095,-5.94322086299996,0],[106.038641313,-5.94323851899998,0],[106.038680195,-5.94325003999995,0],[106.038715583,-5.94325480499998,0],[106.038746203,-5.94325417999994,0],[106.038781966,-5.94325743999997,0],[106.038814917,-5.94326419599997,0],[106.038847132,-5.94327859499998,0],[106.038888542,-5.94330932299994,0],[106.038953718,-5.94336665599997,0],[106.039003284,-5.94340330099993,0],[106.03907106,-5.94342365999995,0],[106.039135148,-5.94344697799994,0],[106.039216,-5.94345819699993,0],[106.03925055,-5.94346769199996,0],[106.039313858,-5.94349434599997,0],[106.039483474,-5.94353872299996,0],[106.039651412,-5.94357514199993,0],[106.039684662,-5.94358810799997,0],[106.039766909,-5.94363629799994,0],[106.039908413,-5.94373092899997,0],[106.040091573,-5.94388821799993,0],[106.040171402,-5.94394105799995,0],[106.040203199,-5.94395787499997,0],[106.040309674,-5.94400142999996,0],[106.040344418,-5.94400958499995,0],[106.040535186,-5.94402349399996,0],[106.040701918,-5.94404743399997,0],[106.040736567,-5.94405674499995,0],[106.040877596,-5.94411346899994,0],[106.041086335,-5.94421066199993,0],[106.041208036,-5.94430161399993,0],[106.04142502,-5.94441640499997,0],[106.041641879,-5.94454804099996,0],[106.041827417,-5.94463255799997,0],[106.041861927,-5.94463976899993,0],[106.041964898,-5.94463817599996,0],[106.041996708,-5.94464963699994,0],[106.042070005,-5.94471224699993,0],[106.042092866,-5.94473960499994,0],[106.042149535,-5.94483669099998,0],[106.042172911,-5.94486341699997,0],[106.042310586,-5.94497067599997,0],[106.042340658,-5.94499053399994,0],[106.042439119,-5.94504501199998,0],[106.042455973,-5.94505063199995,0],[106.042471489,-5.94505279299995,0],[106.042489235,-5.94505198999997,0],[106.042621842,-5.94502111299994,0],[106.042680913,-5.94499825799994,0],[106.042715679,-5.94499409199994,0],[106.042874255,-5.94501493899998,0],[106.042973321,-5.94503253299996,0],[106.043009175,-5.94503598099993,0],[106.043158619,-5.94503836799993,0],[106.043266527,-5.94504538899997,0],[106.043301761,-5.94505208099997,0],[106.043366842,-5.94507295999995,0],[106.043380104,-5.94508346899994,0],[106.043457656,-5.94521245999994,0],[106.043578917,-5.94535679799998,0],[106.043649737,-5.94543360199998,0],[106.043664786,-5.94544166999998,0],[106.043685071,-5.94544490399994,0],[106.043727544,-5.94545089199994,0],[106.043760643,-5.94546317799995,0],[106.043780233,-5.94547575499996,0],[106.043806543,-5.94549979199996,0],[106.043829309,-5.94552906399997,0],[106.043865461,-5.94559641499995,0],[106.043874048,-5.94563043799997,0],[106.043874108,-5.94566217999994,0],[106.043869251,-5.94569768399998,0],[106.043857598,-5.94573916999997,0],[106.043859074,-5.94575602499998,0],[106.043875794,-5.94579076099996,0],[106.043894368,-5.94582161099993,0],[106.043919141,-5.94585520899994,0],[106.043943886,-5.94588117899997,0],[106.044045115,-5.94596364599994,0],[106.04408923,-5.94599958499998,0],[106.0441869,-5.94610409199993,0],[106.044284976,-5.94620590699998,0],[106.044382878,-5.94629587599997,0],[106.044416076,-5.94632516299993,0],[106.044426649,-5.94633934999996,0],[106.044438831,-5.94636569099993,0],[106.044443849,-5.94638286099996,0],[106.044446304,-5.94640084599996,0],[106.044445397,-5.94641859699993,0],[106.044440302,-5.94643961899993,0],[106.044435255,-5.94646975299997,0],[106.044426259,-5.94650465399997,0],[106.044407001,-5.94655933599995,0],[106.04437052,-5.94663535999996,0],[106.044330316,-5.94674039699993,0],[106.044314915,-5.94680028999994,0],[106.044304706,-5.94685272499993,0],[106.044290689,-5.94688515899998,0],[106.044248188,-5.94694423299995,0],[106.0441849,-5.94703362099995,0],[106.044116166,-5.94712160299997,0],[106.044057009,-5.94722792899995,0],[106.044045591,-5.94726162999996,0],[106.044038244,-5.94731172399997,0],[106.044028999,-5.94734645399996,0],[106.043993221,-5.94743742599996,0],[106.043951978,-5.94751795799993,0],[106.043898522,-5.94759273699998,0],[106.043874803,-5.94761979599997,0],[106.043832611,-5.94765925799993,0],[106.043812537,-5.94770210799993,0],[106.043780907,-5.94776197399995,0],[106.043764006,-5.94780874399993,0],[106.043757404,-5.94784383899997,0],[106.043756051,-5.94789765899998,0],[106.043758355,-5.94795196799993,0],[106.043763747,-5.94798752799994,0],[106.043776355,-5.94803519599998,0],[106.043792372,-5.94806672299995,0],[106.043820792,-5.94810175199996,0],[106.043847891,-5.94812473199994,0],[106.043862984,-5.94813332199993,0],[106.043896375,-5.94814596799995,0],[106.0439429,-5.94815572199997,0],[106.043959611,-5.94816201699996,0],[106.043990821,-5.94817963099996,0],[106.044000575,-5.94819291799996,0],[106.044013012,-5.94825132399995,0],[106.044015286,-5.94828704399993,0],[106.044006907,-5.94838822199995,0],[106.043993819,-5.94843488599997,0],[106.043988926,-5.94846108399997,0],[106.043987213,-5.94847501199996,0],[106.043987596,-5.94848992199996,0],[106.043990685,-5.94850930899997,0],[106.044021134,-5.94861666399993,0],[106.044034938,-5.94870709699995,0],[106.04403457,-5.94872171699996,0],[106.044032751,-5.94873510899993,0],[106.044027658,-5.94874478199995,0],[106.04399192,-5.94877423299994,0],[106.043984428,-5.94878141799995,0],[106.043981168,-5.94878660499995,0],[106.043979411,-5.94879399599995,0],[106.043979093,-5.94880338699994,0],[106.043981351,-5.94882605099997,0],[106.043975926,-5.94890655299997,0],[106.043971648,-5.94892384199994,0],[106.04396483,-5.94893919599997,0],[106.04395595,-5.94895484899996,0],[106.043934883,-5.94898471999994,0],[106.043908182,-5.94902073099996,0],[106.043885411,-5.94904758099995,0],[106.043875852,-5.94906295999994,0],[106.043872072,-5.94907234699997,0],[106.043870343,-5.94907961999996,0],[106.043870661,-5.94909007699994,0],[106.043874202,-5.94910286999993,0],[106.04388015,-5.94911537599995,0],[106.043889106,-5.94912827099995,0],[106.043896478,-5.94913532799995,0],[106.043904958,-5.94913926899994,0],[106.043917238,-5.94914145099995,0],[106.043931799,-5.94914142399995,0],[106.043949094,-5.94913862099997,0],[106.043967259,-5.94913438899994,0],[106.044001141,-5.94912160399997,0],[106.044016833,-5.94911646699995,0],[106.044041592,-5.94911303999993,0],[106.044065748,-5.94910801499998,0],[106.044083887,-5.94910216799997,0],[106.04410144,-5.94909763799996,0],[106.044114077,-5.94909852799998,0],[106.044169574,-5.94911383599998,0],[106.044245218,-5.94912449999993,0],[106.044262395,-5.94912948599995,0],[106.044282466,-5.94913856599993,0],[106.044300457,-5.94914299799996,0],[106.044392976,-5.94914684699995,0],[106.044468226,-5.94914611299993,0],[106.044488425,-5.94914871099996,0],[106.04450675,-5.94915493499997,0],[106.044523852,-5.94916449899995,0],[106.044564429,-5.94920960299993,0],[106.044626461,-5.94927436699993,0],[106.04464677,-5.94929024299995,0],[106.044686824,-5.94931700499995,0],[106.044706537,-5.94933244699996,0],[106.044721684,-5.94935273699997,0],[106.044730679,-5.94936830599994,0],[106.04473657,-5.94938345399993,0],[106.04473942,-5.94940037099997,0],[106.044742962,-5.94942743599995,0],[106.04474918,-5.94945633099996,0],[106.044766611,-5.94951308099996,0],[106.044774013,-5.94953027699995,0],[106.044778929,-5.94953746399995,0],[106.04478569,-5.94954127199998,0],[106.04479535,-5.94954258699994,0],[106.044803097,-5.94954127999995,0],[106.044809928,-5.94953768199997,0],[106.044839434,-5.94950978299994,0],[106.044856556,-5.94949847499993,0],[106.044873413,-5.94949332699997,0],[106.044886708,-5.94949274799995,0],[106.044899207,-5.94949667199995,0],[106.044909142,-5.94950897199993,0],[106.044919729,-5.94953863999996,0],[106.044924929,-5.94957587099998,0],[106.044829545,-5.94976260299995,0],[106.044722672,-5.95004715299996,0],[106.044460334,-5.95074561999996,0],[106.044058695,-5.95118698499994,0],[106.043883759,-5.95126320599996,0],[106.043558557,-5.95140489799996,0],[106.04318684,-5.95156171199994,0],[106.042887335,-5.95183046899996,0],[106.042324281,-5.95249631099995,0],[106.041970332,-5.95297542399993,0],[106.041519973,-5.95359071599995,0],[106.041200999,-5.95429645799993,0],[106.040981742,-5.95503762499993,0],[106.04094036,-5.95567377699996,0],[106.041016866,-5.95611462799997,0],[106.040924421,-5.95651531399994,0],[106.040611478,-5.95723955899996,0],[106.040410252,-5.95772375599995,0],[106.040242889,-5.95815037599994,0],[106.039995907,-5.95860631299996,0],[106.039596597,-5.95869598299993,0],[106.039241688,-5.95894021599997,0],[106.038971824,-5.95908294699996,0],[106.038698591,-5.95916114399995,0],[106.038128142,-5.95959028599998,0],[106.038075994,-5.95968594599998,0],[106.03793067,-5.95995252599994,0],[106.038880869,-5.96084924199994,0],[106.040611461,-5.96178049999997,0],[106.040996141,-5.96236941199993,0],[106.041440809,-5.96312084599998,0],[106.041714676,-5.96393084099998,0],[106.041749817,-5.96427899299994,0],[106.042039413,-5.96499758399995,0],[106.042403975,-5.96542573399995,0],[106.042370086,-5.96601418999995,0],[106.042143359,-5.96678469699998,0],[106.041966355,-5.96721473499997,0],[106.041904214,-5.96767015699993,0],[106.041925903,-5.96803435999993,0],[106.041737772,-5.96849702399993,0],[106.041643282,-5.96881602099995,0],[106.041519763,-5.96913364999995,0],[106.041408735,-5.96942352799994,0],[106.041190431,-5.96952524199997,0],[106.041050581,-5.96968709499993,0],[106.041130489,-5.97005280499997,0],[106.041489559,-5.97048197599997,0],[106.041729004,-5.97071002299998,0],[106.041855872,-5.97090137399994,0],[106.041932327,-5.97147708599994,0],[106.042011628,-5.97191090399997,0],[106.042071392,-5.97225269799998,0],[106.042163892,-5.97258298399993,0],[106.042173301,-5.97300516999996,0],[106.042196951,-5.97349291199993,0],[106.04219081,-5.97388557899995,0],[106.042160048,-5.97410386499996,0],[106.042174104,-5.97459040099994,0],[106.042155058,-5.97493891999994,0],[106.041973135,-5.97534337799993,0],[106.041843909,-5.97617715499996,0],[106.041631798,-5.97686642699995,0],[106.041425757,-5.97727481599998,0],[106.041396667,-5.97729882199997,0],[106.041208128,-5.97745441099994,0],[106.04098117,-5.97757019699998,0],[106.040805143,-5.97772320899998,0],[106.040564756,-5.97791027099993,0],[106.040354213,-5.97819122299995,0],[106.040180511,-5.97869452899994,0],[106.039857375,-5.97945255399998,0],[106.039793967,-5.97979019299993,0],[106.039709226,-5.98013641599994,0],[106.039581755,-5.98040057699995,0],[106.039161942,-5.98071697999995,0],[106.038723447,-5.98126457299998,0],[106.038690079,-5.98168332999995,0],[106.038387534,-5.98200433199997,0],[106.037671913,-5.98215728399992,0],[106.036745454,-5.98293380899997,0],[106.036485771,-5.98363971299995,0],[106.035619554,-5.98480177699997,0],[106.034119242,-5.98444846399997,0],[106.032501953,-5.98315949599993,0],[106.032169148,-5.98355558099996,0],[106.032771442,-5.98403824199994,0]]]]}}]}