{"type":"FeatureCollection","name":"Kecamatan Ciwandan","crs":{"type":"name","properties":{"name":"urn:ogc:def:crs:OGC:1.3:CRS84"}},"features":[{"type":"Feature","properties":{"kode_kec":"36.72.04","kode_kk":"36.72","kode_prov":"36","kecamatan":"Ciwandan","kab_kota":"Kota Cilegon","provinsi":"Banten","fid":"36.72.04","nama":"Kecamatan Ciwandan","label":"Kecamatan Ciwandan, Kota Cilegon, Provinsi Banten, 36.72.04"},"geometry":{"type":"MultiPolygon","coordinates":[[[[105.947797759,-6.01987743399997,0],[105.947803242,-6.01987153899995,0],[105.947807248,-6.01987160899995,0],[105.947805772,-6.01987800499995,0],[105.947798814,-6.01989072799995,0],[105.947800149,-6.01990633299994,0],[105.94780244,-6.01991073099992,0],[105.947809779,-6.01992481999997,0],[105.947822396,-6.01994044699995,0],[105.947838001,-6.01995321399994,0],[105.947851427,-6.01996709299993,0],[105.947862673,-6.01998208199996,0],[105.947871878,-6.01999236199993,0],[105.947879039,-6.01999793299996,0],[105.947883573,-6.02000770799998,0],[105.94788548,-6.02002168699994,0],[105.947890487,-6.02003242399996,0],[105.947898598,-6.02003991899994,0],[105.947906436,-6.02004414999993,0],[105.947914001,-6.02004511599995,0],[105.947926657,-6.02005595499998,0],[105.947944407,-6.02007666499998,0],[105.94795542,-6.02009175099994,0],[105.947959699,-6.02010121399996,0],[105.947969945,-6.02011249199995,0],[105.947986156,-6.02012558399997,0],[105.947996146,-6.02013696199998,0],[105.947999915,-6.02014662799996,0],[105.948024658,-6.02017760499996,0],[105.948070375,-6.02022989399995,0],[105.948097793,-6.02025983299995,0],[105.948106913,-6.02026742499993,0],[105.948116174,-6.02027889199996,0],[105.948125577,-6.02029423299996,0],[105.948134538,-6.02030551499996,0],[105.948143062,-6.02031273699993,0],[105.948150139,-6.02032140499995,0],[105.948155771,-6.02033151899997,0],[105.948161368,-6.02033651399995,0],[105.94816693,-6.02033639099994,0],[105.948176169,-6.02034598099993,0],[105.948189085,-6.02036528499997,0],[105.948201865,-6.02038056099997,0],[105.94821451,-6.02039180699995,0],[105.948221152,-6.02039967999997,0],[105.948221793,-6.02040417899997,0],[105.948229794,-6.02041488999993,0],[105.948245153,-6.02043181299996,0],[105.948264667,-6.02045749199993,0],[105.948288338,-6.02049192599998,0],[105.948303548,-6.02051009599995,0],[105.948310296,-6.02051200299996,0],[105.948317105,-6.02051893999993,0],[105.948323976,-6.02053090699997,0],[105.948330957,-6.02053778299995,0],[105.948338048,-6.02053956699996,0],[105.948349976,-6.02054968799996,0],[105.948365067,-6.02056630699997,0],[105.94836674,-6.02056814899993,0],[105.948368062,-6.02056998899997,0],[105.948383066,-6.02059087499993,0],[105.948398952,-6.02061786699994,0],[105.948421292,-6.02064710899998,0],[105.948450085,-6.02067859999994,0],[105.948469244,-6.02069799199995,0],[105.948478769,-6.02070528499996,0],[105.948487178,-6.02071463799996,0],[105.948494471,-6.02072605199993,0],[105.948502554,-6.02073365299998,0],[105.948511387,-6.02073742199997,0],[105.948511428,-6.02073743999995,0],[105.94851649,-6.02074270699995,0],[105.948517677,-6.02074912499995,0],[105.948517738,-6.02074945499993,0],[105.948518648,-6.02075093099995,0],[105.948528826,-6.02076744999994,0],[105.948546938,-6.02079275499995,0],[105.948549756,-6.02079669199998,0],[105.948564939,-6.02081432999995,0],[105.948574376,-6.02082036699994,0],[105.948583889,-6.02082155199997,0],[105.948592436,-6.02082261699996,0],[105.948619121,-6.02082107899997,0],[105.948630368,-6.02083015499994,0],[105.948626176,-6.02084984599998,0],[105.948621177,-6.02086221699994,0],[105.948615369,-6.02086726999994,0],[105.948614915,-6.02087626899993,0],[105.948614517,-6.02088414399998,0],[105.948615631,-6.02089193899997,0],[105.94861862,-6.02091284099993,0],[105.948619947,-6.02093353799995,0],[105.948618497,-6.02094623399995,0],[105.948619433,-6.02095325499994,0],[105.948622754,-6.02095459899994,0],[105.948621234,-6.02097214199995,0],[105.948614873,-6.02100588199994,0],[105.948618981,-6.02102643299997,0],[105.948633557,-6.02103379699997,0],[105.948642581,-6.02104391899996,0],[105.948646052,-6.02105679999994,0],[105.948645674,-6.02106886399997,0],[105.948641447,-6.02108010999996,0],[105.948633487,-6.02108214499998,0],[105.948621792,-6.02107496599996,0],[105.948614042,-6.02107215399997,0],[105.948610238,-6.02107370899995,0],[105.948608085,-6.02108067299997,0],[105.948607584,-6.02109304399994,0],[105.948610571,-6.02110372799996,0],[105.948617047,-6.02111272599996,0],[105.948615501,-6.02112273799997,0],[105.948605932,-6.02113376499995,0],[105.948605414,-6.02114276299994,0],[105.948613946,-6.02114972999993,0],[105.948616142,-6.02115417699997,0],[105.948612004,-6.02115610099997,0],[105.948599518,-6.02115451999993,0],[105.948590852,-6.02115240299997,0],[105.948578685,-6.02114943199996,0],[105.948558603,-6.02115726499994,0],[105.948539273,-6.02117801899993,0],[105.948523861,-6.02119184899993,0],[105.948512369,-6.02119875499994,0],[105.948501122,-6.02120748899995,0],[105.948490121,-6.02121805099995,0],[105.948482161,-6.02122358599996,0],[105.94847724,-6.02122409499998,0],[105.948468699,-6.02124030599992,0],[105.948456539,-6.02127221999996,0],[105.948456675,-6.02129049999996,0],[105.948461423,-6.02129227499995,0],[105.948469108,-6.02129514799998,0],[105.94847525,-6.02130062199996,0],[105.948475101,-6.02130692199995,0],[105.948471573,-6.02130886899994,0],[105.948464666,-6.02130646099994,0],[105.948464878,-6.02131110899995,0],[105.948472205,-6.02132281199994,0],[105.948471279,-6.02132922799996,0],[105.948470989,-6.02133123399994,0],[105.948461227,-6.02133637499998,0],[105.948461143,-6.02133636199994,0],[105.948452168,-6.02133495099997,0],[105.948443812,-6.02132696499996,0],[105.948437384,-6.02132643699997,0],[105.948432886,-6.02133336899993,0],[105.948430575,-6.02134272699993,0],[105.948430452,-6.02135450999998,0],[105.948428677,-6.02136192799998,0],[105.948428203,-6.02136390699997,0],[105.948423827,-6.02137091899993,0],[105.948423889,-6.02137956499996,0],[105.948428387,-6.02138984499993,0],[105.948433971,-6.02139527499997,0],[105.94844064,-6.02139585499998,0],[105.948447541,-6.02140079799995,0],[105.948454676,-6.02141010299994,0],[105.94846475,-6.02141581299998,0],[105.948477763,-6.02141793099997,0],[105.948496175,-6.02142789999994,0],[105.948519986,-6.02144571899993,0],[105.948542538,-6.02145803299993,0],[105.948563827,-6.02146484299993,0],[105.948575285,-6.02147158999998,0],[105.94857691,-6.02147827699997,0],[105.948585697,-6.02148411099995,0],[105.948601645,-6.02148909399995,0],[105.94871612,-6.02153765199995,0],[105.948730723,-6.02154027099994,0],[105.948747739,-6.02154125099997,0],[105.948767166,-6.02154059199995,0],[105.948785916,-6.02154307799998,0],[105.94880399,-6.02154870999993,0],[105.948827485,-6.02155108199997,0],[105.948856402,-6.02155019499997,0],[105.948886768,-6.02155229999994,0],[105.948918584,-6.02155739599993,0],[105.948935617,-6.02156130599997,0],[105.948937866,-6.02156402899993,0],[105.9489462,-6.02156423199995,0],[105.948960619,-6.02156191199992,0],[105.948979576,-6.02156137599997,0],[105.949003071,-6.02156262299997,0],[105.949017099,-6.02156546599997,0],[105.949021659,-6.02156990299994,0],[105.949031944,-6.02157218299993,0],[105.949047953,-6.02157230699993,0],[105.949060456,-6.02157021499994,0],[105.949069453,-6.02156590999994,0],[105.949075077,-6.02156558499996,0],[105.949077327,-6.02156923999996,0],[105.949088125,-6.02157075199995,0],[105.949107473,-6.02157011799994,0],[105.949134417,-6.02156682799995,0],[105.949168956,-6.02156087899994,0],[105.949192324,-6.02155795299996,0],[105.949204521,-6.02155805099994,0],[105.949214691,-6.02155602899995,0],[105.949222836,-6.02155189099994,0],[105.949231407,-6.02155201399995,0],[105.949240404,-6.02155639799997,0],[105.949248277,-6.02155726299998,0],[105.949255025,-6.02155461099994,0],[105.949274145,-6.02155201799997,0],[105.949305636,-6.02154948799995,0],[105.949321505,-6.02154294199994,0],[105.94932175,-6.02153237999994,0],[105.949327119,-6.02152835699997,0],[105.94933761,-6.02153086899995,0],[105.94934311,-6.02153556599995,0],[105.94934362,-6.02154244499997,0],[105.949349265,-6.02154467199995,0],[105.949360046,-6.02154224799995,0],[105.949374667,-6.02154356099993,0],[105.949393128,-6.02154861399993,0],[105.949404124,-6.02154789699995,0],[105.949407657,-6.02154141299997,0],[105.949415929,-6.02153640499995,0],[105.949428942,-6.02153287299996,0],[105.94943312,-6.02152885699996,0],[105.949428463,-6.02152435899995,0],[105.949431437,-6.02151587499998,0],[105.949437323,-6.02150895399996,0],[105.949442042,-6.02150340599997,0],[105.949450719,-6.02149750699994,0],[105.949457468,-6.02149817399993,0],[105.949464036,-6.02150197899994,0],[105.949470423,-6.02150892099996,0],[105.949471388,-6.02151465899993,0],[105.949472567,-6.02152167399993,0],[105.949470467,-6.02154023999998,0],[105.949474118,-6.02155063799995,0],[105.94948352,-6.02155287099993,0],[105.949490373,-6.02155212299994,0],[105.949494678,-6.02154839799994,0],[105.949501053,-6.02153565399993,0],[105.949506891,-6.02152060499998,0],[105.949509497,-6.02151388899995,0],[105.949518696,-6.02150123599995,0],[105.949528651,-6.02149769599993,0],[105.949538228,-6.02149715099995,0],[105.949547429,-6.02149960199995,0],[105.949556223,-6.02149857799998,0],[105.949564615,-6.02149407999997,0],[105.949569865,-6.02149497199997,0],[105.949571973,-6.02150125399993,0],[105.949578454,-6.02150630599994,0],[105.949589305,-6.02151012799993,0],[105.94959934,-6.02151792999996,0],[105.94965461,-6.02155772499998,0],[105.949658991,-6.02156087899994,0],[105.949676543,-6.02156595899993,0],[105.949821231,-6.02160783999994,0],[105.94981899,-6.02164070099997,0],[105.949858855,-6.02165694799993,0],[105.949868251,-6.02165975399993,0],[105.949881352,-6.02165517699996,0],[105.949887015,-6.02165746599997,0],[105.94988524,-6.02166662199994,0],[105.949887569,-6.02167340499994,0],[105.949894,-6.02167781499998,0],[105.949900591,-6.02167701099995,0],[105.949907339,-6.02167099299993,0],[105.949914649,-6.02166919199993,0],[105.949922522,-6.02167160699997,0],[105.949929042,-6.02167922999996,0],[105.949934207,-6.02169205799993,0],[105.949939304,-6.02169820899996,0],[105.94994433,-6.02169768199997,0],[105.949949057,-6.02170266799993,0],[105.949953485,-6.02171316799996,0],[105.949963151,-6.02171924899994,0],[105.949978052,-6.02172090899995,0],[105.949985847,-6.02172798599997,0],[105.949986531,-6.02174048099994,0],[105.949994835,-6.02174794099994,0],[105.950010756,-6.02175036599994,0],[105.950024323,-6.02175382799993,0],[105.950035534,-6.02175832699993,0],[105.950039972,-6.02176388799995,0],[105.950037634,-6.02177051299998,0],[105.950037546,-6.02178052999994,0],[105.950039708,-6.02179393799997,0],[105.95003976,-6.02180381899996,0],[105.950037704,-6.02181017099997,0],[105.950042568,-6.02181476699997,0],[105.950054351,-6.02181760499997,0],[105.950058076,-6.02182239799993,0],[105.950053745,-6.02182914599996,0],[105.950055954,-6.02183341599994,0],[105.950064706,-6.02183520899996,0],[105.950069978,-6.02183953599996,0],[105.95007177,-6.02184639799998,0],[105.95007941,-6.02184887199996,0],[105.950092897,-6.02184695599993,0],[105.950110756,-6.02185513599994,0],[105.950132986,-6.02187341299998,0],[105.95013773,-6.02188916199998,0],[105.95012499,-6.02190238699995,0],[105.950119512,-6.02191125599995,0],[105.950121296,-6.02191577299993,0],[105.950127802,-6.02191480599993,0],[105.950139031,-6.02190835599993,0],[105.950151394,-6.02190966999996,0],[105.95016489,-6.02191874699997,0],[105.950168949,-6.02193095999996,0],[105.950163572,-6.02194630999998,0],[105.950164486,-6.02195735899994,0],[105.950171691,-6.02196410799996,0],[105.950171032,-6.02196970399996,0],[105.950162508,-6.02197414999995,0],[105.950158221,-6.02197981399996,0],[105.950158168,-6.02198669299997,0],[105.950162218,-6.02199388999998,0],[105.950170373,-6.02200140199994,0],[105.950176009,-6.02200247399998,0],[105.950179129,-6.02199710599996,0],[105.950185231,-6.02199555899995,0],[105.950194316,-6.02199783499998,0],[105.950197523,-6.02200137599993,0],[105.950194852,-6.02200618199993,0],[105.95020008,-6.02200989399995,0],[105.950213207,-6.02201251299994,0],[105.950220671,-6.02201854399993,0],[105.950222473,-6.02202798999997,0],[105.950218312,-6.02203995299993,0],[105.95020819,-6.02205443399993,0],[105.950208752,-6.02206054399994,0],[105.950219999,-6.02205828599995,0],[105.950226575,-6.02206268399993,0],[105.950228482,-6.02207373699997,0],[105.950226612,-6.02207713599995,0],[105.950224261,-6.02208140799996,0],[105.95021391,-6.02208569599998,0],[105.950212346,-6.02215241599993,0],[105.950170869,-6.02224208699994,0],[105.950147686,-6.02225155099995,0],[105.950081664,-6.02225699799993,0],[105.950036404,-6.02228351599996,0],[105.950032977,-6.02229476299993,0],[105.950024411,-6.02230455099993,0],[105.950010704,-6.02231288099995,0],[105.950004997,-6.02232525199997,0],[105.95000729,-6.02234166599993,0],[105.950006732,-6.02235324599997,0],[105.950003323,-6.02235999399994,0],[105.950005674,-6.02236470399993,0],[105.950013784,-6.02236737499993,0],[105.950015088,-6.02237412299996,0],[105.950009588,-6.02238494799997,0],[105.950012422,-6.02239260899995,0],[105.950023589,-6.02239710799995,0],[105.950027674,-6.02240293399996,0],[105.950024678,-6.02241008599998,0],[105.950019807,-6.02241066599993,0],[105.950013059,-6.02240467399997,0],[105.95000631,-6.02240918499996,0],[105.949999562,-6.02242420199997,0],[105.949997796,-6.02243374399995,0],[105.950001012,-6.02243781199996,0],[105.949998763,-6.02244335599994,0],[105.949991048,-6.02245037699993,0],[105.949984941,-6.02244979699998,0],[105.949980442,-6.02244161599998,0],[105.949973695,-6.02243729799994,0],[105.949964698,-6.02243684099994,0],[105.949949505,-6.02244472299998,0],[105.949928118,-6.02246094299994,0],[105.949910779,-6.02247299699997,0],[105.949897485,-6.02248088799996,0],[105.949888944,-6.02248921799998,0],[105.949885157,-6.02249798699995,0],[105.949890384,-6.02249997699994,0],[105.949904628,-6.02249518899993,0],[105.949915822,-6.02249980099998,0],[105.949923967,-6.02251381599996,0],[105.949923295,-6.02252715799995,0],[105.949913806,-6.02253982799994,0],[105.949901619,-6.02254994999993,0],[105.949886734,-6.02255752399998,0],[105.949874275,-6.02256693499993,0],[105.949864241,-6.02257818199996,0],[105.949861969,-6.02258830299996,0],[105.949867461,-6.02259730099996,0],[105.94987246,-6.02259893099995,0],[105.949876968,-6.02259319299998,0],[105.949888219,-6.02258714899995,0],[105.949906214,-6.02258079599994,0],[105.94991624,-6.02257457099995,0],[105.949918295,-6.02256847199993,0],[105.949925456,-6.02256368399998,0],[105.949937723,-6.02256020399994,0],[105.949945336,-6.02255544699995,0],[105.949948297,-6.02254940999995,0],[105.949955757,-6.02254488499995,0],[105.949967715,-6.02254187199998,0],[105.949978853,-6.02253501299998,0],[105.949989167,-6.02252431099993,0],[105.94999574,-6.02252072599993,0],[105.949998569,-6.02252425899997,0],[105.950005783,-6.02252194799996,0],[105.950017381,-6.02251379399996,0],[105.950025869,-6.02250505999996,0],[105.950031246,-6.02249574599995,0],[105.950041676,-6.02248870799997,0],[105.950057158,-6.02248394599997,0],[105.950071484,-6.02247661299998,0],[105.950084656,-6.02246671099994,0],[105.950093749,-6.02245628199995,0],[105.950098766,-6.02244532499998,0],[105.950097998,-6.02243922299994,0],[105.950091443,-6.02243797499995,0],[105.950089914,-6.02243081799998,0],[105.950093411,-6.02241775199997,0],[105.950099623,-6.02241046799998,0],[105.950108551,-6.02240896599994,0],[105.950111815,-6.02240476599997,0],[105.950109416,-6.02239786899997,0],[105.950104003,-6.02239435399997,0],[105.950095577,-6.02239422199995,0],[105.950094049,-6.02238931999995,0],[105.950099417,-6.02237964599993,0],[105.950108239,-6.02237468099997,0],[105.950120514,-6.02237442599994,0],[105.950133399,-6.02237108299994,0],[105.950175149,-6.02234326899998,0],[105.950173171,-6.02233603699995,0],[105.950174423,-6.02232878499996,0],[105.950178905,-6.02232150899994,0],[105.950181092,-6.02230892599994,0],[105.950180987,-6.02229103699995,0],[105.950182089,-6.02227889799997,0],[105.9501844,-6.02227250999994,0],[105.950191171,-6.02226808599994,0],[105.9502024,-6.02226562699997,0],[105.950210241,-6.02225997199997,0],[105.950214697,-6.02225112399998,0],[105.950223153,-6.02224775099995,0],[105.950235612,-6.02224984999998,0],[105.950241051,-6.02225753899995,0],[105.95023947,-6.02227081499996,0],[105.950246499,-6.02227660099993,0],[105.95026214,-6.02227489699993,0],[105.950272231,-6.02227823899995,0],[105.950276773,-6.02228663099993,0],[105.950282674,-6.02229209199993,0],[105.950289931,-6.02229462199995,0],[105.950293674,-6.02229274199993,0],[105.950293902,-6.02228645099996,0],[105.950299614,-6.02227877999997,0],[105.950310808,-6.02226972999995,0],[105.950322894,-6.02226618499998,0],[105.950335872,-6.02226814399995,0],[105.950344667,-6.02227783999996,0],[105.95034928,-6.02229527299994,0],[105.950357961,-6.02230046499994,0],[105.95037071,-6.02229341799995,0],[105.950377459,-6.02227958799995,0],[105.950378205,-6.02225897499994,0],[105.950379923,-6.02224607199997,0],[105.95038153,-6.02224296799994,0],[105.950381324,-6.02224100299998,0],[105.950375242,-6.02223255699994,0],[105.95037136,-6.02223197799998,0],[105.950362556,-6.02222673299997,0],[105.950357504,-6.02221811299995,0],[105.950361142,-6.02220647099995,0],[105.95037347,-6.02219180599997,0],[105.950386092,-6.02218758499993,0],[105.950399007,-6.02219380499997,0],[105.950411502,-6.02219427999995,0],[105.950423575,-6.02218900799994,0],[105.950435801,-6.02218675799998,0],[105.950448181,-6.02218753199998,0],[105.950465789,-6.02218372699997,0],[105.950488625,-6.02217534399995,0],[105.95050166,-6.02216908899993,0],[105.950504894,-6.02216495999994,0],[105.950519014,-6.02215965199997,0],[105.950544021,-6.02215316799993,0],[105.950561756,-6.02214503499994,0],[105.950572221,-6.02213525699995,0],[105.950582844,-6.02212760799995,0],[105.950593625,-6.02212208899994,0],[105.950598779,-6.02212161899996,0],[105.950598304,-6.02212619699998,0],[105.950602679,-6.02212747499993,0],[105.950611905,-6.02212545499998,0],[105.950622265,-6.02211938799996,0],[105.950633757,-6.02210927399994,0],[105.950646955,-6.02210377399996,0],[105.950661857,-6.02210288599997,0],[105.950668161,-6.02209906899998,0],[105.950665868,-6.02209232099995,0],[105.950669295,-6.02208745299993,0],[105.950678441,-6.02208446499998,0],[105.9506874,-6.02208446599997,0],[105.950696169,-6.02208745299993,0],[105.950702161,-6.02208070399996,0],[105.950705377,-6.02206422099994,0],[105.950714177,-6.02205859799994,0],[105.95072856,-6.02206383499993,0],[105.95073656,-6.02206095699995,0],[105.950738177,-6.02204996499995,0],[105.950744481,-6.02204501799997,0],[105.950755473,-6.02204611599996,0],[105.9507635,-6.02203727299997,0],[105.950767675,-6.02202177499993,0],[105.950768561,-6.02201848699997,0],[105.950783181,-6.02201141899997,0],[105.950785325,-6.02201183099993,0],[105.950807362,-6.02201606699998,0],[105.950822826,-6.02201289899995,0],[105.950829574,-6.02200191599997,0],[105.95083982,-6.02199481199995,0],[105.950853562,-6.02199158699995,0],[105.950867028,-6.02198544499993,0],[105.950880216,-6.02197638599995,0],[105.950886173,-6.02196559699996,0],[105.950885155,-6.02195558999995,0],[105.950884899,-6.02195307599993,0],[105.950886441,-6.02194337099996,0],[105.9508908,-6.02193648299993,0],[105.95089908,-6.02193178599993,0],[105.950911285,-6.02192928199997,0],[105.950916987,-6.02193048499993,0],[105.950916188,-6.02193539699994,0],[105.950918814,-6.02193662699995,0],[105.950920783,-6.02193754999996,0],[105.950930773,-6.02193694399995,0],[105.950935931,-6.02194045399995,0],[105.950936256,-6.02194808099995,0],[105.950945781,-6.02194229499997,0],[105.950964505,-6.02192309599997,0],[105.950980251,-6.02190829999995,0],[105.950993017,-6.02189790499995,0],[105.951002819,-6.02189232599994,0],[105.951009655,-6.02189156099996,0],[105.951025159,-6.02187876299996,0],[105.95104933,-6.02185393299993,0],[105.951063934,-6.02184266799998,0],[105.951068969,-6.02184497099995,0],[105.951073155,-6.02184159699993,0],[105.951076494,-6.02183254699997,0],[105.951085738,-6.02182464799995,0],[105.951100886,-6.02181789899993,0],[105.95111606,-6.02180743499997,0],[105.95113126,-6.02179325299994,0],[105.951141553,-6.02178181699998,0],[105.951142319,-6.02178096499995,0],[105.951149233,-6.02177056999994,0],[105.951150358,-6.02175768499995,0],[105.951145693,-6.02174230899993,0],[105.95114691,-6.02173340399997,0],[105.951154009,-6.02173096999996,0],[105.951159632,-6.02172522299998,0],[105.95116378,-6.02171616399994,0],[105.951169215,-6.02171150299995,0],[105.951175936,-6.02171123999995,0],[105.951181524,-6.02171900199994,0],[105.951185979,-6.02173479199996,0],[105.951191615,-6.02174221599995,0],[105.951198434,-6.02174127599994,0],[105.951204768,-6.02173773899995,0],[105.951211966,-6.02173371999993,0],[105.951232209,-6.02171954699998,0],[105.951240586,-6.02171276499996,0],[105.951246312,-6.02170812799994,0],[105.951254272,-6.02169946599997,0],[105.951262277,-6.02169474699997,0],[105.951267089,-6.02169428499997,0],[105.951270325,-6.02169397399996,0],[105.951273527,-6.02168979599998,0],[105.951275167,-6.02168765599993,0],[105.951276801,-6.02167579399998,0],[105.951280043,-6.02167104499995,0],[105.951284894,-6.02167340899996,0],[105.951293096,-6.02167148899997,0],[105.95130465,-6.02166528599997,0],[105.951314773,-6.02165574699995,0],[105.951323462,-6.02164287599993,0],[105.951331014,-6.02163614099993,0],[105.951337428,-6.02163554299995,0],[105.951342239,-6.02163170399996,0],[105.951345446,-6.02162462099994,0],[105.95135454,-6.02162332999995,0],[105.951360213,-6.02162503299996,0],[105.951369521,-6.02162782799996,0],[105.951378207,-6.02162568499995,0],[105.951380597,-6.02161689799993,0],[105.951388742,-6.02161035199993,0],[105.951402642,-6.02160604699998,0],[105.951412267,-6.02160031799997,0],[105.951417619,-6.02159316599995,0],[105.951416432,-6.02158410699997,0],[105.951414999,-6.02158207199994,0],[105.951408709,-6.02157314099998,0],[105.951409135,-6.02156871299997,0],[105.951417711,-6.02157082199994,0],[105.951419803,-6.02156507499996,0],[105.951415409,-6.02155147399998,0],[105.951414575,-6.02154149999996,0],[105.951417298,-6.02153515699996,0],[105.951422592,-6.02153211199993,0],[105.951430456,-6.02153236699996,0],[105.951435974,-6.02152776299994,0],[105.951439146,-6.02151829999997,0],[105.951446241,-6.02151206599996,0],[105.951457259,-6.02150906099996,0],[105.951466301,-6.02151119599995,0],[105.951473365,-6.02151847099998,0],[105.951480359,-6.02151873499997,0],[105.951487282,-6.02151198699994,0],[105.951484102,-6.02150748799994,0],[105.951470817,-6.02150523899996,0],[105.951468321,-6.02149896099996,0],[105.951476616,-6.02148865399994,0],[105.951484137,-6.02148439699994,0],[105.951490885,-6.02148618999996,0],[105.951500779,-6.02148482299998,0],[105.951513818,-6.02148029799997,0],[105.951524186,-6.02148255099996,0],[105.951531287,-6.02149088399995,0],[105.951531884,-6.02149158399993,0],[105.951540393,-6.02149401399993,0],[105.951549716,-6.02148984099995,0],[105.951560365,-6.02148846999995,0],[105.951572341,-6.02148990199993,0],[105.951579805,-6.02148801299995,0],[105.951582757,-6.02148280199998,0],[105.951590982,-6.02147750799998,0],[105.951604478,-6.02147213099994,0],[105.951612697,-6.02146608599998,0],[105.951615641,-6.02145937299997,0],[105.951622657,-6.02145368799995,0],[105.951633746,-6.02144903099997,0],[105.951640511,-6.02144230099998,0],[105.951642954,-6.02143349599993,0],[105.951648142,-6.02142985499995,0],[105.951656077,-6.02143137499996,0],[105.951665351,-6.02142313799993,0],[105.951675965,-6.02140514199994,0],[105.951684844,-6.02139248499998,0],[105.951691987,-6.02138516599996,0],[105.951700673,-6.02138212199998,0],[105.951710901,-6.02138335199993,0],[105.951718584,-6.02137913799993,0],[105.951723725,-6.02136948299994,0],[105.9517247,-6.02136240499993,0],[105.95172151,-6.02135790599993,0],[105.951727032,-6.02135395599993,0],[105.951741267,-6.02135055599996,0],[105.951759547,-6.02134268299994,0],[105.951781874,-6.02133033799993,0],[105.951792884,-6.02132191599998,0],[105.951792576,-6.02131741699998,0],[105.95180141,-6.02130872299995,0],[105.951819388,-6.02129583299995,0],[105.951829839,-6.02128635199995,0],[105.951832766,-6.02128028199996,0],[105.951838147,-6.02127654299994,0],[105.951845985,-6.02127513599993,0],[105.951856902,-6.02126580999993,0],[105.951870899,-6.02124856199993,0],[105.951882607,-6.02123625199994,0],[105.951892027,-6.02122887999997,0],[105.951897338,-6.02122242099995,0],[105.951898542,-6.02121687699997,0],[105.95190873,-6.02120563099993,0],[105.951927902,-6.02118868099996,0],[105.951942215,-6.02117795699996,0],[105.951951669,-6.02117345899995,0],[105.951954806,-6.02116671099998,0],[105.951951625,-6.02115771299998,0],[105.951951402,-6.02114818499996,0],[105.951954134,-6.02113812299996,0],[105.951958488,-6.02113250099995,0],[105.951964462,-6.02113131399994,0],[105.95196763,-6.02112284799995,0],[105.95196799,-6.02110710299996,0],[105.951973904,-6.02109698099997,0],[105.951985371,-6.02109248199997,0],[105.951990981,-6.02108536099996,0],[105.951990734,-6.02107561599996,0],[105.951993704,-6.02106877499995,0],[105.95199989,-6.02106483899996,0],[105.952006576,-6.02105540199994,0],[105.952013764,-6.02104046499994,0],[105.952020446,-6.02103265899996,0],[105.952026623,-6.02103198199995,0],[105.952029685,-6.02102564699993,0],[105.952029632,-6.02101365299995,0],[105.952031447,-6.02100509099995,0],[105.952035128,-6.02099995999993,0],[105.952039662,-6.02099919999995,0],[105.952045048,-6.02100280999997,0],[105.952048848,-6.02099676199992,0],[105.952051063,-6.02098105099998,0],[105.952046907,-6.02097283499995,0],[105.952036381,-6.02097211499995,0],[105.952032269,-6.02096691399993,0],[105.95203457,-6.02095723099995,0],[105.952040154,-6.02094894899994,0],[105.95204902,-6.02094206899994,0],[105.95206575,-6.02093716699994,0],[105.952090343,-6.02093423999997,0],[105.952103628,-6.02092590199993,0],[105.952105606,-6.02091215099995,0],[105.952103795,-6.02090132599994,0],[105.952098199,-6.02089342699998,0],[105.952098822,-6.02089017999998,0],[105.952105666,-6.02089158699994,0],[105.952108443,-6.02088441599994,0],[105.952107152,-6.02086867099996,0],[105.952108018,-6.02085904099994,0],[105.95211104,-6.02085552599993,0],[105.952110042,-6.02084765299998,0],[105.95209355,-6.02063542799993,0],[105.952099384,-6.02062466499996,0],[105.952101414,-6.02059970199997,0],[105.952105658,-6.02058819999996,0],[105.952112116,-6.02059015999993,0],[105.952115569,-6.02058769899998,0],[105.952116017,-6.02058081899997,0],[105.952128512,-6.02057625499998,0],[105.952153052,-6.02057400499996,0],[105.952164444,-6.02056656699995,0],[105.952162687,-6.02055394099995,0],[105.952169497,-6.02053957099997,0],[105.952184873,-6.02052345599998,0],[105.952196832,-6.02051400199997,0],[105.952205373,-6.02051120799996,0],[105.952208795,-6.02049746199998,0],[105.952207099,-6.02047276199994,0],[105.95220716,-6.02046377399995,0],[105.952207213,-6.02045591399997,0],[105.952209137,-6.02044691699996,0],[105.952208839,-6.02043767399994,0],[105.952206317,-6.02042818399997,0],[105.952199037,-6.02042295599995,0],[105.952187,-6.02042198899994,0],[105.952178902,-6.02041661199996,0],[105.952174746,-6.02040682299997,0],[105.952175362,-6.02039540099997,0],[105.952180748,-6.02038234399993,0],[105.952189842,-6.02037672099993,0],[105.952202644,-6.02037853099995,0],[105.95220589,-6.02037371999995,0],[105.952199582,-6.02036228899993,0],[105.95218986,-6.02035526899994,0],[105.952176724,-6.02035265899997,0],[105.952167204,-6.02034600299993,0],[105.952161299,-6.02033530099993,0],[105.952158189,-6.02032432699997,0],[105.952157872,-6.02031307999994,0],[105.952159941,-6.02030122199994,0],[105.952164396,-6.02028875399998,0],[105.952170648,-6.02027863299998,0],[105.952178696,-6.02027085599997,0],[105.952182954,-6.02026049299997,0],[105.952183419,-6.02024754099995,0],[105.952189003,-6.02023714199993,0],[105.952199705,-6.02022929599997,0],[105.952210679,-6.02022925199998,0],[105.952221926,-6.02023701099995,0],[105.952232048,-6.02023857399996,0],[105.952241045,-6.02023394399993,0],[105.952250043,-6.02023506899997,0],[105.952259041,-6.02024194899997,0],[105.952263963,-6.02024194299997,0],[105.952265942,-6.02024193999995,0],[105.952270749,-6.02023504199997,0],[105.952278467,-6.02023496699996,0],[105.952289099,-6.02024171599993,0],[105.952294569,-6.02024986099997,0],[105.952294876,-6.02025940299995,0],[105.952298303,-6.02025587499998,0],[105.952304849,-6.02023927799996,0],[105.952302859,-6.02022509599993,0],[105.952292333,-6.02021333099998,0],[105.95228544,-6.02020071299995,0],[105.95228218,-6.02018724399994,0],[105.952274048,-6.02018504299997,0],[105.952261044,-6.02019410999998,0],[105.95225971,-6.02019420799996,0],[105.952245791,-6.02019523499996,0],[105.952228287,-6.02018841699993,0],[105.952217041,-6.02018040799993,0],[105.95221205,-6.02017120799997,0],[105.952205104,-6.02016358099996,0],[105.952196203,-6.02015752799997,0],[105.952191151,-6.02015112599997,0],[105.952189947,-6.02014437799994,0],[105.952194248,-6.02013073199993,0],[105.952204054,-6.02011018999997,0],[105.952217207,-6.02009804699998,0],[105.952232174,-6.02009465199995,0],[105.952233709,-6.02009430399994,0],[105.952237232,-6.02008922099998,0],[105.952229809,-6.02008417799993,0],[105.952227778,-6.02008279799998,0],[105.952224057,-6.02007582099998,0],[105.952226068,-6.02006829099997,0],[105.952223964,-6.02006100699998,0],[105.952217744,-6.02005396899995,0],[105.952212534,-6.02004414199996,0],[105.952208333,-6.02003152399993,0],[105.952201725,-6.02002154699994,0],[105.952192711,-6.02001420999994,0],[105.952189056,-6.02000718099993,0],[105.95219076,-6.02000045899996,0],[105.952184851,-6.01999763399994,0],[105.952171329,-6.01999870599997,0],[105.952161725,-6.01999644299997,0],[105.952156041,-6.01999084599993,0],[105.952150053,-6.01998017499994,0],[105.952143761,-6.01996442999996,0],[105.952139029,-6.01994613599993,0],[105.952135858,-6.01992529499995,0],[105.952133208,-6.01991220199994,0],[105.952131771,-6.01990509899997,0],[105.952126772,-6.01988554799993,0],[105.952120494,-6.01987608099995,0],[105.952112938,-6.01987669599993,0],[105.952111131,-6.01987452599997,0],[105.952107336,-6.01986996999995,0],[105.95210573,-6.01986377499998,0],[105.95210369,-6.01985590299995,0],[105.95210517,-6.01984377699995,0],[105.952111778,-6.01983359299993,0],[105.952104876,-6.01981448799995,0],[105.952084465,-6.01978645799994,0],[105.952075296,-6.01976786099993,0],[105.95207737,-6.01975869799998,0],[105.9520727,-6.01975436999993,0],[105.952061286,-6.01975487999994,0],[105.952052623,-6.01975037999995,0],[105.952047302,-6.01974182699996,0],[105.952046709,-6.01974087299993,0],[105.952044991,-6.01973613699994,0],[105.952042944,-6.01973049699995,0],[105.952041327,-6.01971924999998,0],[105.952035498,-6.01971137699996,0],[105.952034806,-6.01971106699995,0],[105.952025455,-6.01970687799997,0],[105.952018548,-6.01969113299998,0],[105.952014778,-6.01966414099996,0],[105.952008857,-6.01964761299996,0],[105.952000782,-6.01964155099995,0],[105.951998546,-6.01962771999996,0],[105.952002148,-6.01960612299996,0],[105.951996868,-6.01959115599993,0],[105.951982704,-6.01958281599997,0],[105.951969998,-6.01956529699993,0],[105.951958752,-6.01953859399993,0],[105.951948599,-6.01952397799994,0],[105.95193954,-6.01952144799998,0],[105.95193476,-6.01951343399998,0],[105.951934259,-6.01949993799997,0],[105.951930327,-6.01949206499995,0],[105.951922964,-6.01948981599998,0],[105.951916198,-6.01948449099996,0],[105.95191003,-6.01947609099994,0],[105.951906177,-6.01945916299996,0],[105.951904639,-6.01943370899994,0],[105.951902688,-6.01942280499998,0],[105.951900325,-6.01942645099996,0],[105.951890924,-6.01941751099997,0],[105.951874484,-6.01939598499996,0],[105.951859393,-6.01937397299997,0],[105.951845651,-6.01935148099994,0],[105.951831355,-6.01933233899996,0],[105.951816506,-6.01931654899994,0],[105.951808519,-6.01930530199996,0],[105.951807394,-6.01929859799998,0],[105.951802417,-6.01929187199994,0],[105.951793586,-6.01928512399996,0],[105.951787356,-6.01927731799998,0],[105.951783728,-6.01926845199995,0],[105.951781311,-6.01925674799998,0],[105.951780108,-6.01924220599994,0],[105.951777467,-6.01923314299995,0],[105.95177339,-6.01922955799995,0],[105.951772275,-6.01922101699995,0],[105.95177412,-6.01920752199993,0],[105.951780652,-6.01919514999997,0],[105.951791873,-6.01918390299994,0],[105.951796556,-6.01917265599997,0],[105.951794702,-6.01916140999998,0],[105.95179515,-6.01915241199993,0],[105.951797901,-6.01914566399995,0],[105.951809622,-6.01913348599993,0],[105.951830314,-6.01911587699993,0],[105.951846332,-6.01910120899993,0],[105.951857675,-6.01908947899994,0],[105.951865324,-6.01907668999996,0],[105.951869278,-6.01906284199993,0],[105.951873729,-6.01905579599998,0],[105.951878675,-6.01905554899997,0],[105.951883218,-6.01904659599995,0],[105.951887356,-6.01902893499994,0],[105.951894104,-6.01901845699996,0],[105.951903462,-6.01901516199996,0],[105.951909833,-6.01900241299995,0],[105.951913215,-6.01898020899995,0],[105.951922212,-6.01896246399997,0],[105.951936824,-6.01894917999994,0],[105.951944184,-6.01893956299995,0],[105.951944289,-6.01893361399993,0],[105.951948792,-6.01892731399994,0],[105.951957692,-6.01892066299996,0],[105.951962139,-6.01891396699995,0],[105.95196213,-6.01890722799993,0],[105.951969155,-6.01889345499995,0],[105.951983213,-6.01887264899995,0],[105.951988305,-6.01885915299994,0],[105.95198443,-6.01885296599994,0],[105.951988134,-6.01884486099993,0],[105.951999416,-6.01883483599994,0],[105.95200782,-6.01882078999995,0],[105.952013347,-6.01880272499994,0],[105.952022181,-6.01879019099994,0],[105.952034325,-6.01878318799993,0],[105.952038533,-6.01877332499993,0],[105.952034808,-6.01876060199993,0],[105.952036214,-6.01874738799995,0],[105.95204275,-6.01873367999997,0],[105.95205014,-6.01872384799998,0],[105.952058382,-6.01871789099994,0],[105.952065491,-6.01870928899996,0],[105.952071465,-6.01869804199993,0],[105.952070648,-6.01868857899996,0],[105.952063039,-6.01868089899995,0],[105.952063079,-6.01867639699998,0],[105.952070767,-6.01867506999997,0],[105.952076856,-6.01865700899998,0],[105.952081345,-6.01862221499994,0],[105.952085599,-6.01860422399994,0],[105.952089613,-6.01860303799998,0],[105.952093265,-6.01859597299995,0],[105.952096551,-6.01858303099993,0],[105.95210148,-6.01857084899996,0],[105.952108052,-6.01855942599997,0],[105.952107385,-6.01854677699993,0],[105.952099477,-6.01853290299994,0],[105.952095812,-6.01852156899997,0],[105.952096392,-6.01851277399993,0],[105.952111037,-6.01848449199997,0],[105.952159316,-6.01839126099998,0],[105.952173592,-6.01837222499995,0],[105.952249735,-6.01829608199995,0],[105.952335396,-6.01823897499997,0],[105.95240678,-6.01816759099995,0],[105.952473404,-6.01810572599993,0],[105.952525752,-6.01807717199995,0],[105.952597136,-6.01800578799993,0],[105.95262569,-6.01794392199997,0],[105.952706015,-6.01791345299995,0],[105.952731972,-6.01790360699994,0],[105.952739098,-6.01790434399993,0],[105.952745486,-6.01791135699995,0],[105.952762773,-6.01791355699993,0],[105.95279096,-6.01791094799995,0],[105.95280801,-6.01790588699993,0],[105.952813924,-6.01789837399997,0],[105.952825878,-6.01789511399994,0],[105.952843873,-6.01789610799995,0],[105.952857369,-6.01789428899997,0],[105.952866366,-6.01788965799994,0],[105.952875364,-6.01788916999993,0],[105.952884361,-6.01789282499993,0],[105.952896175,-6.01788771999998,0],[105.952910804,-6.01787385599994,0],[105.952931536,-6.01786346899996,0],[105.95295837,-6.01785656399994,0],[105.952983672,-6.01784810699996,0],[105.953007439,-6.01783809799997,0],[105.953024946,-6.01782622299993,0],[105.953036193,-6.01781248099996,0],[105.95304744,-6.01780412999994,0],[105.953058687,-6.01780116899994,0],[105.953067684,-6.01780128699994,0],[105.953074432,-6.01780448599993,0],[105.953082059,-6.01780248699993,0],[105.953090564,-6.01779528999998,0],[105.953104061,-6.01778871799996,0],[105.953122548,-6.01778276899995,0],[105.953136834,-6.01777681299995,0],[105.953146921,-6.01777084599996,0],[105.953154793,-6.01776248499993,0],[105.953160452,-6.01775173099998,0],[105.953168861,-6.01774335799996,0],[105.95318002,-6.01773736499996,0],[105.953189017,-6.01773572599996,0],[105.953195853,-6.01773844199994,0],[105.953209394,-6.01773826599998,0],[105.953229638,-6.01773519999995,0],[105.953243134,-6.01772893899994,0],[105.953249882,-6.01771948499993,0],[105.953258484,-6.01771061899996,0],[105.953268939,-6.01770234199995,0],[105.953277937,-6.01769894599994,0],[105.953285476,-6.01770043099998,0],[105.953299403,-6.01769364799998,0],[105.953319717,-6.01767859599994,0],[105.953347834,-6.01766721299992,0],[105.953383754,-6.01765949899993,0],[105.953403962,-6.01765658599993,0],[105.953408462,-6.01765847499996,0],[105.953416528,-6.01765561899992,0],[105.95342816,-6.01764801899998,0],[105.953438199,-6.01763626299993,0],[105.953446643,-6.01762035099995,0],[105.953455193,-6.01761109799997,0],[105.953463847,-6.01760850599993,0],[105.953471803,-6.01760941499998,0],[105.953479062,-6.01761382599994,0],[105.953486108,-6.01761403699993,0],[105.953492944,-6.01761004799994,0],[105.953499692,-6.01761492499998,0],[105.953506352,-6.01762866599995,0],[105.953521452,-6.01763485699996,0],[105.953544991,-6.01763349499993,0],[105.953560736,-6.01764197799997,0],[105.953568688,-6.01766030799996,0],[105.953577001,-6.01766861899995,0],[105.953585673,-6.01766691399996,0],[105.953595549,-6.01767434399994,0],[105.953606629,-6.01769090599993,0],[105.953616681,-6.01770006599997,0],[105.953625705,-6.01770182299992,0],[105.953630352,-6.01770607599997,0],[105.953630625,-6.01771282499993,0],[105.953635027,-6.01771990199995,0],[105.953643559,-6.01772730899995,0],[105.953650403,-6.01772972499998,0],[105.953655561,-6.01772715099997,0],[105.953661949,-6.01772863599996,0],[105.953669567,-6.01773417999993,0],[105.953675177,-6.01774527299995,0],[105.95367878,-6.01776191499994,0],[105.953684824,-6.01777247199993,0],[105.953693312,-6.01777694399993,0],[105.953697692,-6.01778255399995,0],[105.953697965,-6.01778930199993,0],[105.953702064,-6.01779380199997,0],[105.953709989,-6.01779605099995,0],[105.953715577,-6.01780184099994,0],[105.953718829,-6.01781117199994,0],[105.953735435,-6.01782447499994,0],[105.953765397,-6.01784174899996,0],[105.953781309,-6.01785723999996,0],[105.953783173,-6.01787094699995,0],[105.95378906,-6.01788013799995,0],[105.953798971,-6.01788481199998,0],[105.953807652,-6.01789421399997,0],[105.953815103,-6.01790834299993,0],[105.953821394,-6.01791400599996,0],[105.953826525,-6.01791120299993,0],[105.953835518,-6.01791120699994,0],[105.953848373,-6.01791401799994,0],[105.953855696,-6.01791847799996,0],[105.953857489,-6.01792458399996,0],[105.953863284,-6.01792666299997,0],[105.953873081,-6.01792471199997,0],[105.953878238,-6.01792910099994,0],[105.953878757,-6.01793982999993,0],[105.953883392,-6.01794644099994,0],[105.953892143,-6.01794893599993,0],[105.953896137,-6.01795764799994,0],[105.953895372,-6.01797257599998,0],[105.953897846,-6.01798289599998,0],[105.953903557,-6.01798860799994,0],[105.953912906,-6.01799354599996,0],[105.953925893,-6.01799771099996,0],[105.953941427,-6.01799369899993,0],[105.95395951,-6.01798151299994,0],[105.953971938,-6.01797020799995,0],[105.953978713,-6.01795978699994,0],[105.953986586,-6.01795391399997,0],[105.953995557,-6.01795258699997,0],[105.954005204,-6.01794585199997,0],[105.954015528,-6.01793370899998,0],[105.954034837,-6.01791882899994,0],[105.954063129,-6.01790121199997,0],[105.954078014,-6.01788884099994,0],[105.95407949,-6.01788171499993,0],[105.954095156,-6.01786904399995,0],[105.954125013,-6.01785083099998,0],[105.954142059,-6.01784185399993,0],[105.954146294,-6.01784211799998,0],[105.954163107,-6.01783103399993,0],[105.954192499,-6.01780860199995,0],[105.954209391,-6.01779724599993,0],[105.954213784,-6.01779696399996,0],[105.954223853,-6.01778915799997,0],[105.954239599,-6.01777382499995,0],[105.954250845,-6.01776574999997,0],[105.954257594,-6.01776493299997,0],[105.954266591,-6.01775567699997,0],[105.954277837,-6.01773797999994,0],[105.954285868,-6.01772943099996,0],[105.954290684,-6.01773002799996,0],[105.954303055,-6.01772226599996,0],[105.954322983,-6.01770614199995,0],[105.954336321,-6.01769747499998,0],[105.954343068,-6.01769626199996,0],[105.954350942,-6.01769023799994,0],[105.954359939,-6.01767940499997,0],[105.954368937,-6.01767312199996,0],[105.954377934,-6.01767139199995,0],[105.954386131,-6.01766699799992,0],[105.95439353,-6.01765994199997,0],[105.954401403,-6.01765762299993,0],[105.95440975,-6.01766003899996,0],[105.954414723,-6.01766823699995,0],[105.954416322,-6.01768221699996,0],[105.954427569,-6.01769302899993,0],[105.954443021,-6.01769868099996,0],[105.954448464,-6.01770067199993,0],[105.954465659,-6.01770266699998,0],[105.954479155,-6.01769901199998,0],[105.954486206,-6.01769406499994,0],[105.954486812,-6.01768782599993,0],[105.954487068,-6.01768764299993,0],[105.954493561,-6.01768301199996,0],[105.954506451,-6.01767961999997,0],[105.954516071,-6.01768656599995,0],[105.954522424,-6.01770384899993,0],[105.954526391,-6.01770951099996,0],[105.954527973,-6.01770355399998,0],[105.954534076,-6.01770532499995,0],[105.954544698,-6.01771482299995,0],[105.954549728,-6.01772363599997,0],[105.954549399,-6.01772839099993,0],[105.954549166,-6.01773176399996,0],[105.954554508,-6.01773658299993,0],[105.954565755,-6.01773809499997,0],[105.954570255,-6.01773958699994,0],[105.954575877,-6.01774145099995,0],[105.954581791,-6.01774486899996,0],[105.954584875,-6.01774665199997,0],[105.954598371,-6.01775036999993,0],[105.954616365,-6.01775260099993,0],[105.954632941,-6.01775333499995,0],[105.954648098,-6.01775256999997,0],[105.954655523,-6.01774724099994,0],[105.954655376,-6.01774252299998,0],[105.954655215,-6.01773734799997,0],[105.954670478,-6.01772982199998,0],[105.954700847,-6.01772474099994,0],[105.95470131,-6.01772466399996,0],[105.954721084,-6.01771969599997,0],[105.9547298,-6.01771491599993,0],[105.955203122,-6.01775641999996,0],[105.955422032,-6.01796581299993,0],[105.956667574,-6.01924538599997,0],[105.957000111,-6.01958700799997,0],[105.957163798,-6.01975516799996,0],[105.957233019,-6.01983707299996,0],[105.957245816,-6.01985221499996,0],[105.957226216,-6.01988178299996,0],[105.957219345,-6.01988807399994,0],[105.957217201,-6.01989506899997,0],[105.95721062,-6.01989844299993,0],[105.957199601,-6.01989819699997,0],[105.957190402,-6.01990674599995,0],[105.957183021,-6.01992408999996,0],[105.957174033,-6.01993706899998,0],[105.957163436,-6.01994567899993,0],[105.957148016,-6.01994982199994,0],[105.957127772,-6.01994949699997,0],[105.957117279,-6.01995281299997,0],[105.957115457,-6.01995338899997,0],[105.957113991,-6.01995610099993,0],[105.957111073,-6.01996149899998,0],[105.957119082,-6.01997581299997,0],[105.957139484,-6.01999632899998,0],[105.957142397,-6.02001391999994,0],[105.957134281,-6.02002208499994,0],[105.95712782,-6.02002858499998,0],[105.957115053,-6.02003831099995,0],[105.957104097,-6.02004309999995,0],[105.957096628,-6.02004909299995,0],[105.957092648,-6.02005628899997,0],[105.957082231,-6.02006329599993,0],[105.957065378,-6.02007011399996,0],[105.957052787,-6.02007802299994,0],[105.957044457,-6.02008701999995,0],[105.957045011,-6.02009124599994,0],[105.957054448,-6.02009070099996,0],[105.957075202,-6.02008311799995,0],[105.957107273,-6.02006849799994,0],[105.95713539,-6.02005355599994,0],[105.957159553,-6.02003829399996,0],[105.957171474,-6.02004166599994,0],[105.95719592,-6.02004858299995,0],[105.957244492,-6.02008442299996,0],[105.957279854,-6.02011200799996,0],[105.957302005,-6.02013133899993,0],[105.957302467,-6.02013197399998,0],[105.957309733,-6.02014197399996,0],[105.957336733,-6.02013197399998,0],[105.957391865,-6.02011155599996,0],[105.957423017,-6.02009693099996,0],[105.957452927,-6.02008476999993,0],[105.957484936,-6.02008753799993,0],[105.957489958,-6.02009014399994,0],[105.957519046,-6.02010523399997,0],[105.957541706,-6.02011536499998,0],[105.957552918,-6.02011792999997,0],[105.957564261,-6.02011566399995,0],[105.957575736,-6.02010856399994,0],[105.957582669,-6.02009826699998,0],[105.957585059,-6.02008476999993,0],[105.957584598,-6.02007239899996,0],[105.957581285,-6.02006115199993,0],[105.957568821,-6.02003640899994,0],[105.957548246,-6.02000000899994,0],[105.957547207,-6.01999816999995,0],[105.957534057,-6.01997712199994,0],[105.957529374,-6.01997326499998,0],[105.957525183,-6.01996201799994,0],[105.957521484,-6.01994338099996,0],[105.95752289,-6.01993068899998,0],[105.957529401,-6.01992394099994,0],[105.957532304,-6.01991606899998,0],[105.957531602,-6.01990707099998,0],[105.957527867,-6.01990714999994,0],[105.957521101,-6.01991630599997,0],[105.957516225,-6.01991742999996,0],[105.957513238,-6.01991052399995,0],[105.957514344,-6.01990257299997,0],[105.957519546,-6.01989357499997,0],[105.95753729,-6.01987670499994,0],[105.957558358,-6.01985949399995,0],[105.957563593,-6.01985521799998,0],[105.957567578,-6.01985196199996,0],[105.957592418,-6.01983053199996,0],[105.95761181,-6.01981241399994,0],[105.957625723,-6.01980454099993,0],[105.957634158,-6.01980691299997,0],[105.957644913,-6.01981597199995,0],[105.957657987,-6.01983171799998,0],[105.95766839,-6.01984164699996,0],[105.957676122,-6.01984575899996,0],[105.957692817,-6.01986375399997,0],[105.957718474,-6.01989563099994,0],[105.957837661,-6.01983716399997,0],[105.957885251,-6.01976102099997,0],[105.95788525,-6.01959921699995,0],[105.957880492,-6.01954686899995,0],[105.957861456,-6.01948500399993,0],[105.957876172,-6.01947154099997,0],[105.958085125,-6.01928036999993,0],[105.958213616,-6.01930416399995,0],[105.958287566,-6.01927599399994,0],[105.958313553,-6.01926609399993,0],[105.958408732,-6.01923278099997,0],[105.958480116,-6.01918519099996,0],[105.958541982,-6.01914711999996,0],[105.958603848,-6.01909001299992,0],[105.95863716,-6.01901862899996,0],[105.958694902,-6.01891084299996,0],[105.958708544,-6.01888537899993,0],[105.958713303,-6.01882351399996,0],[105.95863716,-6.01875688799993,0],[105.958594329,-6.01871405799994,0],[105.958646678,-6.01863791499994,0],[105.958708544,-6.01859508499996,0],[105.958734098,-6.01857403799994,0],[105.958822372,-6.01850133399995,0],[105.958813567,-6.01848805699996,0],[105.958796794,-6.01846943799995,0],[105.958772051,-6.01844547799993,0],[105.958748433,-6.01843483699997,0],[105.95872594,-6.01843751699994,0],[105.958711319,-6.01843770999994,0],[105.95870457,-6.01843541699998,0],[105.958685737,-6.01841782999998,0],[105.958654816,-6.01838495099997,0],[105.958642445,-6.01836351199995,0],[105.958648622,-6.01835351299997,0],[105.958644962,-6.01835058299997,0],[105.958631467,-6.01835472099998,0],[105.958621345,-6.01835247099996,0],[105.958614597,-6.01834383399995,0],[105.958606724,-6.01833681799997,0],[105.958597726,-6.01833142299995,0],[105.958592335,-6.01832517599996,0],[105.958590552,-6.01831807599996,0],[105.958586053,-6.01831243099997,0],[105.95857884,-6.01830824099994,0],[105.958568115,-6.01829848699998,0],[105.958553881,-6.01828317299993,0],[105.958539489,-6.01826591999998,0],[105.958524939,-6.01824672999993,0],[105.958503929,-6.01822385899993,0],[105.958476462,-6.01819730499994,0],[105.958452893,-6.01817251399996,0],[105.95843322,-6.01814948499998,0],[105.958426851,-6.01814537999996,0],[105.958410735,-6.01813499199994,0],[105.958385438,-6.01812903499996,0],[105.958369417,-6.01812123199994,0],[105.958362669,-6.01811158399994,0],[105.958352656,-6.01810348299995,0],[105.95833938,-6.01809692799998,0],[105.958326604,-6.01808291799995,0],[105.958314329,-6.01806145299997,0],[105.958301848,-6.01804773699996,0],[105.95828916,-6.01804176999997,0],[105.958278129,-6.01804567599993,0],[105.958268754,-6.01805945299998,0],[105.9582607,-6.01806859999994,0],[105.95825397,-6.01807311599993,0],[105.958242389,-6.01807728099993,0],[105.958225959,-6.01808109499996,0],[105.958213767,-6.01808753499995,0],[105.958205815,-6.01809660299995,0],[105.958201106,-6.01809575399994,0],[105.95819336,-6.01809435799993,0],[105.958176402,-6.01808080099994,0],[105.958167998,-6.01807116599997,0],[105.958168147,-6.01806545499994,0],[105.958164254,-6.01805856999994,0],[105.95815632,-6.01805051299993,0],[105.958147178,-6.01804488999994,0],[105.958136827,-6.01804170099996,0],[105.958130779,-6.01803560699994,0],[105.95812903,-6.01802660999994,0],[105.958124083,-6.01802087999994,0],[105.958115937,-6.01801842099997,0],[105.958103465,-6.01800942299997,0],[105.958086665,-6.01799388899997,0],[105.958070221,-6.01798232099998,0],[105.958054133,-6.01797471999993,0],[105.958039482,-6.01795447599994,0],[105.958026266,-6.01792158799998,0],[105.957702201,-6.01752686199995,0],[105.957699499,-6.01751763099998,0],[105.957698664,-6.01750507399993,0],[105.957698488,-6.01750242999998,0],[105.957688788,-6.01749076199997,0],[105.957670398,-6.01748262599995,0],[105.957654108,-6.01746990699996,0],[105.957639918,-6.01745260599995,0],[105.957632691,-6.01744116199995,0],[105.957632427,-6.01743557399993,0],[105.957636495,-6.01743038099994,0],[105.957644895,-6.01742558299998,0],[105.9576504,-6.01741916499998,0],[105.957653009,-6.01741112499997,0],[105.957659608,-6.01740391199996,0],[105.957670196,-6.01739752399993,0],[105.957675881,-6.01738707199996,0],[105.957676663,-6.01737255699993,0],[105.957673873,-6.01735855099997,0],[105.957667512,-6.01734505399997,0],[105.957656116,-6.01733131699996,0],[105.957639685,-6.01731733699995,0],[105.95762502,-6.01730105099995,0],[105.957612121,-6.01728245899994,0],[105.957601239,-6.01727084799995,0],[105.957592374,-6.01726621699993,0],[105.957586438,-6.01725888499993,0],[105.957583433,-6.01724885099998,0],[105.957576945,-6.01724184299997,0],[105.957566971,-6.01723786299993,0],[105.957554372,-6.01722602299998,0],[105.957539145,-6.01720632399997,0],[105.957533912,-6.01720371299996,0],[105.957526712,-6.01720012099997,0],[105.957517073,-6.01720741299994,0],[105.957511744,-6.01721362899997,0],[105.957510724,-6.01721876999994,0],[105.957500923,-6.01722863199996,0],[105.95748234,-6.01724321899997,0],[105.957467737,-6.01724965399995,0],[105.957464349,-6.01724910799993,0],[105.957457113,-6.01724794099994,0],[105.957446715,-6.01724317399993,0],[105.95743654,-6.01723535499997,0],[105.95742948,-6.01722398499993,0],[105.957425535,-6.01720906499997,0],[105.957423525,-6.01720578099997,0],[105.957421234,-6.01720203999997,0],[105.957420184,-6.01720223599995,0],[105.957416577,-6.01720291099997,0],[105.957403674,-6.01719375399995,0],[105.957382525,-6.01717457299998,0],[105.957369749,-6.01715834499993,0],[105.957365347,-6.01714506799993,0],[105.95736537,-6.01714406299993,0],[105.957365575,-6.01713523599994,0],[105.957370434,-6.01712884799997,0],[105.957377665,-6.01712414299993,0],[105.95738727,-6.01712111999996,0],[105.957399092,-6.01710877999994,0],[105.957413132,-6.01708712099997,0],[105.957417816,-6.01707525499995,0],[105.957413141,-6.01707318099994,0],[105.957408809,-6.01706558099994,0],[105.95740482,-6.01705245399995,0],[105.957399013,-6.01704324999997,0],[105.957391386,-6.01703796899994,0],[105.957381949,-6.01703806599994,0],[105.957370702,-6.01704353999997,0],[105.957362636,-6.01704936099998,0],[105.957357751,-6.01705552899995,0],[105.957351003,-6.01705956199993,0],[105.957342392,-6.01706145999998,0],[105.957333588,-6.01706707899996,0],[105.95732459,-6.01707641899998,0],[105.957314469,-6.01708235399997,0],[105.957308492,-6.01708369899995,0],[105.957303222,-6.01708488499997,0],[105.957295779,-6.01708058399993,0],[105.957292141,-6.01706945199993,0],[105.957284177,-6.01706172799993,0],[105.957271885,-6.01705741399996,0],[105.957263357,-6.01705088999995,0],[105.957258595,-6.01704215599995,0],[105.957252128,-6.01703625099998,0],[105.957243956,-6.01703317599993,0],[105.957237911,-6.01702507899995,0],[105.957233992,-6.01701196099998,0],[105.957225931,-6.01700138199993,0],[105.957213726,-6.01699334199998,0],[105.957197155,-6.01697569399994,0],[105.957176216,-6.01694843799993,0],[105.957158898,-6.01692996499997,0],[105.9571452,-6.01692027299993,0],[105.957133685,-6.01690816999997,0],[105.957124354,-6.01689365499993,0],[105.957108621,-6.01687609499993,0],[105.957086488,-6.01685548999995,0],[105.957073607,-6.01683980599995,0],[105.957070779,-6.01683141499996,0],[105.957069979,-6.01682904199993,0],[105.95706254,-6.01682225999997,0],[105.957062034,-6.01682213399994,0],[105.957051294,-6.01681945699994,0],[105.95704495,-6.01681315699994,0],[105.957043509,-6.01680335899994,0],[105.95704183,-6.01680069199995,0],[105.957039717,-6.01679733599997,0],[105.957038115,-6.01679674899998,0],[105.957033575,-6.01679508699993,0],[105.95703442,-6.01679282699996,0],[105.957037749,-6.01678391999997,0],[105.957052238,-6.01676383299997,0],[105.957066604,-6.01674921299997,0],[105.957080847,-6.01674005699994,0],[105.957088909,-6.01673296099995,0],[105.957090789,-6.01672792699998,0],[105.957082737,-6.01671528399993,0],[105.957064751,-6.01669503099993,0],[105.957052471,-6.01668553699994,0],[105.957045898,-6.01668680199998,0],[105.95703687,-6.01669293899994,0],[105.957025386,-6.01670394799993,0],[105.957013503,-6.01671230899996,0],[105.957001219,-6.01671802099997,0],[105.9569935,-6.01672379799993,0],[105.956990346,-6.01672963999994,0],[105.956983874,-6.01673231599995,0],[105.956977081,-6.01673197399998,0],[105.956974086,-6.01673182399998,0],[105.956961319,-6.01672237799994,0],[105.956945574,-6.01670397899994,0],[105.956924447,-6.01668221899996,0],[105.956897938,-6.01665709899993,0],[105.956881437,-6.01663915699993,0],[105.956874943,-6.01662839299996,0],[105.956873291,-6.01661935099997,0],[105.956876481,-6.01661203299994,0],[105.956885359,-6.01660440999996,0],[105.956899928,-6.01659648499998,0],[105.956911091,-6.01658552399994,0],[105.95691885,-6.01657152599995,0],[105.956922729,-6.01656002899995,0],[105.956922729,-6.01655103099995,0],[105.956916895,-6.01653924099998,0],[105.956905226,-6.01652465499996,0],[105.956897015,-6.01651636399993,0],[105.956892262,-6.01651436999992,0],[105.956882095,-6.01650479299997,0],[105.956866517,-6.01648763299994,0],[105.956856241,-6.01647428999996,0],[105.956851268,-6.01646476499997,0],[105.956839898,-6.01645314099994,0],[105.956822132,-6.01643941599997,0],[105.956809809,-6.01642699599995,0],[105.956802929,-6.01641588199993,0],[105.956808733,-6.01640107199995,0],[105.956811483,-6.01639831899996,0],[105.956827219,-6.01638256699994,0],[105.956836182,-6.01636910699995,0],[105.956835619,-6.01636068899995,0],[105.956828313,-6.01635663399998,0],[105.956814263,-6.01635694199996,0],[105.95680393,-6.01635490299998,0],[105.956797314,-6.01635051799997,0],[105.956790842,-6.01633799299998,0],[105.956784516,-6.01631732699997,0],[105.956777702,-6.01630620399993,0],[105.956776555,-6.01630595499995,0],[105.956770401,-6.01630462199995,0],[105.956768999,-6.01629998299995,0],[105.956773499,-6.01629228499996,0],[105.956772998,-6.01628485699996,0],[105.956767497,-6.01627769499993,0],[105.956765098,-6.01626911599993,0],[105.956765802,-6.01625911599996,0],[105.956769851,-6.01625316799993,0],[105.956774935,-6.01625186399997,0],[105.95677725,-6.01625126999994,0],[105.956782399,-6.01624564599996,0],[105.956785299,-6.01623629799997,0],[105.956788119,-6.01617987499998,0],[105.95672569,-6.01614305999993,0],[105.956719311,-6.01612788499995,0],[105.95670741,-6.01611305699993,0],[105.956689986,-6.01609857799997,0],[105.956674403,-6.01608242299994,0],[105.956660661,-6.01606459499993,0],[105.956651585,-6.01605475899993,0],[105.956647174,-6.01605291399994,0],[105.956631666,-6.01603616699992,0],[105.95660506,-6.01600451799993,0],[105.956584468,-6.01598419399994,0],[105.956569892,-6.01597519599994,0],[105.956558241,-6.01596507399995,0],[105.956549516,-6.01595382799997,0],[105.956539693,-6.01594370499993,0],[105.956537523,-6.01594191699996,0],[105.956528771,-6.01593470799997,0],[105.956519299,-6.01592422599998,0],[105.956511277,-6.01591225799996,0],[105.956497192,-6.01589598799995,0],[105.956492549,-6.01589062599993,0],[105.956463113,-6.01585932899997,0],[105.956442509,-6.01584049899998,0],[105.956430735,-6.01583413699996,0],[105.956430274,-6.01583396699994,0],[105.956415631,-6.01582855799995,0],[105.956397196,-6.01582375999993,0],[105.95638595,-6.01582324699996,0],[105.956381891,-6.01582701599995,0],[105.956380256,-6.01581896699997,0],[105.956381047,-6.01579910099997,0],[105.956378363,-6.01578393999995,0],[105.956372204,-6.01577348399996,0],[105.956363434,-6.01576775599995,0],[105.956352056,-6.01576675299998,0],[105.956341613,-6.01576112999993,0],[105.956332106,-6.01575088499993,0],[105.956327809,-6.01574238899997,0],[105.956328723,-6.01573563999995,0],[105.956321623,-6.01573001699995,0],[105.956306511,-6.01572551799995,0],[105.956296151,-6.01571652099994,0],[105.956290546,-6.01570302499994,0],[105.956284905,-6.01569347799995,0],[105.956279228,-6.01568788099996,0],[105.956269642,-6.01568283699993,0],[105.956256146,-6.01567834699995,0],[105.956249517,-6.01567090499998,0],[105.956249754,-6.01566051099996,0],[105.956244482,-6.01565543199996,0],[105.956233701,-6.01565566899995,0],[105.95622571,-6.01564746699995,0],[105.956220508,-6.01563082499996,0],[105.956215016,-6.01562021999996,0],[105.956209235,-6.01561565099996,0],[105.956200989,-6.01561272499993,0],[105.956190278,-6.01561144199997,0],[105.956186214,-6.01560763299995,0],[105.956188797,-6.01560129799998,0],[105.956186921,-6.01559757799993,0],[105.956180587,-6.01559646999993,0],[105.9561723,-6.01558951599998,0],[105.956162064,-6.01557671299997,0],[105.956156441,-6.01556221099997,0],[105.95615543,-6.01554600899993,0],[105.956151055,-6.01553926099996,0],[105.956143314,-6.01554196699993,0],[105.956137691,-6.01554683099994,0],[105.956134185,-6.01555385099994,0],[105.956127445,-6.01554597799998,0],[105.956117473,-6.01552321199995,0],[105.956110724,-6.01550508099996,0],[105.956107201,-6.01549158499995,0],[105.956099328,-6.01548307599995,0],[105.956087106,-6.01547955199993,0],[105.956080617,-6.01547392899994,0],[105.956079862,-6.01546620499994,0],[105.956070882,-6.01545718999995,0],[105.956053678,-6.01544688399997,0],[105.956042172,-6.01543861999994,0],[105.956036364,-6.01543239899996,0],[105.956030086,-6.01543035999993,0],[105.956023338,-6.01543250499998,0],[105.956018839,-6.01542842299995,0],[105.95601659,-6.01541811699997,0],[105.956008717,-6.01541148699994,0],[105.955995221,-6.01540853499995,0],[105.955987348,-6.01540245499996,0],[105.955985099,-6.01539324599997,0],[105.955980257,-6.01538344899996,0],[105.955972824,-6.01537306299997,0],[105.955964829,-6.01536662299998,0],[105.95595627,-6.01536412699994,0],[105.955952834,-6.01535962899993,0],[105.955954521,-6.01535312699997,0],[105.955952562,-6.01534312799993,0],[105.955946956,-6.01532963099993,0],[105.955937361,-6.01532163599995,0],[105.955923778,-6.01531914099996,0],[105.955916524,-6.01531126799995,0],[105.955915602,-6.01529801799995,0],[105.955912104,-6.01528803599996,0],[105.955906033,-6.01528132299995,0],[105.955897884,-6.01527682399995,0],[105.955887656,-6.01527453999995,0],[105.955877965,-6.01526621899995,0],[105.955868809,-6.01525186199996,0],[105.955859592,-6.01524173899998,0],[105.955850313,-6.01523585299998,0],[105.955848235,-6.01522841099995,0],[105.955853294,-6.01521952499996,0],[105.955853358,-6.01521941299995,0],[105.95584809,-6.01520639599994,0],[105.955832433,-6.01518935899998,0],[105.955815453,-6.01517248899995,0],[105.955797151,-6.01515578499993,0],[105.955788957,-6.01514740399995,0],[105.955785688,-6.01514405999995,0],[105.955781067,-6.01513731099993,0],[105.955780188,-6.01513448199995,0],[105.955778325,-6.01512848499993,0],[105.955777464,-6.01511758099997,0],[105.955772455,-6.01511075499997,0],[105.9557633,-6.01510800399996,0],[105.955758586,-6.01509658599997,0],[105.955758314,-6.01507649899997,0],[105.955755357,-6.01506083299995,0],[105.955749716,-6.01504958599998,0],[105.95574922,-6.01504171299996,0],[105.955753868,-6.01503721499995,0],[105.955754035,-6.01503159199996,0],[105.955749721,-6.01502484399998,0],[105.955747875,-6.01501359699995,0],[105.955748499,-6.01499785199996,0],[105.955745744,-6.01498802299994,0],[105.955739612,-6.01498411399996,0],[105.955737982,-6.01497848999998,0],[105.955740855,-6.01497115399997,0],[105.955737112,-6.01495811799998,0],[105.955732529,-6.01494983199996,0],[105.955726752,-6.01493938599998,0],[105.955724191,-6.01492467199995,0],[105.955729428,-6.01491397899997,0],[105.955730685,-6.01490310199995,0],[105.95572796,-6.01489203899996,0],[105.955731436,-6.01488200899996,0],[105.95574111,-6.01487301299994,0],[105.955745929,-6.01485951599994,0],[105.955745894,-6.01484152099994,0],[105.955748144,-6.01482792399997,0],[105.955752678,-6.01481872499994,0],[105.95575725,-6.01481519299995,0],[105.955761864,-6.01481732699995,0],[105.955762861,-6.01481295599996,0],[105.955760242,-6.01480207799995,0],[105.955763476,-6.01479436399995,0],[105.955772561,-6.01478981199995,0],[105.955777214,-6.01477853999995,0],[105.955777433,-6.01476054399996,0],[105.955780789,-6.01475030799998,0],[105.955787283,-6.01474782999998,0],[105.955790529,-6.01474152199995,0],[105.95579053,-6.01473138099993,0],[105.95579342,-6.01472587299997,0],[105.955799202,-6.01472499399995,0],[105.955800102,-6.01472005599993,0],[105.955796122,-6.01471105799993,0],[105.955797747,-6.01470432799994,0],[105.955804979,-6.01469986499995,0],[105.955809434,-6.01468947399997,0],[105.955811112,-6.01467315799994,0],[105.955816239,-6.01466301799996,0],[105.955824815,-6.01465905499998,0],[105.955829581,-6.01465985499993,0],[105.955830539,-6.01466541699995,0],[105.955834392,-6.01466140199994,0],[105.95584114,-6.01464780899994,0],[105.955847888,-6.01464238199998,0],[105.955854636,-6.01464512399997,0],[105.955858625,-6.01464351599998,0],[105.955859855,-6.01463755899994,0],[105.955865479,-6.01462975199996,0],[105.955875496,-6.01462009599993,0],[105.955887476,-6.01461357199997,0],[105.95590142,-6.01461018099997,0],[105.955909886,-6.01460210599993,0],[105.955912874,-6.01458934699997,0],[105.955917108,-6.01457900099996,0],[105.955922591,-6.01457106699996,0],[105.955925109,-6.01456233799996,0],[105.955924661,-6.01455281299997,0],[105.955931756,-6.01454044099995,0],[105.955946394,-6.01452522299996,0],[105.955956261,-6.01451034699994,0],[105.955961358,-6.01449581499998,0],[105.955968347,-6.01448849099995,0],[105.95597723,-6.01448837699996,0],[105.955986522,-6.01448102299997,0],[105.955996223,-6.01446642799993,0],[105.956004143,-6.01445740899993,0],[105.956010286,-6.01445396399993,0],[105.956012206,-6.01444721599995,0],[105.956009903,-6.01443716499995,0],[105.956016054,-6.01442705999995,0],[105.956030657,-6.01441690299993,0],[105.956045195,-6.01440951699993,0],[105.956059666,-6.01440490399995,0],[105.956068993,-6.01439681699998,0],[105.956073175,-6.01438525399993,0],[105.956079436,-6.01437520199994,0],[105.956087774,-6.01436666099994,0],[105.956095915,-6.01436183299995,0],[105.956103857,-6.01436071699993,0],[105.956112372,-6.01435341099995,0],[105.956121457,-6.01433991499994,0],[105.956128434,-6.01433316699996,0],[105.956133302,-6.01433316599997,0],[105.956146156,-6.01432364599998,0],[105.956166998,-6.01430460599994,0],[105.956180793,-6.01429018299996,0],[105.956187541,-6.01428037699998,0],[105.956194289,-6.01427841399993,0],[105.95619909,-6.01428259599993,0],[105.956201037,-6.01428429099997,0],[105.956205589,-6.01428404099994,0],[105.956207944,-6.01427766199993,0],[105.956207469,-6.01427478799997,0],[105.956206867,-6.01427115099995,0],[105.95620236,-6.01426450899993,0],[105.956202307,-6.01425822599998,0],[105.956206709,-6.01425230399997,0],[105.956216888,-6.01424453599998,0],[105.956232844,-6.01423492399994,0],[105.956239224,-6.01422813199997,0],[105.956236025,-6.01422416099996,0],[105.95623892,-6.01421580899995,0],[105.956247908,-6.01420307699993,0],[105.956254345,-6.01419933399995,0],[105.956258229,-6.01420457999996,0],[105.956262261,-6.01420411399994,0],[105.956266444,-6.01419793699995,0],[105.956271624,-6.01419524899995,0],[105.956277801,-6.01419604899996,0],[105.956282014,-6.01419147899998,0],[105.956284263,-6.01418154199996,0],[105.956289887,-6.01417688399994,0],[105.956298884,-6.01417750799993,0],[105.956303383,-6.01417319899997,0],[105.956303383,-6.01416395499996,0],[105.956307266,-6.01416168799994,0],[105.956315033,-6.01416639799993,0],[105.956324452,-6.01415924599996,0],[105.956335524,-6.01414023199993,0],[105.956340172,-6.01412669099994,0],[105.956338397,-6.01411862499998,0],[105.956342474,-6.01411445199994,0],[105.956352403,-6.01411416999997,0],[105.956358606,-6.01410931999993,0],[105.956361084,-6.01409990099995,0],[105.956372995,-6.01409057899997,0],[105.956394337,-6.01408135299994,0],[105.956407718,-6.01407238699994,0],[105.95641314,-6.01406367799996,0],[105.9564181,-6.01406060399995,0],[105.956422599,-6.01406316099997,0],[105.956423723,-6.01405823999994,0],[105.956421474,-6.01404584199997,0],[105.956424255,-6.01403932699998,0],[105.956432066,-6.01403869499995,0],[105.956436292,-6.01403532499995,0],[105.956436934,-6.01402921899995,0],[105.956441864,-6.01402306299997,0],[105.95645108,-6.01401685999997,0],[105.956458101,-6.01400651799997,0],[105.956462925,-6.01399203799997,0],[105.956473534,-6.01398336599993,0],[105.95648993,-6.01398050099993,0],[105.956497952,-6.01397761899995,0],[105.9564976,-6.01397471999996,0],[105.956504964,-6.01396764599997,0],[105.956520042,-6.01395639899994,0],[105.956533388,-6.01395126399996,0],[105.956545004,-6.01395223899993,0],[105.956550482,-6.01394919199993,0],[105.956549823,-6.01394212399993,0],[105.956552073,-6.01393504599997,0],[105.95655723,-6.01392795999993,0],[105.956564137,-6.01392408899994,0],[105.956572791,-6.01392343499998,0],[105.956579539,-6.01391908099993,0],[105.956584381,-6.01391102799994,0],[105.956590176,-6.01390866899993,0],[105.95659312,-6.01391012399995,0],[105.956596924,-6.01391200399996,0],[105.95660509,-6.01390749399997,0],[105.956614677,-6.01389513999993,0],[105.956628173,-6.01388322999998,0],[105.956645579,-6.01387176299994,0],[105.956663895,-6.01385684999997,0],[105.95668312,-6.01383849099994,0],[105.956701114,-6.01382014699993,0],[105.956704282,-6.01381668399995,0],[105.956717879,-6.01380181799993,0],[105.956734134,-6.01378819199994,0],[105.95674654,-6.01378116199993,0],[105.95674988,-6.01377926999993,0],[105.956757006,-6.01377236399998,0],[105.956762475,-6.01376706499997,0],[105.956771921,-6.01375157799993,0],[105.95678022,-6.01374201199997,0],[105.956787372,-6.01373836499994,0],[105.956798087,-6.01372824299995,0],[105.956812366,-6.01371164599993,0],[105.956819812,-6.01370050199995,0],[105.956820427,-6.01369481299997,0],[105.95682573,-6.01369193799997,0],[105.95683572,-6.01369187599994,0],[105.956849216,-6.01368460699996,0],[105.956866218,-6.01367013199996,0],[105.956878844,-6.01365463899998,0],[105.956887095,-6.01363812899996,0],[105.956896093,-6.01362823799997,0],[105.956905837,-6.01362496399997,0],[105.956915207,-6.01361590099998,0],[105.956924205,-6.01360104799994,0],[105.956935483,-6.01359184199993,0],[105.95694904,-6.01358828299993,0],[105.956957598,-6.01357972399995,0],[105.956961157,-6.01356616699996,0],[105.956961293,-6.01355601399996,0],[105.956958007,-6.01354926599993,0],[105.956967971,-6.01354079299995,0],[105.956991185,-6.01353059699994,0],[105.957010137,-6.01352058699996,0],[105.957024828,-6.01351076299994,0],[105.957040047,-6.01349702999994,0],[105.957055792,-6.01347938699996,0],[105.957067039,-6.01346951899995,0],[105.957073788,-6.01346742799996,0],[105.95707938,-6.01346148899995,0],[105.957083817,-6.01345170099995,0],[105.957102849,-6.01343108899994,0],[105.957136475,-6.01339965499994,0],[105.957156593,-6.01337671899995,0],[105.957160128,-6.01337268899994,0],[105.957164728,-6.01336512399996,0],[105.957173809,-6.01335019099997,0],[105.957181769,-6.01332538699995,0],[105.95718401,-6.01329827599994,0],[105.957188092,-6.01328140799995,0],[105.957194013,-6.01327478299993,0],[105.957201018,-6.01327165699996,0],[105.957201887,-6.01327126899997,0],[105.957211709,-6.01327086499998,0],[105.957220699,-6.01326636499994,0],[105.957228852,-6.01325777299996,0],[105.957231589,-6.01324609099993,0],[105.95722891,-6.01323131999993,0],[105.957230843,-6.01321444999996,0],[105.957237389,-6.01319547999998,0],[105.957261438,-6.01315285499993,0],[105.957400806,-6.01290583799994,0],[105.957426519,-6.01286026399993,0],[105.957655699,-6.01264892099994,0],[105.957745738,-6.01256606799996,0],[105.958137569,-6.01220550999994,0],[105.958337104,-6.01202190099997,0],[105.958745249,-6.01163293099995,0],[105.958751547,-6.01163468099998,0],[105.95881324,-6.01165181799996,0],[105.959117811,-6.01187072799996,0],[105.959196227,-6.01196408099997,0],[105.959228255,-6.01200220899995,0],[105.959517561,-6.01234661999996,0],[105.959726953,-6.01245131699994,0],[105.959850216,-6.01242156399996,0],[105.960002971,-6.01238469199996,0],[105.960659702,-6.01208963899995,0],[105.962582307,-6.01095701599996,0],[105.963648378,-6.01028762199996,0],[105.963721903,-6.01024145499997,0],[105.963810108,-6.01018606999997,0],[105.964350149,-6.00980263999998,0],[105.964509271,-6.00986152799993,0],[105.964512944,-6.00986747199994,0],[105.964514468,-6.00988178499995,0],[105.964513844,-6.00990446799995,0],[105.964516551,-6.00991719499996,0],[105.964522588,-6.00991996699997,0],[105.964525961,-6.00992667999998,0],[105.964526673,-6.00993733399997,0],[105.964530034,-6.00994296799996,0],[105.964536044,-6.00994358299994,0],[105.964540973,-6.00994802299994,0],[105.964544821,-6.00995628599998,0],[105.96454519,-6.00996282599993,0],[105.96454208,-6.00996764099995,0],[105.964535204,-6.00996958699994,0],[105.964524564,-6.00996866499997,0],[105.96452344,-6.00997344399997,0],[105.964531831,-6.00998392599996,0],[105.964546526,-6.00999285099994,0],[105.964567526,-6.01000021999994,0],[105.964599017,-6.01001424399993,0],[105.964640999,-6.01003492799993,0],[105.964669863,-6.01005013599996,0],[105.964952249,-6.00990053399994,0],[105.96517116,-6.00975776699994,0],[105.965351999,-6.00964355299993,0],[105.965494766,-6.00955789199998,0],[105.965551874,-6.00954837399996,0],[105.965580282,-6.00957678199995,0],[105.965647052,-6.00964355299993,0],[105.965863147,-6.00996490799997,0],[105.965947497,-6.01003935399996,0],[105.965980113,-6.01006643299996,0],[105.96598911,-6.01007095799997,0],[105.966005866,-6.01008213399996,0],[105.966030381,-6.01009996199997,0],[105.966045915,-6.01011000099993,0],[105.96605247,-6.01011224999996,0],[105.966070579,-6.01012418199997,0],[105.966100242,-6.01014579699995,0],[105.966121822,-6.01016278399993,0],[105.966135318,-6.01017514099993,0],[105.966157038,-6.01019694999997,0],[105.966186984,-6.01022820799994,0],[105.966209477,-6.01024826199995,0],[105.966224519,-6.01025710899995,0],[105.966226602,-6.01025931499993,0],[105.966234725,-6.01026792099998,0],[105.966236586,-6.01027235099997,0],[105.966240093,-6.01028069599994,0],[105.966244593,-6.01028739499998,0],[105.966248221,-6.01028801399997,0],[105.966251815,-6.01029223399996,0],[105.966258568,-6.01030016099998,0],[105.966269407,-6.01031520099997,0],[105.966275631,-6.01032383599994,0],[105.966290252,-6.01033787899996,0],[105.966291341,-6.01033827399993,0],[105.966302429,-6.01034229099997,0],[105.966314779,-6.01035243499996,0],[105.9663273,-6.01036831199997,0],[105.966334825,-6.01038060899998,0],[105.966335698,-6.01038361699995,0],[105.966337356,-6.01038932499995,0],[105.966342633,-6.01039529499997,0],[105.966350034,-6.01039827099993,0],[105.966350654,-6.01039851999997,0],[105.966359907,-6.01040725999997,0],[105.966363173,-6.01041170199994,0],[105.966370389,-6.01042151599995,0],[105.966381517,-6.01043322499993,0],[105.966393291,-6.01044238399993,0],[105.966403057,-6.01045691499996,0],[105.966410816,-6.01047681699993,0],[105.966418852,-6.01048643599995,0],[105.966427163,-6.01048577199998,0],[105.966431179,-6.01048914599994,0],[105.966430898,-6.01049655799994,0],[105.966439258,-6.01050701099996,0],[105.96645626,-6.01052050799996,0],[105.966476091,-6.01053984699996,0],[105.966498752,-6.01056502999995,0],[105.966513676,-6.01057676599993,0],[105.966520863,-6.01057505699993,0],[105.966525582,-6.01057869899995,0],[105.966527831,-6.01058769199994,0],[105.966533248,-6.01059753099997,0],[105.966541833,-6.01060821499993,0],[105.966550136,-6.01061516799996,0],[105.966558159,-6.01061838699997,0],[105.966563609,-6.01062830399997,0],[105.966566492,-6.01064491399995,0],[105.966572023,-6.01065546899997,0],[105.966580204,-6.01065996799997,0],[105.96658432,-6.01066671599995,0],[105.966584372,-6.01067571399994,0],[105.966594688,-6.01069145899993,0],[105.966615266,-6.01071395299994,0],[105.966629289,-6.01072496699993,0],[105.966636758,-6.01072450099997,0],[105.966643058,-6.01072175399997,0],[105.966647473,-6.01071982899992,0],[105.966661434,-6.01071094999998,0],[105.966674892,-6.01070583199993,0],[105.966687843,-6.01070447399997,0],[105.966694784,-6.01070802199996,0],[105.966695716,-6.01071647499998,0],[105.96668924,-6.01072845299996,0],[105.966675358,-6.01074395699993,0],[105.966663751,-6.01075165999993,0],[105.96666299,-6.01075165199995,0],[105.966654419,-6.01075156399997,0],[105.96665217,-6.01075680199995,0],[105.966657002,-6.01076737699998,0],[105.966662793,-6.01077109199997,0],[105.966669541,-6.01076794599993,0],[105.966672914,-6.01077100399993,0],[105.966672914,-6.01078026399995,0],[105.966676289,-6.01078821599998,0],[105.966683037,-6.01079485999998,0],[105.966687333,-6.01080242899997,0],[105.966689178,-6.01081092499993,0],[105.966696348,-6.01082037599997,0],[105.966708843,-6.01083077899995,0],[105.966722128,-6.01084356499996,0],[105.966736204,-6.01085873499994,0],[105.966745694,-6.01087152899993,0],[105.966750597,-6.01088194499994,0],[105.96675915,-6.01089304699997,0],[105.966771355,-6.01090483399997,0],[105.966780563,-6.01091028399998,0],[105.966786775,-6.01090939599993,0],[105.966798944,-6.01092718699994,0],[105.966817071,-6.01096365599994,0],[105.966833159,-6.01099082099995,0],[105.966847209,-6.01100868499998,0],[105.966858473,-6.01102557199994,0],[105.966866952,-6.01104148399997,0],[105.96688123,-6.01106270599996,0],[105.966901308,-6.01108923699996,0],[105.96691472,-6.01110318799994,0],[105.966921469,-6.01110455799994,0],[105.966925967,-6.01110968999996,0],[105.966928216,-6.01111858199994,0],[105.966941936,-6.01113693899993,0],[105.966967128,-6.01116476199996,0],[105.966983998,-6.01117912799998,0],[105.966992547,-6.01118003699997,0],[105.967001286,-6.01118363499995,0],[105.967010212,-6.01118992199997,0],[105.967015836,-6.01120350399998,0],[105.967018155,-6.01122438099998,0],[105.967021565,-6.01123297599997,0],[105.967026064,-6.01122929099995,0],[105.967039349,-6.01123817999996,0],[105.96706142,-6.01125964599993,0],[105.967072624,-6.01127470999995,0],[105.967072957,-6.01128337399996,0],[105.967077035,-6.01129054799998,0],[105.967084854,-6.01129623299994,0],[105.967093443,-6.01130564299996,0],[105.967102801,-6.01131877899996,0],[105.967112431,-6.01132935299995,0],[105.967122333,-6.01133736699995,0],[105.967131045,-6.01134141099993,0],[105.967138567,-6.01134148499995,0],[105.967144124,-6.01134608599995,0],[105.967147718,-6.01135520999998,0],[105.967151878,-6.01135965899994,0],[105.967156605,-6.01135942999997,0],[105.967159522,-6.01136611399994,0],[105.96716063,-6.01137971099996,0],[105.96716508,-6.01138833799996,0],[105.967172874,-6.01139199299996,0],[105.967183404,-6.01140098999997,0],[105.967196672,-6.01141532999998,0],[105.967205669,-6.01142738799996,0],[105.967210396,-6.01143716199994,0],[105.967218032,-6.01144503499995,0],[105.967228576,-6.01145100499997,0],[105.967235953,-6.01146073899997,0],[105.967240161,-6.01147423499998,0],[105.967247261,-6.01148483599997,0],[105.96725725,-6.01149254199993,0],[105.96726308,-6.01149958199994,0],[105.96726475,-6.01150595699994,0],[105.967274872,-6.01152065899993,0],[105.967293447,-6.01154368799996,0],[105.967310607,-6.01155983399997,0],[105.967326352,-6.01156909399998,0],[105.967335008,-6.01157674999996,0],[105.967336571,-6.01158279999993,0],[105.967345568,-6.01159458199993,0],[105.967361999,-6.01161209799994,0],[105.967379586,-6.01163275299996,0],[105.967398327,-6.01165654799996,0],[105.967411147,-6.01167106499997,0],[105.967418045,-6.01167630599997,0],[105.967426669,-6.01168677699997,0],[105.967437019,-6.01170247899995,0],[105.967444444,-6.01171085899995,0],[105.967448943,-6.01171191799995,0],[105.967461314,-6.01172409999998,0],[105.967481558,-6.01174740699997,0],[105.9674987,-6.01176012299993,0],[105.967512742,-6.01176224899996,0],[105.967520042,-6.01176530099997,0],[105.967523975,-6.01176694599997,0],[105.967532402,-6.01177421199998,0],[105.967538877,-6.01178535299994,0],[105.967543402,-6.01180036999995,0],[105.967552396,-6.01180825599994,0],[105.967565856,-6.01180901099997,0],[105.967573228,-6.01182063599992,0],[105.967574511,-6.01184312999993,0],[105.967576796,-6.01184802999995,0],[105.967584888,-6.01186538399998,0],[105.967604359,-6.01188739899993,0],[105.967620021,-6.01190822399997,0],[105.967631874,-6.01192786299993,0],[105.967643173,-6.01194130799996,0],[105.96765392,-6.01194856099994,0],[105.967655684,-6.01194893199994,0],[105.967674748,-6.01195293899997,0],[105.967705659,-6.01195444199993,0],[105.967718527,-6.01196001699998,0],[105.967713352,-6.01196966499998,0],[105.967712891,-6.01197549199998,0],[105.967717143,-6.01197749999994,0],[105.967722652,-6.01197513899996,0],[105.967729418,-6.01196840799997,0],[105.967738876,-6.01196612999996,0],[105.967751028,-6.01196830499993,0],[105.967762684,-6.01196650599996,0],[105.967773843,-6.01196073299997,0],[105.967779066,-6.01195295099996,0],[105.967778354,-6.01194315799995,0],[105.967784998,-6.01193753499996,0],[105.967798994,-6.01193607999994,0],[105.967809516,-6.01193051199994,0],[105.967816563,-6.01192082899996,0],[105.96782346,-6.01191781699993,0],[105.967830208,-6.01192147699993,0],[105.96784033,-6.01192358299994,0],[105.967849443,-6.01192395699996,0],[105.967853827,-6.01192413699994,0],[105.967864234,-6.01191506299995,0],[105.967871554,-6.01189635999998,0],[105.9678828,-6.01188529799992,0],[105.967897975,-6.01188187599996,0],[105.967917933,-6.01186715699993,0],[105.967942676,-6.01184113899996,0],[105.967958852,-6.01182681899996,0],[105.967966461,-6.01182419599996,0],[105.967971017,-6.01181956799996,0],[105.96797252,-6.01181293399998,0],[105.967979962,-6.01180534099996,0],[105.967993343,-6.01179678699998,0],[105.968001159,-6.01178857999997,0],[105.968003409,-6.01178072099998,0],[105.968010425,-6.01177455099997,0],[105.968022208,-6.01177006999995,0],[105.968026706,-6.01176389699998,0],[105.968023921,-6.01175603299993,0],[105.968017885,-6.01174969799996,0],[105.968011033,-6.01174615199994,0],[105.968008597,-6.01174489099998,0],[105.967999666,-6.01173784499997,0],[105.96799109,-6.01172855699997,0],[105.967988124,-6.01172080299995,0],[105.96799077,-6.01171458199997,0],[105.967998576,-6.01171085899995,0],[105.968011545,-6.01170963299995,0],[105.968027027,-6.01171098899994,0],[105.968044635,-6.01171483999997,0],[105.968045022,-6.01171492499998,0],[105.968059186,-6.01171594199997,0],[105.968069519,-6.01171403899997,0],[105.968076627,-6.01170603299994,0],[105.968080511,-6.01169192199995,0],[105.968087659,-6.01168107699993,0],[105.968098071,-6.01167349899993,0],[105.968110082,-6.01166968799993,0],[105.968123692,-6.01166964399994,0],[105.96813837,-6.01166452799993,0],[105.968154116,-6.01165433999995,0],[105.968164993,-6.01164504999997,0],[105.968171003,-6.01163665799993,0],[105.968184236,-6.01162720899993,0],[105.968204691,-6.01161669999993,0],[105.968219144,-6.01160640899997,0],[105.968227598,-6.01159633499998,0],[105.968236024,-6.01158874999993,0],[105.968244423,-6.01158365399993,0],[105.968248334,-6.01157690999997,0],[105.968247754,-6.01156851899998,0],[105.96825057,-6.01156624999993,0],[105.968256782,-6.01157010299994,0],[105.968268029,-6.01156632199996,0],[105.96828431,-6.01155490799994,0],[105.968304823,-6.01153596999995,0],[105.968329565,-6.01150950399995,0],[105.968342178,-6.01149357399993,0],[105.968342662,-6.01148817899997,0],[105.968352072,-6.01147985799997,0],[105.96837041,-6.01146861199993,0],[105.968378985,-6.01145736499996,0],[105.968377799,-6.01144611799998,0],[105.968392929,-6.01143037299994,0],[105.968424377,-6.01141012799997,0],[105.968443636,-6.01139213399995,0],[105.96845071,-6.01137638799997,0],[105.968459909,-6.01136766299993,0],[105.968471235,-6.01136595799994,0],[105.968481515,-6.01136157999997,0],[105.96849075,-6.01135452899996,0],[105.968493658,-6.01134300999996,0],[105.96849024,-6.01132702299998,0],[105.968491414,-6.01131469699993,0],[105.968497177,-6.01130603399997,0],[105.968503267,-6.01130050899997,0],[105.968509681,-6.01129812399995,0],[105.968517386,-6.01129161999995,0],[105.968526384,-6.01128099699997,0],[105.968536506,-6.01127547199997,0],[105.968547753,-6.01127504599998,0],[105.968555384,-6.01127262799997,0],[105.968559399,-6.01126821699995,0],[105.968561864,-6.01126036199997,0],[105.968562778,-6.01124906199993,0],[105.968568643,-6.01124648599995,0],[105.968579459,-6.01125263199998,0],[105.968587881,-6.01125241699998,0],[105.968593909,-6.01124583899997,0],[105.968605485,-6.01123917699994,0],[105.96862261,-6.01123242899996,0],[105.968633092,-6.01122465299994,0],[105.968636932,-6.01121584899994,0],[105.968641348,-6.01121135099993,0],[105.968646338,-6.01121115699993,0],[105.968653086,-6.01120251999993,0],[105.968661591,-6.01118543899997,0],[105.968675966,-6.01117137799997,0],[105.968696211,-6.01116033799997,0],[105.968710137,-6.01114793799997,0],[105.968717746,-6.01113417799996,0],[105.968727868,-6.01112182399993,0],[105.968740503,-6.01111087599998,0],[105.968752629,-6.01109826299995,0],[105.968764244,-6.01108398499997,0],[105.968770106,-6.01107239799995,0],[105.968770211,-6.01106350099997,0],[105.968782397,-6.01104728799993,0],[105.968806666,-6.01102375699998,0],[105.968823563,-6.01101114899996,0],[105.968833087,-6.01100946199995,0],[105.968843389,-6.01100317299995,0],[105.968854469,-6.01099228199996,0],[105.968866788,-6.01097562099994,0],[105.968880346,-6.01095318899996,0],[105.968891799,-6.01093951499996,0],[105.968901148,-6.01093459799995,0],[105.968906907,-6.01092876599995,0],[105.968909078,-6.01092201799997,0],[105.968914315,-6.01091541999995,0],[105.968922618,-6.01090896999995,0],[105.968930144,-6.01090833699993,0],[105.968936891,-6.01091352199995,0],[105.968944219,-6.01091391699993,0],[105.968952128,-6.01090952399994,0],[105.96896,-6.01090821599996,0],[105.968967837,-6.01090999599995,0],[105.968981878,-6.01090683899997,0],[105.969002123,-6.01089874699994,0],[105.969016744,-6.01089479699993,0],[105.969025741,-6.01089499099993,0],[105.969031505,-6.01089212199997,0],[105.969034036,-6.01088619099994,0],[105.969039659,-6.01088110999996,0],[105.969048375,-6.01087687999996,0],[105.969136785,-6.01088397699993,0],[105.969131689,-6.01089247799996,0],[105.969131443,-6.01089792599993,0],[105.969138701,-6.01090968399996,0],[105.969153462,-6.01092775299998,0],[105.96916626,-6.01093787599996,0],[105.969177094,-6.01094004999993,0],[105.96918614,-6.01094788599994,0],[105.969193397,-6.01096138199995,0],[105.969200316,-6.01095808299993,0],[105.969204622,-6.01094493699998,0],[105.969206898,-6.01093798699998,0],[105.969212437,-6.01092751199997,0],[105.969216936,-6.01092665499993,0],[105.969226368,-6.01093064399993,0],[105.969240735,-6.01093947899994,0],[105.969249732,-6.01094744699998,0],[105.969253361,-6.01095454599994,0],[105.969260799,-6.01096048799997,0],[105.969272046,-6.01096527199996,0],[105.969281663,-6.01097677799993,0],[105.969289649,-6.01099500599997,0],[105.969292857,-6.01100878299997,0],[105.969291284,-6.01101810999995,0],[105.969296287,-6.01102170799993,0],[105.969307868,-6.01101957699996,0],[105.969316778,-6.01102478299993,0],[105.969323017,-6.01103732699994,0],[105.969331926,-6.01104618799997,0],[105.969343506,-6.01105136699994,0],[105.969359507,-6.01105216899998,0],[105.969379927,-6.01104859199995,0],[105.969396679,-6.01104871099994,0],[105.969409762,-6.01105252499997,0],[105.969420063,-6.01105984799995,0],[105.969457573,-6.01108048499998,0],[105.969500356,-6.01110402299997,0],[105.969514976,-6.01111351899993,0],[105.969530722,-6.01113170199994,0],[105.969540843,-6.01114079899997,0],[105.969545343,-6.01114080699995,0],[105.969555289,-6.01113570399997,0],[105.969570683,-6.01112549099997,0],[105.969585303,-6.01111908499996,0],[105.969599151,-6.01111648799997,0],[105.969610666,-6.01111675599998,0],[105.969619848,-6.01111988899993,0],[105.969650776,-6.01112282399993,0],[105.969660345,-6.01112226799995,0],[105.969678911,-6.01111023899995,0],[105.969684259,-6.01110798599996,0],[105.96970028,-6.01110123699993,0],[105.969724452,-6.01109526199997,0],[105.969748272,-6.01108485699996,0],[105.969771741,-6.01107002099997,0],[105.969833985,-6.01101383399993,0],[105.969843774,-6.01096993599998,0],[105.969842148,-6.01097049299995,0],[105.969835601,-6.01096803299993,0],[105.969826134,-6.01090777099995,0],[105.969828612,-6.01090080299997,0],[105.969825708,-6.01089477699998,0],[105.969817422,-6.01088969399996,0],[105.969811403,-6.01087928099997,0],[105.969807651,-6.01086353399995,0],[105.969801962,-6.01085497699995,0],[105.969794335,-6.01085360599996,0],[105.969788822,-6.01084518699997,0],[105.969785422,-6.01082971699998,0],[105.969780439,-6.01082317399994,0],[105.969773876,-6.01082555499994,0],[105.969764764,-6.01081554299998,0],[105.969753105,-6.01079313699995,0],[105.969742341,-6.01078258699994,0],[105.969732473,-6.01078389199995,0],[105.969719176,-6.01077596399995,0],[105.969702446,-6.01075880299993,0],[105.969693734,-6.01074592999993,0],[105.96969304,-6.01073734099998,0],[105.969688919,-6.01073220899997,0],[105.969681371,-6.01073053499994,0],[105.969672088,-6.01072151399995,0],[105.96966107,-6.01070514499997,0],[105.969652648,-6.01069905999998,0],[105.969646822,-6.01070325999996,0],[105.969643259,-6.01070132199993,0],[105.969641959,-6.01069324699995,0],[105.969637206,-6.01068695999993,0],[105.969628999,-6.01068246099993,0],[105.96962244,-6.01067519499998,0],[105.969617528,-6.01066516099996,0],[105.969611698,-6.01066053499994,0],[105.96960495,-6.01066131699997,0],[105.969598782,-6.01065621199996,0],[105.969593194,-6.01064521899997,0],[105.969586376,-6.01063641999997,0],[105.969578327,-6.01062981199993,0],[105.969571399,-6.01061969099993,0],[105.969565591,-6.01060605399994,0],[105.96955879,-6.01059586099996,0],[105.969550997,-6.01058911399997,0],[105.969546098,-6.01058223099994,0],[105.969544095,-6.01057521599995,0],[105.969539719,-6.01057242599995,0],[105.969532971,-6.01057386199994,0],[105.969524623,-6.01057174699997,0],[105.969514678,-6.01056607999993,0],[105.969506804,-6.01055832799995,0],[105.969501006,-6.01054849099995,0],[105.969492882,-6.01054358999994,0],[105.969482435,-6.01054362599996,0],[105.969476812,-6.01053797799995,0],[105.969476012,-6.01052664799994,0],[105.969472744,-6.01051979699997,0],[105.969469992,-6.01051865899996,0],[105.969467006,-6.01051742399994,0],[105.969458092,-6.01050999499995,0],[105.969446002,-6.01049750899995,0],[105.969443247,-6.01048709999998,0],[105.969449828,-6.01047876599995,0],[105.969457283,-6.01047392999993,0],[105.969465613,-6.01047259499995,0],[105.969467005,-6.01047086199998,0],[105.969471236,-6.01046559399992,0],[105.969474154,-6.01045292899994,0],[105.969481499,-6.01044565499996,0],[105.969493274,-6.01044377599993,0],[105.969502011,-6.01043668899996,0],[105.969507714,-6.01042439599996,0],[105.969516109,-6.01041176199993,0],[105.969527198,-6.01039878299997,0],[105.969531451,-6.01038892099996,0],[105.969528867,-6.01038217299993,0],[105.969530713,-6.01036829599997,0],[105.969536987,-6.01034729199995,0],[105.969688278,-6.01020569999997,0],[105.969706053,-6.01018973399994,0],[105.969713873,-6.01017618499998,0],[105.969711908,-6.01016594199996,0],[105.969711738,-6.01016505299998,0],[105.969717735,-6.01014683399995,0],[105.969731863,-6.01012152899995,0],[105.969736591,-6.01010724399993,0],[105.969731916,-6.01010397899995,0],[105.969734811,-6.01009734999997,0],[105.969745276,-6.01008735499994,0],[105.969750298,-6.01007670899997,0],[105.969749876,-6.01006540799995,0],[105.969752081,-6.01005284199994,0],[105.969756914,-6.01003900699993,0],[105.969758262,-6.01002555299993,0],[105.969756127,-6.01001247799996,0],[105.969757454,-6.00999203399994,0],[105.969762243,-6.00996421999997,0],[105.969763297,-6.00993821999998,0],[105.969760617,-6.00991402999995,0],[105.969755991,-6.00989968599993,0],[105.969749419,-6.00989518699993,0],[105.969744775,-6.00988835499993,0],[105.96974206,-6.00987919099992,0],[105.969744314,-6.00987244299995,0],[105.969751537,-6.00986811099995,0],[105.969753522,-6.00986334899994,0],[105.969750271,-6.00985815599995,0],[105.969743369,-6.00985606499995,0],[105.969732817,-6.00985707499996,0],[105.969724167,-6.00985130899994,0],[105.969717418,-6.00983876699996,0],[105.969718543,-6.00982894099997,0],[105.969719377,-6.00982828199994,0],[105.969719631,-6.00981927099997,0],[105.969719211,-6.00981913299995,0],[105.969716082,-6.00981103599997,0],[105.969711026,-6.00980505399997,0],[105.96970404,-6.00980118799993,0],[105.9696938,-6.00980673699996,0],[105.969680303,-6.00982170099996,0],[105.969710297,-6.00973167099994,0],[105.969718793,-6.00973304699994,0],[105.969724526,-6.00972931299998,0],[105.969727496,-6.00972046799995,0],[105.9697334,-6.00971978099994,0],[105.96974224,-6.00972724999997,0],[105.969749757,-6.00972424099996,0],[105.969755952,-6.00971075299998,0],[105.969750161,-6.00970276399994,0],[105.969732386,-6.00970027299996,0],[105.969722462,-6.00969464499997,0],[105.969720388,-6.00968587999995,0],[105.969723912,-6.00967924799994,0],[105.969733032,-6.00967474999993,0],[105.969733479,-6.00966800199996,0],[105.969725255,-6.00965900499995,0],[105.969725656,-6.00965450599995,0],[105.969734679,-6.00965450599995,0],[105.96974315,-6.00965125699997,0],[105.969751066,-6.00964475899997,0],[105.969754348,-6.00963745999996,0],[105.969752995,-6.00962935899997,0],[105.969757792,-6.00961953099994,0],[105.96976874,-6.00960797699997,0],[105.969772958,-6.00959953099994,0],[105.969770445,-6.00959419299994,0],[105.969773911,-6.00958927499994,0],[105.969782598,-6.00958513699993,0],[105.969807627,-6.00954452699995,0],[105.969809711,-6.00953595899995,0],[105.969814716,-6.00948638199998,0],[105.96982157,-6.00948119599997,0],[105.969826973,-6.00947377099993,0],[105.969826934,-6.00946698399997,0],[105.969821451,-6.00946083299993,0],[105.969820155,-6.00945071099994,0],[105.969823046,-6.00943661699995,0],[105.969820853,-6.00942619599994,0],[105.969813578,-6.00941944799996,0],[105.969812958,-6.00941112699996,0],[105.969818995,-6.00940123399994,0],[105.969820129,-6.00939336099998,0],[105.969816359,-6.00938750899996,0],[105.96981342,-6.00937446099994,0],[105.969813321,-6.00937350799995,0],[105.969811311,-6.00935421699995,0],[105.969806641,-6.00933866399993,0],[105.96979941,-6.00932780399995,0],[105.969798869,-6.00932218099996,0],[105.96980502,-6.00932179499995,0],[105.969802578,-6.00931633599993,0],[105.969791541,-6.00930580499994,0],[105.969783668,-6.00930141099997,0],[105.969778959,-6.00930315699998,0],[105.96977624,-6.00931357199994,0],[105.96977551,-6.00933266099997,0],[105.969772241,-6.00934687799997,0],[105.969766434,-6.00935622199995,0],[105.969765031,-6.00935743199994,0],[105.969759031,-6.00936260799995,0],[105.969750033,-6.00936603499997,0],[105.969743167,-6.00936408399997,0],[105.969738431,-6.00935675599993,0],[105.969730198,-6.00935309199997,0],[105.969718468,-6.00935309199997,0],[105.969709589,-6.00935488199997,0],[105.969703562,-6.00935846299996,0],[105.969696779,-6.00935435699995,0],[105.96968924,-6.00934256599993,0],[105.969685246,-6.00933290299997,0],[105.969684798,-6.00932536799996,0],[105.96968124,-6.00931655699998,0],[105.96967457,-6.00930646999996,0],[105.969662586,-6.00929433199997,0],[105.969645285,-6.00928014199997,0],[105.969636235,-6.00926606499996,0],[105.969635435,-6.00925210399993,0],[105.969632395,-6.00924399899998,0],[105.969627115,-6.00924174999994,0],[105.969625792,-6.00923050299997,0],[105.969627814,-6.00921496999996,0],[105.969598942,-6.00916925599995,0],[105.969598062,-6.00916936599998,0],[105.969591033,-6.00916588599995,0],[105.96958439,-6.00915852299994,0],[105.969578134,-6.00914727599996,0],[105.969574975,-6.00913370299997,0],[105.969574913,-6.00911780399997,0],[105.969573154,-6.00911163399996,0],[105.969572559,-6.00910954899996,0],[105.969571579,-6.00910941999996,0],[105.96956791,-6.00910893899993,0],[105.969562867,-6.00910339199993,0],[105.969557429,-6.00909290899995,0],[105.96955686,-6.00908872099996,0],[105.969556075,-6.00908294099997,0],[105.969556763,-6.00908056099996,0],[105.969540037,-6.00906603599998,0],[105.969528952,-6.00905640999997,0],[105.96952497,-6.00905824399996,0],[105.969518799,-6.00905460899997,0],[105.969513614,-6.00904403899995,0],[105.969507266,-6.00903801399994,0],[105.969499754,-6.00903653299997,0],[105.969497649,-6.00903141199996,0],[105.969500952,-6.00902265199994,0],[105.969497789,-6.00901843699995,0],[105.96948816,-6.00901876599994,0],[105.969476658,-6.00901024799998,0],[105.969463284,-6.00899288099993,0],[105.969457697,-6.00897969899995,0],[105.969459893,-6.00897070199994,0],[105.969464466,-6.00896623399996,0],[105.969464498,-6.00896620299994,0],[105.969471509,-6.00896620299994,0],[105.969472915,-6.00895946399993,0],[105.969468714,-6.00894598499997,0],[105.969462226,-6.00893799999994,0],[105.969453448,-6.00893550899997,0],[105.969447465,-6.00892875199997,0],[105.969444275,-6.00891772899996,0],[105.969446415,-6.00890680599997,0],[105.969453883,-6.00889598099997,0],[105.969450355,-6.00888698399996,0],[105.969435831,-6.00887981399995,0],[105.969430937,-6.00887285399995,0],[105.969435673,-6.00886610699996,0],[105.969433938,-6.00885756999998,0],[105.969425731,-6.00884724599996,0],[105.969416518,-6.00884213699993,0],[105.969406299,-6.00884224299995,0],[105.969405355,-6.00883633999996,0],[105.969413684,-6.00882442999995,0],[105.969417863,-6.00881511399996,0],[105.969417889,-6.00880839199993,0],[105.969414339,-6.00880145699995,0],[105.969407214,-6.00879430999993,0],[105.969398023,-6.00879053599994,0],[105.969386767,-6.00879013599996,0],[105.969377765,-6.00878570099997,0],[105.969371017,-6.00877723099995,0],[105.969365315,-6.00877855999994,0],[105.969360658,-6.00878968799998,0],[105.969352786,-6.00879900799993,0],[105.969341989,-6.00880632299993,0],[105.969341697,-6.00880652099994,0],[105.969332778,-6.00881042399993,0],[105.96932603,-6.00881071799995,0],[105.969318157,-6.00880559799998,0],[105.969309159,-6.00879506299998,0],[105.969301287,-6.00878864299995,0],[105.969294539,-6.00878633499997,0],[105.969288393,-6.00878095199994,0],[105.969282848,-6.00877248999996,0],[105.969280468,-6.00876488599994,0],[105.96928125,-6.00875813699997,0],[105.969285664,-6.00874853399995,0],[105.969291804,-6.00873902899997,0],[105.969293713,-6.00873607399996,0],[105.969303967,-6.00873196899994,0],[105.969316426,-6.00873621799997,0],[105.96932603,-6.00874417999995,0],[105.969332778,-6.00875585699993,0],[105.969341327,-6.00875996299993,0],[105.969351678,-6.00875649699998,0],[105.969357226,-6.00874906799993,0],[105.969357973,-6.00873767599995,0],[105.969351674,-6.00872779899993,0],[105.969338326,-6.00871943899995,0],[105.96932603,-6.00871327599998,0],[105.969314784,-6.00870930899993,0],[105.969305786,-6.00869913399993,0],[105.969299038,-6.00868275099998,0],[105.96928845,-6.00866986799997,0],[105.969274023,-6.00866048399996,0],[105.969262776,-6.00865864799994,0],[105.96925471,-6.00866435799998,0],[105.96923867,-6.00865760999994,0],[105.969214656,-6.00863840299996,0],[105.969200035,-6.00862222999996,0],[105.969194808,-6.00860908899995,0],[105.969184321,-6.00860426299994,0],[105.969184289,-6.00860426999998,0],[105.969168575,-6.00860775199993,0],[105.969153734,-6.00860216999996,0],[105.969139799,-6.00858751799996,0],[105.96913201,-6.00857426599993,0],[105.969130367,-6.00856241199995,0],[105.969132387,-6.00854937099996,0],[105.969136588,-6.00853885599997,0],[105.969138072,-6.00853514199997,0],[105.969148357,-6.00852510299995,0],[105.969163241,-6.00851925499995,0],[105.969169907,-6.00851183299994,0],[105.969168351,-6.00850283599993,0],[105.969152337,-6.00848144699995,0],[105.969121865,-6.00844766699993,0],[105.969104402,-6.00843403899995,0],[105.969099948,-6.00844056399995,0],[105.969092374,-6.00844255499993,0],[105.969081681,-6.00844001599995,0],[105.969074652,-6.00843592999996,0],[105.969071286,-6.00843029799995,0],[105.96907238,-6.00841458399998,0],[105.969077933,-6.00838878599995,0],[105.96907948,-6.00837149199998,0],[105.969077019,-6.00836270099995,0],[105.969067776,-6.00834879199994,0],[105.969051749,-6.00832976499993,0],[105.969038112,-6.00831950199995,0],[105.969026866,-6.00831800399993,0],[105.96902296,-6.00831303899997,0],[105.969026396,-6.00830460899994,0],[105.969019775,-6.00829351799996,0],[105.969003098,-6.00827976699998,0],[105.968993762,-6.00826852099993,0],[105.968991768,-6.00825977799997,0],[105.968983917,-6.00824850899994,0],[105.96897021,-6.00823471399997,0],[105.96896431,-6.00822571599997,0],[105.968966216,-6.00822151699998,0],[105.968963818,-6.00821358199994,0],[105.968957113,-6.00820191399993,0],[105.968948322,-6.00819160699996,0],[105.968937445,-6.00818266299996,0],[105.96892962,-6.00817054799995,0],[105.968924849,-6.00815526399998,0],[105.968915668,-6.00814609299994,0],[105.968902075,-6.00814303599998,0],[105.968894342,-6.00814655199997,0],[105.968892471,-6.00815664399994,0],[105.968875253,-6.00815778099997,0],[105.968862029,-6.00815460699994,0],[105.968842691,-6.00814996499997,0],[105.968823383,-6.00814953599996,0],[105.968817328,-6.00815648899993,0],[105.968807369,-6.00816039099993,0],[105.968793504,-6.00816123899995,0],[105.9687793,-6.00815360799993,0],[105.968764758,-6.00813749699995,0],[105.96875407,-6.00812344299993,0],[105.968747234,-6.00811144499994,0],[105.968744141,-6.00809344999993,0],[105.968744791,-6.00806945899996,0],[105.968746755,-6.00805417599997,0],[105.968750033,-6.00804760499994,0],[105.968757207,-6.00804235099997,0],[105.968768278,-6.00803841399994,0],[105.968782811,-6.00804180599994,0],[105.968800805,-6.00805252499993,0],[105.968806801,-6.00805322399998,0],[105.968815426,-6.00805422899998,0],[105.968826673,-6.00804691899998,0],[105.968835671,-6.00804362599996,0],[105.968842418,-6.00804435099997,0],[105.968848042,-6.00803489699996,0],[105.968852541,-6.00801526399994,0],[105.968850291,-6.00800250999993,0],[105.968841294,-6.00799663599997,0],[105.968831172,-6.00799789099995,0],[105.968819925,-6.00800627299998,0],[105.968809803,-6.00800983099998,0],[105.968800805,-6.00800856599994,0],[105.968795178,-6.00800232099994,0],[105.968792919,-6.00799109599996,0],[105.968786171,-6.00798246499994,0],[105.968774933,-6.00797642899994,0],[105.968762356,-6.00796651799993,0],[105.968748437,-6.00795273199998,0],[105.968744558,-6.00793949899997,0],[105.968750718,-6.00792682099996,0],[105.968756736,-6.00792229299998,0],[105.968762614,-6.00792591799996,0],[105.968765369,-6.00792037099995,0],[105.968765,-6.00790565299997,0],[105.968759193,-6.00789561299996,0],[105.968747946,-6.00789024799997,0],[105.968741817,-6.00789129699996,0],[105.968740806,-6.00789875599997,0],[105.968735183,-6.00790232999998,0],[105.968724947,-6.00790201799992,0],[105.96871533,-6.00789654599993,0],[105.968706332,-6.00788591399993,0],[105.968695139,-6.00788325699995,0],[105.968684217,-6.00788759299996,0],[105.968681748,-6.00788857299995,0],[105.968669196,-6.00789661599993,0],[105.968657484,-6.00790738899997,0],[105.968649649,-6.00791072599998,0],[105.968631179,-6.00789964299997,0],[105.968627413,-6.00789816099996,0],[105.968617957,-6.00790099899996,0],[105.968603864,-6.00789749999996,0],[105.968587872,-6.00788684199995,0],[105.968572127,-6.00788595399996,0],[105.968556627,-6.00789483799997,0],[105.968544458,-6.00789263399997,0],[105.968535618,-6.00787934399995,0],[105.968522905,-6.00787390399995,0],[105.968506316,-6.00787631099996,0],[105.96849274,-6.00788898399998,0],[105.968482179,-6.00791192099996,0],[105.968471754,-6.00792879099993,0],[105.968461464,-6.00793959399994,0],[105.968450662,-6.00794499499995,0],[105.968439344,-6.00794499599994,0],[105.968431037,-6.00793712199993,0],[105.968425738,-6.00792137699995,0],[105.96842786,-6.00790482099995,0],[105.968437403,-6.00788745399996,0],[105.968441857,-6.00787337399993,0],[105.968441225,-6.00786257899995,0],[105.968436409,-6.00785900999995,0],[105.968427413,-6.00786266499995,0],[105.968413578,-6.00786021599993,0],[105.968394907,-6.00785166299994,0],[105.968382346,-6.00784479599997,0],[105.968375897,-6.00783961599996,0],[105.968373981,-6.00783252999997,0],[105.9683766,-6.00782353699998,0],[105.968376938,-6.00781326599997,0],[105.968374996,-6.00780171499997,0],[105.968368872,-6.00779670699995,0],[105.968358565,-6.00779823999994,0],[105.968355288,-6.00780738699996,0],[105.96835904,-6.00782414799994,0],[105.968353921,-6.00783516799993,0],[105.968339933,-6.00784044799997,0],[105.968328234,-6.00783952799998,0],[105.968318824,-6.00783240699997,0],[105.968310371,-6.00781851899995,0],[105.968302876,-6.00779786599998,0],[105.968292539,-6.00778079199995,0],[105.968279359,-6.00776729599994,0],[105.968220076,-6.00775566999994,0],[105.96822142,-6.00770075999998,0],[105.96820275,-6.00763927299994,0],[105.968201857,-6.00763633099996,0],[105.968151954,-6.00760708899998,0],[105.968140621,-6.00760790899994,0],[105.968133872,-6.00761612099996,0],[105.968127123,-6.00761803499995,0],[105.968120375,-6.00761364999994,0],[105.968113627,-6.00761233399993,0],[105.96810688,-6.00761408699998,0],[105.968096279,-6.00761022599994,0],[105.968081824,-6.00760074899995,0],[105.968077761,-6.00759172599993,0],[105.968080905,-6.00758746599996,0],[105.968084087,-6.00758315399997,0],[105.968084565,-6.00757457899994,0],[105.968079197,-6.00756599799996,0],[105.968059642,-6.00755495399994,0],[105.968025903,-6.00754144499996,0],[105.967998927,-6.00753268899996,0],[105.967978719,-6.00752868599994,0],[105.967960724,-6.00752706699996,0],[105.967944943,-6.00752783199994,0],[105.967925806,-6.00753047399996,0],[105.967903312,-6.00753499499996,0],[105.967866198,-6.00754592799996,0],[105.967796208,-6.00753228799994,0],[105.967764772,-6.00752616099993,0],[105.967742881,-6.00744683499994,0],[105.967720039,-6.00732119899993,0],[105.967705072,-6.00730675799997,0],[105.967537792,-6.00714534899993,0],[105.967558036,-6.00712586099996,0],[105.967581655,-6.00710446999994,0],[105.967608647,-6.00708117599993,0],[105.967638319,-6.00705376699995,0],[105.967670671,-6.00702224099996,0],[105.96768979,-6.00700013199997,0],[105.967695677,-6.00698743999993,0],[105.967701995,-6.00698015499995,0],[105.967708743,-6.00697827899995,0],[105.96771774,-6.00697164299993,0],[105.967728988,-6.00696024699994,0],[105.967733086,-6.00695135799998,0],[105.967730037,-6.00694497399996,0],[105.967733947,-6.00693894599993,0],[105.967744816,-6.00693327499994,0],[105.967749464,-6.00692652599997,0],[105.967747892,-6.00691870299994,0],[105.967749605,-6.00691232399993,0],[105.967754604,-6.00690738999998,0],[105.967761638,-6.00690626499994,0],[105.967770706,-6.00690894999997,0],[105.967778122,-6.00689858799996,0],[105.967783885,-6.00687517999995,0],[105.967789896,-6.00686055999995,0],[105.967796152,-6.00685472599997,0],[105.967799982,-6.00684642899995,0],[105.967801388,-6.00683566899994,0],[105.96780659,-6.00682839699994,0],[105.967815587,-6.00682460899998,0],[105.967819832,-6.00681061399996,0],[105.967819322,-6.00678641299993,0],[105.967822599,-6.00676556799993,0],[105.967829663,-6.00674808299993,0],[105.967833438,-6.00673371699997,0],[105.96783392,-6.00672246999994,0],[105.967836267,-6.00671197699995,0],[105.967840475,-6.00670223699996,0],[105.967850452,-6.00669588399995,0],[105.967866198,-6.00669291899993,0],[105.96787857,-6.00668695199994,0],[105.967887567,-6.00667798599994,0],[105.967898971,-6.00666312799996,0],[105.967912784,-6.00664237799998,0],[105.967920261,-6.00662397299993,0],[105.967921404,-6.00660791099995,0],[105.967927265,-6.00658340399997,0],[105.967934701,-6.00656023699997,0],[105.967937843,-6.00655044899997,0],[105.968154052,-6.00621332199995,0],[105.96829111,-6.00599060499997,0],[105.968359638,-6.00582499399997,0],[105.968362371,-6.00581884499996,0],[105.968451009,-6.00561940899996,0],[105.968513827,-6.00550519399997,0],[105.968565223,-6.00540240199996,0],[105.968595298,-6.00534826699993,0],[105.968650884,-6.00524821199997,0],[105.968713701,-6.00516255199994,0],[105.968734036,-6.00511171499994,0],[105.968736544,-6.00510544499997,0],[105.968742255,-6.00503120499997,0],[105.968725892,-6.00489642299993,0],[105.968755084,-6.00485748299997,0],[105.968774937,-6.00483559599996,0],[105.968795182,-6.00481778099993,0],[105.968807553,-6.00480829499998,0],[105.968812052,-6.00480713499996,0],[105.968830047,-6.00479594499996,0],[105.968861538,-6.00477472499995,0],[105.968892212,-6.00475631599994,0],[105.968922068,-6.00474071499997,0],[105.968936997,-6.00473178999994,0],[105.968936997,-6.00472954099996,0],[105.968972688,-6.00470930299997,0],[105.968997066,-6.00469624799996,0],[105.969044069,-6.00467107699995,0],[105.96908875,-6.00464495099993,0],[105.969106727,-6.00463092299998,0],[105.969118342,-6.00461892399994,0],[105.969123597,-6.00460895699996,0],[105.969132594,-6.00460397399996,0],[105.969145335,-6.00460397899997,0],[105.969162996,-6.00459568199994,0],[105.969185577,-6.00457908399994,0],[105.969199377,-6.00457420299995,0],[105.969204393,-6.00458103899996,0],[105.969211098,-6.00458502199996,0],[105.969219489,-6.00458615099996,0],[105.969230094,-6.00458165199996,0],[105.969242914,-6.00457152599995,0],[105.969258659,-6.00456471999996,0],[105.969277331,-6.00456123699996,0],[105.969298284,-6.00455559599993,0],[105.969367859,-6.00453686699996,0],[105.969379712,-6.00454965599994,0],[105.969390923,-6.00455156499993,0],[105.969400985,-6.00454302599996,0],[105.969401494,-6.00454259399993,0],[105.969415306,-6.00453313999998,0],[105.969432361,-6.00452320199997,0],[105.96943261,-6.00452311399994,0],[105.969447354,-6.00451791899997,0],[105.969460288,-6.00451729099996,0],[105.969467428,-6.00451135299994,0],[105.969468501,-6.00450237799993,0],[105.969468772,-6.00450010699996,0],[105.969473235,-6.00449179199995,0],[105.969480818,-6.00448640999997,0],[105.969489763,-6.00448481799998,0],[105.96950007,-6.00448701399995,0],[105.969508649,-6.00448253699994,0],[105.969515503,-6.00447138699997,0],[105.969533186,-6.00445532799995,0],[105.969561698,-6.00443435899996,0],[105.96958124,-6.00442240699994,0],[105.96959181,-6.00441947299993,0],[105.969603839,-6.00440715099995,0],[105.969617326,-6.00438544399998,0],[105.969632188,-6.00436769299995,0],[105.969648427,-6.00435389799998,0],[105.969657424,-6.00434432299994,0],[105.969659181,-6.00433896799996,0],[105.969670336,-6.00432522799997,0],[105.969690888,-6.00430310299993,0],[105.969699255,-6.00429270799998,0],[105.969712463,-6.00427629599994,0],[105.969735062,-6.00424480399994,0],[105.969757402,-6.00421048199996,0],[105.969779482,-6.00417332799998,0],[105.969796958,-6.00414071199998,0],[105.969809831,-6.00411263499996,0],[105.969821359,-6.00408285099996,0],[105.969831542,-6.00405135899996,0],[105.969841976,-6.00402549899997,0],[105.96985266,-6.00400526799996,0],[105.969866965,-6.00398386399996,0],[105.969924371,-6.00379769299997,0],[105.970038586,-6.00356926499995,0],[105.970041265,-6.00356454999996,0],[105.970181353,-6.00331799399993,0],[105.970386939,-6.00307243399993,0],[105.970546838,-6.00289540199998,0],[105.970763845,-6.00267268399995,0],[105.970918034,-6.00248422999994,0],[105.971153816,-6.00233786199993,0],[105.97117406,-6.00232775399996,0],[105.971205429,-6.00231356799998,0],[105.971224487,-6.00230423399995,0],[105.971231235,-6.00229975299993,0],[105.971252604,-6.00228965499997,0],[105.971288594,-6.00227393999995,0],[105.971314461,-6.00226169999996,0],[105.971330206,-6.00225293499994,0],[105.971367461,-6.00223644999994,0],[105.971426226,-6.00221224299997,0],[105.971455608,-6.00219901499997,0],[105.971455608,-6.00219676599994,0],[105.97146609,-6.00219114199996,0],[105.971487055,-6.00218214499995,0],[105.971531018,-6.00216527499992,0],[105.971594241,-6.00214191299995,0],[105.971597981,-6.00214053099995,0],[105.971641343,-6.00212402399995,0],[105.971661103,-6.00211575199995,0],[105.971676607,-6.00210643299994,0],[105.971687854,-6.00209606899995,0],[105.971704724,-6.00206206299993,0],[105.971727218,-6.00200441499993,0],[105.971738522,-6.00196880099998,0],[105.971738636,-6.00195522099995,0],[105.971740622,-6.00194050399995,0],[105.971744479,-6.00192464799994,0],[105.971749452,-6.00189535199996,0],[105.971755542,-6.00185261399997,0],[105.971758172,-6.00182349199997,0],[105.971757347,-6.00180798299994,0],[105.971753336,-6.00179459199995,0],[105.971746139,-6.00178331899997,0],[105.971743407,-6.00176520499997,0],[105.971745138,-6.00174025099994,0],[105.971743991,-6.00171427899994,0],[105.971739967,-6.00168728699992,0],[105.971735934,-6.00166929099993,0],[105.971731892,-6.00166029399998,0],[105.971724419,-6.00165017299997,0],[105.971713515,-6.00163892499995,0],[105.971703999,-6.00163146699992,0],[105.971695871,-6.00162779999994,0],[105.971685947,-6.00161767699996,0],[105.971674226,-6.00160110199994,0],[105.971666771,-6.00159310999993,0],[105.971663581,-6.00159370299997,0],[105.971658476,-6.00158807999998,0],[105.971651456,-6.00157623999996,0],[105.971641395,-6.00156807099995,0],[105.971628294,-6.00156357199995,0],[105.971621683,-6.00156526699993,0],[105.971621559,-6.00157315799993,0],[105.971616999,-6.00157403499998,0],[105.971608002,-6.00156789699997,0],[105.971603503,-6.00156082899997,0],[105.971603503,-6.00155282799994,0],[105.971607251,-6.00155007599994,0],[105.971614745,-6.00155257099993,0],[105.971613621,-6.00154694999998,0],[105.971603876,-6.00153321299996,0],[105.971594581,-6.00152601599996,0],[105.971585733,-6.00152536099995,0],[105.971582947,-6.00152173399994,0],[105.971586224,-6.00151513599997,0],[105.971584858,-6.00150829599994,0],[105.971578848,-6.00150121399997,0],[105.971571512,-6.00149854699993,0],[105.971562848,-6.00150029499997,0],[105.971541646,-6.00148933199995,0],[105.971507905,-6.00146565699993,0],[105.971489146,-6.00144920399993,0],[105.971485368,-6.00143997399994,0],[105.971473062,-6.00142748599995,0],[105.97145223,-6.00141173999998,0],[105.971433791,-6.00139608099994,0],[105.971417747,-6.00138050599998,0],[105.971401623,-6.00136619799997,0],[105.971385421,-6.00135315399996,0],[105.971372641,-6.00134631999993,0],[105.971363284,-6.00134569599993,0],[105.971349546,-6.00133188799992,0],[105.971331428,-6.00130489599997,0],[105.971331059,-6.00129054099995,0],[105.971348439,-6.00128882299992,0],[105.97135581,-6.00128439199995,0],[105.971353175,-6.00127724899994,0],[105.971462787,-6.00116650799993,0],[105.971468283,-6.00117312599997,0],[105.971485759,-6.00117699699996,0],[105.971490609,-6.00117218399993,0],[105.971482834,-6.00115868799998,0],[105.971479872,-6.00114728699998,0],[105.971481726,-6.00113798199993,0],[105.97149024,-6.00113110299998,0],[105.971505415,-6.00112664699998,0],[105.971516776,-6.00112990799994,0],[105.971524324,-6.00114088199996,0],[105.971533452,-6.00114803199995,0],[105.971544163,-6.00115135699997,0],[105.971551768,-6.00115574399996,0],[105.971556266,-6.00116119199993,0],[105.971563546,-6.00116376599993,0],[105.971573607,-6.00116346799996,0],[105.971579881,-6.00117107299997,0],[105.971582367,-6.00118658099996,0],[105.971590758,-6.00120060599994,0],[105.971605054,-6.00121314899997,0],[105.971621274,-6.00123022799994,0],[105.971639418,-6.00125184199993,0],[105.971654114,-6.00126051899997,0],[105.97166536,-6.00125625799996,0],[105.971676445,-6.00125669699997,0],[105.971687367,-6.00126183699996,0],[105.971694457,-6.00127037599998,0],[105.971697717,-6.00128231199994,0],[105.97169614,-6.00129018499996,0],[105.971689726,-6.00129399399998,0],[105.971689611,-6.00130264699993,0],[105.971695797,-6.00131614299994,0],[105.971704983,-6.00132808599994,0],[105.97171717,-6.00133847599994,0],[105.971725939,-6.00134077199993,0],[105.97173129,-6.00133497199994,0],[105.971735446,-6.00133462899993,0],[105.971738408,-6.00133974399995,0],[105.971737283,-6.00134526399995,0],[105.971732072,-6.00135119099997,0],[105.971735372,-6.00136292399998,0],[105.971747181,-6.00138046699993,0],[105.971759553,-6.00139487699994,0],[105.971772486,-6.00140615399994,0],[105.97179009,-6.00141554199996,0],[105.971812364,-6.00142304199994,0],[105.971831316,-6.00142459899996,0],[105.971846947,-6.00142021499994,0],[105.97185493,-6.00142063499993,0],[105.971855264,-6.00142585799995,0],[105.971861454,-6.00142681799997,0],[105.971873501,-6.00142351399995,0],[105.971879414,-6.00141736399996,0],[105.971879194,-6.00140836599996,0],[105.971887669,-6.00139711999998,0],[105.971904838,-6.00138362299998,0],[105.971922542,-6.00137803299998,0],[105.971940784,-6.00138034799994,0],[105.971952154,-6.00138427799993,0],[105.971956652,-6.00138982199996,0],[105.971964257,-6.00139064799993,0],[105.971974968,-6.00138675599993,0],[105.971981715,-6.00138699999997,0],[105.971984501,-6.00139137999997,0],[105.971997615,-6.00139389499998,0],[105.972021058,-6.00139454499993,0],[105.972025416,-6.00138938799995,0],[105.97201069,-6.00137842199996,0],[105.972006841,-6.00136825399994,0],[105.972013871,-6.00135888299997,0],[105.972022195,-6.00135792899994,0],[105.972031817,-6.00136539399995,0],[105.972036807,-6.00136318999995,0],[105.972037167,-6.00135131999997,0],[105.972033825,-6.00134166599997,0],[105.972026777,-6.00133422799996,0],[105.97202386,-6.00132523099995,0],[105.972025073,-6.00131467299997,0],[105.972029655,-6.00130152199995,0],[105.972037607,-6.00128577599997,0],[105.972048125,-6.00127474999994,0],[105.972061207,-6.00126844099998,0],[105.972068136,-6.00125831799994,0],[105.972068909,-6.00124438299997,0],[105.972078811,-6.00122957299993,0],[105.972097843,-6.00121388899993,0],[105.972112007,-6.00120376699994,0],[105.972121303,-6.00119920699996,0],[105.972124041,-6.00119242799997,0],[105.972120218,-6.00118342999997,0],[105.972122502,-6.00117330899997,0],[105.972130894,-6.00116206099995,0],[105.972129795,-6.00114580199994,0],[105.972119208,-6.00112452999997,0],[105.972104402,-6.00110425899993,0],[105.97208538,-6.00108499099997,0],[105.97206912,-6.00107218399995,0],[105.972055624,-6.00106583999997,0],[105.972047435,-6.00105718299994,0],[105.972044553,-6.00104621299994,0],[105.972036417,-6.00103055599993,0],[105.972023026,-6.00101020999995,0],[105.972012064,-6.00099864999993,0],[105.972003533,-6.00099587299997,0],[105.971999298,-6.00098936199993,0],[105.971999359,-6.00097911699993,0],[105.971994707,-6.00097124399997,0],[105.97198534,-6.00096574399993,0],[105.971974642,-6.00096186899998,0],[105.971962613,-6.00095961899996,0],[105.971957619,-6.00095399699995,0],[105.971959657,-6.00094499899996,0],[105.971954662,-6.00093819999995,0],[105.971942633,-6.00093360099993,0],[105.971936865,-6.00092767799993,0],[105.971937357,-6.00092043399997,0],[105.971932458,-6.00091295599998,0],[105.971922169,-6.00090524599995,0],[105.97191869,-6.00089879699993,0],[105.97192202,-6.00089360799996,0],[105.971924564,-6.00088089199994,0],[105.971926321,-6.00086064799996,0],[105.971925201,-6.00084827599994,0],[105.971921203,-6.00084377799993,0],[105.971915404,-6.00084490299997,0],[105.971907803,-6.00085165099995,0],[105.971900247,-6.00085052599997,0],[105.971892734,-6.00084152799997,0],[105.971892115,-6.00083365599994,0],[105.971898388,-6.00082690799996,0],[105.971902202,-6.00081903499995,0],[105.971903555,-6.00081003799994,0],[105.971908902,-6.00079912299998,0],[105.971918242,-6.00078628899996,0],[105.971919094,-6.00077954199998,0],[105.971911459,-6.00077887799995,0],[105.971910107,-6.00077784699994,0],[105.971894803,-6.00076617499997,0],[105.971869129,-6.00074143199993,0],[105.971849755,-6.00072076199996,0],[105.97183668,-6.00070416399996,0],[105.971826787,-6.00069472299998,0],[105.971820074,-6.00069243899998,0],[105.971804829,-6.00067956599997,0],[105.971781053,-6.00065610599995,0],[105.971760071,-6.00063660299998,0],[105.971741883,-6.00062105499995,0],[105.971717992,-6.00059658399994,0],[105.971688399,-6.00056319099997,0],[105.971662751,-6.00053710399993,0],[105.971641048,-6.00051832199995,0],[105.971622754,-6.00049950099998,0],[105.97160787,-6.00048063999998,0],[105.971595837,-6.00046905299996,0],[105.971586655,-6.00046473999993,0],[105.971576177,-6.00045497699995,0],[105.971564403,-6.00043976799998,0],[105.971554958,-6.00042990899993,0],[105.97154784,-6.00042540199996,0],[105.971530017,-6.00040722899996,0],[105.971501487,-6.00037539099998,0],[105.971480303,-6.00035075999995,0],[105.971466464,-6.00033333699997,0],[105.971448794,-6.00031614399995,0],[105.971427294,-6.00029918099995,0],[105.971409606,-6.00028219899997,0],[105.971395732,-6.00026519699998,0],[105.97139202,-6.00025123099994,0],[105.971398469,-6.00024029999997,0],[105.971403442,-6.00023614699995,0],[105.971406939,-6.00023876899996,0],[105.971411627,-6.00023558199996,0],[105.971417505,-6.00022658499995,0],[105.971424183,-6.00022061599998,0],[105.971431435,-6.00021776499995,0],[105.97143166,-6.00021767699997,0],[105.971436182,-6.00021283399997,0],[105.971437745,-6.00020608499995,0],[105.971442868,-6.00019842299997,0],[105.971451549,-6.00018984799993,0],[105.971459641,-6.00018422399995,0],[105.971465984,-6.00018196699995,0],[105.971467145,-6.00018155399994,0],[105.971471354,-6.00017684399995,0],[105.971471423,-6.00017633099998,0],[105.971472267,-6.00017009499993,0],[105.971477302,-6.00016172699998,0],[105.971486458,-6.00015173599996,0],[105.971493285,-6.00014679399993,0],[105.971497783,-6.00014689899996,0],[105.97150458,-6.00013956899994,0],[105.971513674,-6.00012480299995,0],[105.971523343,-6.00011737399996,0],[105.971528367,-6.00011732899998,0],[105.971533588,-6.00011728199996,0],[105.971540289,-6.00011127899995,0],[105.971542587,-6.00010259499993,0],[105.971543442,-6.00009936399994,0],[105.971548776,-6.00009300099993,0],[105.971552205,-6.00009262999993,0],[105.971556289,-6.00009218799994,0],[105.971564162,-6.00008513999995,0],[105.971572395,-6.00007185999993,0],[105.971580965,-6.00006697699996,0],[105.971589875,-6.00007049199996,0],[105.971602919,-6.00008282599993,0],[105.971620097,-6.00010397899996,0],[105.971630262,-6.00011448999993,0],[105.971633417,-6.00011435899995,0],[105.971640121,-6.00012114599997,0],[105.971650375,-6.00013485299996,0],[105.97165993,-6.00014402599993,0],[105.971668787,-6.00014866499993,0],[105.971674494,-6.00015420499994,0],[105.971677051,-6.00016064599993,0],[105.971689989,-6.00017391099993,0],[105.971713309,-6.00019400099995,0],[105.971727217,-6.00020782699994,0],[105.971731717,-6.00021538799996,0],[105.971739589,-6.00022362999994,0],[105.971750836,-6.00023255299993,0],[105.97175939,-6.00024237999997,0],[105.97176525,-6.00025311399997,0],[105.971773365,-6.00026116399994,0],[105.971783733,-6.00026653299994,0],[105.971792049,-6.00027476299994,0],[105.971798314,-6.00028585699994,0],[105.97180891,-6.00029550799997,0],[105.971823839,-6.00030371999998,0],[105.971835784,-6.00031346299994,0],[105.971844747,-6.00032474099993,0],[105.971862636,-6.00034232599995,0],[105.971889453,-6.00036621599997,0],[105.971904043,-6.00038198999994,0],[105.971906406,-6.00038964699996,0],[105.971912772,-6.00039639599993,0],[105.97192314,-6.00040223399998,0],[105.97192915,-6.00040859499995,0],[105.971930802,-6.00041547999996,0],[105.971936197,-6.00042117199996,0],[105.971945335,-6.00042566999997,0],[105.971952584,-6.00043347499997,0],[105.971957943,-6.00044458499997,0],[105.971965913,-6.00045238999996,0],[105.971976493,-6.00045688899996,0],[105.97198712,-6.00046382499994,0],[105.971997795,-6.00047320099998,0],[105.972003322,-6.00048184399998,0],[105.9720037,-6.00048975699997,0],[105.972013457,-6.00050081499995,0],[105.972032594,-6.00051501799993,0],[105.972044614,-6.00052697299998,0],[105.972049517,-6.00053667699996,0],[105.972055694,-6.00054178699997,0],[105.972063145,-6.00054230099994,0],[105.972069119,-6.00053446099997,0],[105.972072674,-6.00052166799998,0],[105.972073619,-6.00051826699996,0],[105.972082616,-6.00050952399994,0],[105.972091465,-6.00050867799996,0],[105.972096112,-6.00050823299995,0],[105.972109608,-6.00051191699993,0],[105.972123105,-6.00052057599993,0],[105.972133126,-6.00052533399997,0],[105.972139672,-6.00052619099995,0],[105.972149214,-6.00053057299993,0],[105.972161752,-6.00053848099998,0],[105.972177502,-6.00055197699993,0],[105.972196464,-6.00057106099996,0],[105.972212107,-6.00058353599997,0],[105.972224436,-6.00058939999997,0],[105.972235779,-6.00059870399997,0],[105.972246138,-6.00061144499995,0],[105.972255698,-6.00061762799993,0],[105.972264458,-6.00061725399996,0],[105.972270512,-6.00062369699998,0],[105.97227386,-6.00063695599994,0],[105.972279729,-6.00064583499994,0],[105.97228812,-6.00065033299995,0],[105.972297267,-6.00065932999996,0],[105.972307169,-6.00067282699996,0],[105.972318289,-6.00068583799998,0],[105.972330625,-6.00069836299997,0],[105.972340168,-6.00070611899997,0],[105.972346915,-6.00070910699998,0],[105.972353861,-6.00071521499996,0],[105.972361004,-6.00072444499995,0],[105.972368878,-6.00073141299993,0],[105.97237748,-6.00073611899995,0],[105.972385155,-6.00074318499998,0],[105.972391903,-6.00075261299997,0],[105.972398677,-6.00075815699995,0],[105.972405478,-6.00075981799995,0],[105.97241335,-6.00076544099994,0],[105.972422295,-6.00077502799996,0],[105.97243287,-6.00078287599996,0],[105.972445074,-6.00078898699996,0],[105.97245926,-6.00080328899998,0],[105.972475428,-6.00082578299993,0],[105.972490694,-6.00084047599995,0],[105.97250506,-6.00084736899993,0],[105.972515617,-6.00085650299997,0],[105.972522365,-6.00086787699996,0],[105.972536986,-6.00087895499996,0],[105.972559479,-6.00088973599998,0],[105.972586472,-6.00089704199996,0],[105.972617962,-6.00090087299998,0],[105.972637469,-6.00089833399994,0],[105.97264499,-6.00088942399998,0],[105.97264274,-6.00088331099994,0],[105.972630721,-6.00087999399994,0],[105.972619087,-6.00087343899997,0],[105.972607841,-6.00086364699996,0],[105.972596594,-6.00085690499998,0],[105.972585347,-6.00085321499995,0],[105.972578753,-6.00084313199994,0],[105.972576811,-6.00082665699995,0],[105.972572602,-6.00081407499994,0],[105.972566127,-6.00080538499998,0],[105.972564527,-6.00079204299993,0],[105.972567805,-6.00077404799993,0],[105.972576684,-6.00076072299993,0],[105.972591164,-6.00075206799994,0],[105.9725988,-6.00074419499992,0],[105.97259959,-6.00073710499993,0],[105.97259492,-6.00073316399994,0],[105.972587238,-6.00073256399997,0],[105.972584789,-6.00073237299995,0],[105.972581204,-6.00072977099995,0],[105.972584165,-6.00072535499993,0],[105.972583098,-6.00071793499995,0],[105.972578002,-6.00070750899994,0],[105.972566851,-6.00069166499998,0],[105.972554149,-6.00067596599996,0],[105.972549648,-6.00067040199997,0],[105.972535172,-6.00065572399996,0],[105.972523424,-6.00064763099994,0],[105.972515099,-6.00063974499994,0],[105.972510196,-6.00063206599998,0],[105.972501238,-6.00062531799995,0],[105.972493636,-6.00062191999996,0],[105.972488225,-6.00061950099996,0],[105.972476091,-6.00060960499997,0],[105.972464835,-6.00059563099995,0],[105.972457217,-6.00058838799993,0],[105.972453237,-6.00058787899997,0],[105.972445338,-6.00058115899998,0],[105.97243352,-6.00056822999994,0],[105.972428604,-6.00056430699993,0],[105.972423051,-6.00055987599995,0],[105.972420162,-6.00055867899994,0],[105.972413931,-6.00055609699996,0],[105.972402472,-6.00054910199998,0],[105.972396137,-6.00054441099996,0],[105.972388678,-6.00053888699995,0],[105.972375032,-6.00053369999995,0],[105.972361536,-6.00053354299996,0],[105.972346916,-6.00053688799994,0],[105.97233117,-6.00054373699993,0],[105.972318798,-6.00054457799996,0],[105.972309801,-6.00053941199997,0],[105.972303312,-6.00052839499995,0],[105.972299332,-6.00051152999993,0],[105.972294372,-6.00050043999994,0],[105.972288432,-6.00049512299995,0],[105.972284707,-6.00048759699996,0],[105.972283195,-6.00047786199997,0],[105.972279158,-6.00047109899998,0],[105.972272594,-6.00046730699995,0],[105.972272686,-6.00046413999996,0],[105.972279434,-6.00046159599998,0],[105.972284298,-6.00045628899994,0],[105.972287277,-6.00044821899996,0],[105.972286925,-6.00044194899993,0],[105.972283244,-6.00043748099995,0],[105.972286934,-6.00043334799994,0],[105.972297996,-6.00042954699995,0],[105.972298019,-6.00042235099994,0],[105.972287,-6.00041175899997,0],[105.972280695,-6.00040340499993,0],[105.972279105,-6.00039728999997,0],[105.972286222,-6.00039475299997,0],[105.972302047,-6.00039579399993,0],[105.972315543,-6.00038578299996,0],[105.972326711,-6.00036472199997,0],[105.972347768,-6.00034893699996,0],[105.972378714,-6.00033842899995,0],[105.972395584,-6.00033588199994,0],[105.972398378,-6.00034129899996,0],[105.972403734,-6.00034129999995,0],[105.97241165,-6.00033588299993,0],[105.972412472,-6.00032530099998,0],[105.972406198,-6.00030955599993,0],[105.972405258,-6.00030132999996,0],[105.972409651,-6.00030062299993,0],[105.972411699,-6.00029499799996,0],[105.9724114,-6.00028445999993,0],[105.97241738,-6.00027943299995,0],[105.972429637,-6.00027992099996,0],[105.97244286,-6.00028554399995,0],[105.972457051,-6.00029630299997,0],[105.972459699,-6.00030618199997,0],[105.972450808,-6.00031517899993,0],[105.972453935,-6.00031957899995,0],[105.972469083,-6.00031938099994,0],[105.972478806,-6.00032326099995,0],[105.972483103,-6.00033121699994,0],[105.972499125,-6.00032157099997,0],[105.972526872,-6.00029432399998,0],[105.972535554,-6.00027807399994,0],[105.972525168,-6.00027281899997,0],[105.972525581,-6.00026681799994,0],[105.972536793,-6.00026006999997,0],[105.972543822,-6.00024994799998,0],[105.972546669,-6.00023645199997,0],[105.97256545,-6.00021778299993,0],[105.972600166,-6.00019394099996,0],[105.972626069,-6.00017482299995,0],[105.972643158,-6.00016042999994,0],[105.972659515,-6.00014873299995,0],[105.972675137,-6.00013973199998,0],[105.972690803,-6.00013972899995,0],[105.972706514,-6.00014872699995,0],[105.972713951,-6.00015547499993,0],[105.972713116,-6.00015997399993,0],[105.972717233,-6.00016605799993,0],[105.972726301,-6.00017372899993,0],[105.972738045,-6.00017869799996,0],[105.972752463,-6.00018096499997,0],[105.972760072,-6.00018500199997,0],[105.972760871,-6.00019080999994,0],[105.972767382,-6.00019821299998,0],[105.972779605,-6.00020720999993,0],[105.972790948,-6.00022021199993,0],[105.972801412,-6.00023721799994,0],[105.9728107,-6.00024963999994,0],[105.97281881,-6.00025747799998,0],[105.972828436,-6.00026169799997,0],[105.972839577,-6.00026229999997,0],[105.972846123,-6.00026772299998,0],[105.972848074,-6.00027796799998,0],[105.972855459,-6.00029047299995,0],[105.972868278,-6.00030523899994,0],[105.972877913,-6.00031390099997,0],[105.972884362,-6.00031645799993,0],[105.972884515,-6.00032417699992,0],[105.972878374,-6.00033705799996,0],[105.972880057,-6.00034308699998,0],[105.972889564,-6.00034226599996,0],[105.972900019,-6.00034482299998,0],[105.972911424,-6.00035075899996,0],[105.972921235,-6.00035870999994,0],[105.97292945,-6.00036867799997,0],[105.97293228,-6.00037649199993,0],[105.972929723,-6.00038214999995,0],[105.972936664,-6.00038777399993,0],[105.972953104,-6.00039336199995,0],[105.972961521,-6.00040140399994,0],[105.972961916,-6.00041189899997,0],[105.972968863,-6.00041414199995,0],[105.972982359,-6.00040813199996,0],[105.97299278,-6.00040738299998,0],[105.972996083,-6.00040941199995,0],[105.973000125,-6.00041189499996,0],[105.972999926,-6.00041275899997,0],[105.972998776,-6.00041774599993,0],[105.972988733,-6.00042493899997,0],[105.972978149,-6.00042702499996,0],[105.972967026,-6.00042400699994,0],[105.972963845,-6.00042831499997,0],[105.972968607,-6.00043994899994,0],[105.972974328,-6.00044579999997,0],[105.972981005,-6.00044586999996,0],[105.972984344,-6.00045027299996,0],[105.972984344,-6.00045900699996,0],[105.972988773,-6.00046245299995,0],[105.97299763,-6.00046061199993,0],[105.973005542,-6.00046182699998,0],[105.97301251,-6.00046609699996,0],[105.973026959,-6.00047014899997,0],[105.97304889,-6.00047398499993,0],[105.973058986,-6.00047840499997,0],[105.973057247,-6.00048340899997,0],[105.97305193,-6.00048663999996,0],[105.973043038,-6.00048809899994,0],[105.973044049,-6.00049056999995,0],[105.973054962,-6.00049405399994,0],[105.973063155,-6.00049257699993,0],[105.97306863,-6.00048614099995,0],[105.973078505,-6.00048188899996,0],[105.973092783,-6.00047981899996,0],[105.973093803,-6.00047908199997,0],[105.973099211,-6.00047517599995,0],[105.973097787,-6.00046795799994,0],[105.973101751,-6.00046771799992,0],[105.973106655,-6.00047125299994,0],[105.973111099,-6.00047445699994,0],[105.973116059,-6.00047474299993,0],[105.97311663,-6.00046857399997,0],[105.973121849,-6.00046750499996,0],[105.973131717,-6.00047153299994,0],[105.973139251,-6.00047207199998,0],[105.973144453,-6.00046911899994,0],[105.973149202,-6.00046103999995,0],[105.973153498,-6.00044783399994,0],[105.973158814,-6.00044139099998,0],[105.973165149,-6.00044171199994,0],[105.973173343,-6.00043191299994,0],[105.973183394,-6.00041199399993,0],[105.97319382,-6.00040156799997,0],[105.973204618,-6.00040063699993,0],[105.973211024,-6.00039662399996,0],[105.973213036,-6.00038952899996,0],[105.973219709,-6.00038402599995,0],[105.973231044,-6.00038011599997,0],[105.973238799,-6.00037242099995,0],[105.973242972,-6.00036094199993,0],[105.973250058,-6.00035194499998,0],[105.973260057,-6.00034542899994,0],[105.973266924,-6.00033889799994,0],[105.973270658,-6.00033235299998,0],[105.973281523,-6.00032334199994,0],[105.973299518,-6.00031186699994,0],[105.97330873,-6.00030185899993,0],[105.973309161,-6.00029331799993,0],[105.973312737,-6.00028341099994,0],[105.973319459,-6.00027213799996,0],[105.97333071,-6.00026382899995,0],[105.973346491,-6.00025848199994,0],[105.973354499,-6.00025186999994,0],[105.973354736,-6.00024399299997,0],[105.973360369,-6.00023723899994,0],[105.973371396,-6.00023160599994,0],[105.973381277,-6.00022124399993,0],[105.97339001,-6.00020615299997,0],[105.973397804,-6.00019528399997,0],[105.973404658,-6.00018863799994,0],[105.973414683,-6.00018324099995,0],[105.973427881,-6.00017909299993,0],[105.973432651,-6.00017373999998,0],[105.973428996,-6.00016718099994,0],[105.973433464,-6.00016463699995,0],[105.973446055,-6.00016610899996,0],[105.973451464,-6.00016027199996,0],[105.973449689,-6.00014712799998,0],[105.973451099,-6.00014308399994,0],[105.973453485,-6.00013624199994,0],[105.973462851,-6.00012761299996,0],[105.973469607,-6.00012521499997,0],[105.97347198,-6.00012437199996,0],[105.973480872,-6.00012652099997,0],[105.973485279,-6.00012418099993,0],[105.9734852,-6.00011735399994,0],[105.973488459,-6.00011049199998,0],[105.973495058,-6.00010359499993,0],[105.973507131,-6.00009681099993,0],[105.973524677,-6.00009014299997,0],[105.97353125,-6.00008321699994,0],[105.973526847,-6.00007603399996,0],[105.973528948,-6.00007254299993,0],[105.973537549,-6.00007274499995,0],[105.973542338,-6.00006853599996,0],[105.973543313,-6.00005991699993,0],[105.973546837,-6.00005276299993,0],[105.973552909,-6.00004707299996,0],[105.973551696,-6.00004539999998,0],[105.973550734,-6.00004407299997,0],[105.973540313,-6.00004376099997,0],[105.973534251,-6.00003795499993,0],[105.973532546,-6.00002665499994,0],[105.973534685,-6.00001919599993,0],[105.973540669,-6.00001557599995,0],[105.973544329,-6.00000798599996,0],[105.973545664,-5.99999642799997,0],[105.973550106,-5.99998830799996,0],[105.973557653,-5.99998362899993,0],[105.973562513,-5.99997724699995,0],[105.973564683,-5.99996915799994,0],[105.973568935,-5.99996436799995,0],[105.97357527,-5.99996287399995,0],[105.973582076,-5.99996577399997,0],[105.973589351,-5.99997306599994,0],[105.973592281,-5.99997967399997,0],[105.973590866,-5.99998559599993,0],[105.973593986,-5.99998699699995,0],[105.973601639,-5.99998387799997,0],[105.973611383,-5.99998455699995,0],[105.973613312,-5.99998528699996,0],[105.973623218,-5.99998903399995,0],[105.973630182,-5.99998812199993,0],[105.973632273,-5.99998182199994,0],[105.973640484,-5.99997732299994,0],[105.973654815,-5.99997462599993,0],[105.97365909,-5.99996990299996,0],[105.973653308,-5.99996315499993,0],[105.973655069,-5.99995978099997,0],[105.973664375,-5.99995978099997,0],[105.973667946,-5.99995660199994,0],[105.973665785,-5.99995024499998,0],[105.973672379,-5.99994510499994,0],[105.973687729,-5.99994118199993,0],[105.973699055,-5.99993001699994,0],[105.973705015,-5.99991499299995,0],[105.973706357,-5.99991160899998,0],[105.97371423,-5.99990225599993,0],[105.973722673,-5.99990195699996,0],[105.97372914,-5.99989830399994,0],[105.97373363,-5.99989129699998,0],[105.973745242,-5.99988329699994,0],[105.973763975,-5.99987430299996,0],[105.973780849,-5.99985843499996,0],[105.973795865,-5.99983569099993,0],[105.973804836,-5.99982478199996,0],[105.973807762,-5.99982570999993,0],[105.973817423,-5.99981637799993,0],[105.973833819,-5.99979678799997,0],[105.973834037,-5.99979655499993,0],[105.973848488,-5.99978109099993,0],[105.973861431,-5.99976928599995,0],[105.973867371,-5.99976074799997,0],[105.973866307,-5.99975547599996,0],[105.973872625,-5.99974950799998,0],[105.973886323,-5.99974284299998,0],[105.973895022,-5.99973565099998,0],[105.973897163,-5.99973118199995,0],[105.97389872,-5.99972793299997,0],[105.973907376,-5.99971889299997,0],[105.973920986,-5.99970853399998,0],[105.973933801,-5.99969694499993,0],[105.973945821,-5.99968412499993,0],[105.97395408,-5.99967309099998,0],[105.973958579,-5.99966384399994,0],[105.973972123,-5.99965225799997,0],[105.973994714,-5.99963833599998,0],[105.974011707,-5.99962362499997,0],[105.974023103,-5.99960812499995,0],[105.974033533,-5.99959687899997,0],[105.974042996,-5.99958988499998,0],[105.974048373,-5.99958301399994,0],[105.974049665,-5.99957626599996,0],[105.974055038,-5.99957187199993,0],[105.974064492,-5.99956983399994,0],[105.974070239,-5.99956575099998,0],[105.974072277,-5.99955962199994,0],[105.974085668,-5.99954282799996,0],[105.974110411,-5.99951537099997,0],[105.974126306,-5.99949920999995,0],[105.974133352,-5.99949434599995,0],[105.974146849,-5.99948944599993,0],[105.974166794,-5.99948450799997,0],[105.974177118,-5.99948415399996,0],[105.974177821,-5.99948838499995,0],[105.974181236,-5.99949010999995,0],[105.974187161,-5.99949310399995,0],[105.974201467,-5.99949724699997,0],[105.974205139,-5.99949830999998,0],[105.974223907,-5.99950933799994,0],[105.974243465,-5.99952619199996,0],[105.974263064,-5.99953774299996,0],[105.974282702,-5.99954399499995,0],[105.974291699,-5.99955222099993,0],[105.974290056,-5.99956242299993,0],[105.974294414,-5.99956774099996,0],[105.974304774,-5.99956817499998,0],[105.974310423,-5.99957179099994,0],[105.974311363,-5.99957858799996,0],[105.974316499,-5.99958215699996,0],[105.974325831,-5.99958249999997,0],[105.974338329,-5.99958809899994,0],[105.974353996,-5.99959895499995,0],[105.974359435,-5.99960776299997,0],[105.974354646,-5.99961452499997,0],[105.974355379,-5.99961902299998,0],[105.974361635,-5.99962125999997,0],[105.974366191,-5.99963031399994,0],[105.974369047,-5.99964618699994,0],[105.974374908,-5.99965228099995,0],[105.974383773,-5.99964859399995,0],[105.974391431,-5.99964980299995,0],[105.97439788,-5.99965590499994,0],[105.974407053,-5.99965975499993,0],[105.974418951,-5.99966135499994,0],[105.974426972,-5.99966622699998,0],[105.97443112,-5.99967437199996,0],[105.974436738,-5.99967887999998,0],[105.974443829,-5.99967974999993,0],[105.974450375,-5.99968730299997,0],[105.974456377,-5.99970154199997,0],[105.974467452,-5.99970557599994,0],[105.974483601,-5.99969940299997,0],[105.974499417,-5.99970045699996,0],[105.974514899,-5.99970873799998,0],[105.974529626,-5.99971060299993,0],[105.974543596,-5.99970605099998,0],[105.97455979,-5.99970511199996,0],[105.974574405,-5.99970723199993,0],[105.974578206,-5.99970778299996,0],[105.974592722,-5.99970588299993,0],[105.974603336,-5.99969941099994,0],[105.974621089,-5.99969227299994,0],[105.974645981,-5.99968446599996,0],[105.974662856,-5.99968063199998,0],[105.974671713,-5.99968077299997,0],[105.974678826,-5.99967678599995,0],[105.974684194,-5.99966867099994,0],[105.974695063,-5.99966380399997,0],[105.974711433,-5.99966218299994,0],[105.974736997,-5.99964950999993,0],[105.974749581,-5.99964092199997,0],[105.974771756,-5.99962578699996,0],[105.974797989,-5.99961379999996,0],[105.974800861,-5.99961375899994,0],[105.974815694,-5.99961354899995,0],[105.974830178,-5.99960977499995,0],[105.974841442,-5.99960247799993,0],[105.974848476,-5.99959599599993,0],[105.974851279,-5.99959032899994,0],[105.974856801,-5.99958824199996,0],[105.974865044,-5.99958973499997,0],[105.974878263,-5.99958557599996,0],[105.974896459,-5.99957576099996,0],[105.97491264,-5.99956832099997,0],[105.974926804,-5.99956325499994,0],[105.974937413,-5.99955701599993,0],[105.974944469,-5.99954960499997,0],[105.974953585,-5.99954410299995,0],[105.974964762,-5.99954050899993,0],[105.97497307,-5.99953580599993,0],[105.974978508,-5.99952999299995,0],[105.974990348,-5.99952391799997,0],[105.975008589,-5.99951757799994,0],[105.97501916,-5.99951127999998,0],[105.975022058,-5.99950502499996,0],[105.975028877,-5.99950165899998,0],[105.975039614,-5.99950118499993,0],[105.975043757,-5.99950757899995,0],[105.975042111,-5.99951648299998,0],[105.975139939,-5.99942715799995,0],[105.975157635,-5.99942243099997,0],[105.975172107,-5.99941342699998,0],[105.975183353,-5.99940014599997,0],[105.975193335,-5.99939111599997,0],[105.975202051,-5.99938633599993,0],[105.975209642,-5.99937944699997,0],[105.97521611,-5.99937044999996,0],[105.975225248,-5.99936215799994,0],[105.975237057,-5.99935456999998,0],[105.975249666,-5.99934440699997,0],[105.975263074,-5.99933166499994,0],[105.975269822,-5.99932345999997,0],[105.975269909,-5.99931978599994,0],[105.975278024,-5.99931083099995,0],[105.975294165,-5.99929659199995,0],[105.97531306,-5.99927800499995,0],[105.975334711,-5.99925506699998,0],[105.975350258,-5.99923472799998,0],[105.975359704,-5.99921698899993,0],[105.975366676,-5.99920898099998,0],[105.975371174,-5.99921070799996,0],[105.975373881,-5.99920517999993,0],[105.975374794,-5.99919239499997,0],[105.975378754,-5.99918433699997,0],[105.975385756,-5.99918100699995,0],[105.975391511,-5.99917372599998,0],[105.975396019,-5.99916249199993,0],[105.975405578,-5.99914838699993,0],[105.975420191,-5.99913141199994,0],[105.97542762,-5.99911859299993,0],[105.975427865,-5.99910992899993,0],[105.97544011,-5.99909543799993,0],[105.975464352,-5.99907511799995,0],[105.975568186,-5.99905798499998,0],[105.975648913,-5.99906059699993,0],[105.975648869,-5.99904589699997,0],[105.975651188,-5.99903526299994,0],[105.975655872,-5.99902869399995,0],[105.975653605,-5.99902483999995,0],[105.975644388,-5.99902369799997,0],[105.97564003,-5.99901837499993,0],[105.97564053,-5.99900887199993,0],[105.975646857,-5.99900591599993,0],[105.975659009,-5.99900950499995,0],[105.975666179,-5.99901357999994,0],[105.975668366,-5.99901813999998,0],[105.975682051,-5.99901619399998,0],[105.975707234,-5.99900774099996,0],[105.975721947,-5.99900652699995,0],[105.97572619,-5.99901254899993,0],[105.975735307,-5.99901330299997,0],[105.975749295,-5.99900878599993,0],[105.975751988,-5.99900046999994,0],[105.975743386,-5.99898835299996,0],[105.97574517,-5.99898520999994,0],[105.975757339,-5.99899103999996,0],[105.975763683,-5.99899706999997,0],[105.975764202,-5.99900329899998,0],[105.975770114,-5.99900413199992,0],[105.975781423,-5.99899956699994,0],[105.975789362,-5.99899383199994,0],[105.975793931,-5.99898692499994,0],[105.975796413,-5.99897804699998,0],[105.975796808,-5.99896719599997,0],[105.975803759,-5.99896064699993,0],[105.975817263,-5.99895840299996,0],[105.975823027,-5.99894954699994,0],[105.975821051,-5.99893408299994,0],[105.975834367,-5.99892586799996,0],[105.975862975,-5.99892490199994,0],[105.975878453,-5.99892013299996,0],[105.975880799,-5.99891156099994,0],[105.975888223,-5.99890205399993,0],[105.975900726,-5.99889161099998,0],[105.975908885,-5.99887952799997,0],[105.975912698,-5.99886580299994,0],[105.975913556,-5.99886514799994,0],[105.975896452,-5.99883246499996,0],[105.975887428,-5.99883474199993,0],[105.975872193,-5.99884345899994,0],[105.975864289,-5.99885242199997,0],[105.975863718,-5.99886162899998,0],[105.975859091,-5.99886625299996,0],[105.97585041,-5.99886629299994,0],[105.975842784,-5.99886316699997,0],[105.975836212,-5.99885687599993,0],[105.97583191,-5.99884768299995,0],[105.97582988,-5.99883558899995,0],[105.975832201,-5.99882553399993,0],[105.975838869,-5.99881752099998,0],[105.975847867,-5.99881468099994,0],[105.975859193,-5.99881701399994,0],[105.975863634,-5.99881453799998,0],[105.975861192,-5.99880725399993,0],[105.975854303,-5.99880348199997,0],[105.975842968,-5.99880322299992,0],[105.975837257,-5.99879993099995,0],[105.975837169,-5.99879360399996,0],[105.97584379,-5.99878933399998,0],[105.975857119,-5.99878711899993,0],[105.97586366,-5.99878354099997,0],[105.975863415,-5.99877859799994,0],[105.975859021,-5.99877389599993,0],[105.975850481,-5.99876943299995,0],[105.975846057,-5.99877287899994,0],[105.97584575,-5.99878423499996,0],[105.975840064,-5.99878767299998,0],[105.975829002,-5.99878319199996,0],[105.975823646,-5.99877558899993,0],[105.975823998,-5.99876486499994,0],[105.975820677,-5.99875918899994,0],[105.975813683,-5.99875856099993,0],[105.975811254,-5.99875275799997,0],[105.975813388,-5.99874177799995,0],[105.975820857,-5.99873206099994,0],[105.975833659,-5.99872360299997,0],[105.975840368,-5.99872128899995,0],[105.975840983,-5.99872511499996,0],[105.975848939,-5.99872570599996,0],[105.975864236,-5.99872306099996,0],[105.975872429,-5.99871890999998,0],[105.97587352,-5.99871325099997,0],[105.975877961,-5.99870925799996,0],[105.975885755,-5.99870692899998,0],[105.975889933,-5.99870862499995,0],[105.975890495,-5.99871434499994,0],[105.97589973,-5.99871410799994,0],[105.975917636,-5.99870791399997,0],[105.975935631,-5.99870433899997,0],[105.975953714,-5.99870338599993,0],[105.975969266,-5.99870133299993,0],[105.975982288,-5.99869817799993,0],[105.97599317,-5.99869037099995,0],[105.976001913,-5.99867791199995,0],[105.976011165,-5.99867315599994,0],[105.976020926,-5.99867610299998,0],[105.976025153,-5.99867422099993,0],[105.976023844,-5.99866750799993,0],[105.976029449,-5.99866628399997,0],[105.976041971,-5.99867054999993,0],[105.976056104,-5.99867257999995,0],[105.97607185,-5.99867237399997,0],[105.976083298,-5.99866891499994,0],[105.97609045,-5.99866220099995,0],[105.976104944,-5.99865792199995,0],[105.976126778,-5.99865607699996,0],[105.976141671,-5.99865225699995,0],[105.976149623,-5.99864646199995,0],[105.97618125,-5.99863521499998,0],[105.976236553,-5.99861851699995,0],[105.976268861,-5.99860471299996,0],[105.976278175,-5.99859380499993,0],[105.976289413,-5.99858840999997,0],[105.976302575,-5.99858852799997,0],[105.976306072,-5.99858273599995,0],[105.976299904,-5.99857103199997,0],[105.976306652,-5.99855882299994,0],[105.976326316,-5.99854610899996,0],[105.97633824,-5.99854370399993,0],[105.976342422,-5.99855160699997,0],[105.976350541,-5.99855571399996,0],[105.976362596,-5.99855602699995,0],[105.976367359,-5.99855291199998,0],[105.976364828,-5.99854637099997,0],[105.976368896,-5.99854393699997,0],[105.976379563,-5.99854560999995,0],[105.97638762,-5.99854325799993,0],[105.976393068,-5.99853687799992,0],[105.976402249,-5.99853151299993,0],[105.976415166,-5.99852715899993,0],[105.976428372,-5.99852037499994,0],[105.976441869,-5.99851116299993,0],[105.97645424,-5.99849967499995,0],[105.976465486,-5.99848590999994,0],[105.976480902,-5.99847324499996,0],[105.976500487,-5.99846167699997,0],[105.976512859,-5.99845685299994,0],[105.976518017,-5.99845877299992,0],[105.97652172,-5.99845550899994,0],[105.976523969,-5.99844705999993,0],[105.976534979,-5.99843606799993,0],[105.976554749,-5.99842253299994,0],[105.976574993,-5.99841108999993,0],[105.976595712,-5.99840174199994,0],[105.976608461,-5.99839973199994,0],[105.976613241,-5.99840506099997,0],[105.976621623,-5.99840159199994,0],[105.976633608,-5.99838932699993,0],[105.976638274,-5.99838063599998,0],[105.97663562,-5.99837552299994,0],[105.97663841,-5.99837273299994,0],[105.976646643,-5.99837226699998,0],[105.976663259,-5.99836290899998,0],[105.976688256,-5.99834465999993,0],[105.97670097,-5.99833135899996,0],[105.976701401,-5.99832300799994,0],[105.976709304,-5.99831864499993,0],[105.976720177,-5.99831838099993,0],[105.976734886,-5.99824276799995,0],[105.976735815,-5.99823607899998,0],[105.976736969,-5.99822776499997,0],[105.976740918,-5.99821641999995,0],[105.976746735,-5.99820873199997,0],[105.976757182,-5.99820343199997,0],[105.97677226,-5.99820051799998,0],[105.976782478,-5.99819427399996,0],[105.976787839,-5.99818469599995,0],[105.976797267,-5.99817993199997,0],[105.976810763,-5.99817997999997,0],[105.976822752,-5.99817356999995,0],[105.976833235,-5.99816070199995,0],[105.976843356,-5.99815332399993,0],[105.976853119,-5.99815143499995,0],[105.976859743,-5.99814793699994,0],[105.976863231,-5.99814283299997,0],[105.976871104,-5.99813990899997,0],[105.976883362,-5.99813916699998,0],[105.976891502,-5.99813268699995,0],[105.976895526,-5.99812046899996,0],[105.976905095,-5.99811290399998,0],[105.976920208,-5.99810999099998,0],[105.976927351,-5.99810572899997,0],[105.976926526,-5.99810011899996,0],[105.976935259,-5.99809506499997,0],[105.976953553,-5.99809056599997,0],[105.976965257,-5.99808218399994,0],[105.97697037,-5.99806991799994,0],[105.976976811,-5.99806345499996,0],[105.976984578,-5.99806279599994,0],[105.976990017,-5.99805810999993,0],[105.976993128,-5.99804939899997,0],[105.976998751,-5.99804294999996,0],[105.977006887,-5.99803876299995,0],[105.977015454,-5.99804086699993,0],[105.977024451,-5.99804926299993,0],[105.977033225,-5.99804620499998,0],[105.977041775,-5.99803169399996,0],[105.977054146,-5.99801801999996,0],[105.977070339,-5.99800518299998,0],[105.97708406,-5.99799905199995,0],[105.977095306,-5.99799962699996,0],[105.977106307,-5.99800426899998,0],[105.977111316,-5.99800832399995,0],[105.977117062,-5.99801297599993,0],[105.977125242,-5.99800920999996,0],[105.977129682,-5.99799634599998,0],[105.977130848,-5.99799296699996,0],[105.977136695,-5.99798034699995,0],[105.977142784,-5.99797134999994,0],[105.977151698,-5.99797044699994,0],[105.977160822,-5.99797603699994,0],[105.977163437,-5.99797763899994,0],[105.977172997,-5.99798047299993,0],[105.977180378,-5.99797894799997,0],[105.977184029,-5.99797484899995,0],[105.977183949,-5.99796817599997,0],[105.977191611,-5.99796276399996,0],[105.977207014,-5.99795861099994,0],[105.97721551,-5.99795085699998,0],[105.977217101,-5.99793950099996,0],[105.977224447,-5.99793777699995,0],[105.977237547,-5.99794568499993,0],[105.977250103,-5.99794175499994,0],[105.977262114,-5.99792598699997,0],[105.977271468,-5.99791888599998,0],[105.977278163,-5.99792044899993,0],[105.977279305,-5.99791259399996,0],[105.977274894,-5.99789531999994,0],[105.977277645,-5.99788423099994,0],[105.977287556,-5.99787932799995,0],[105.977296351,-5.99787834899996,0],[105.97730403,-5.99788129199993,0],[105.977304847,-5.99787489799996,0],[105.977298802,-5.99785916599996,0],[105.977305766,-5.99784869599995,0],[105.977325738,-5.99784349099997,0],[105.977329512,-5.99783638899993,0],[105.977317088,-5.99782739199998,0],[105.977317996,-5.99782421699996,0],[105.97733224,-5.99782686599997,0],[105.97733629,-5.99782461699994,0],[105.977330149,-5.99781746899993,0],[105.977330226,-5.99781076499994,0],[105.977330228,-5.99781059999998,0],[105.977336527,-5.99780401099997,0],[105.977340096,-5.99780389899996,0],[105.977343179,-5.99780380199996,0],[105.977350182,-5.99780997399995,0],[105.977353539,-5.99780764499997,0],[105.977353249,-5.99779681599995,0],[105.977354518,-5.99779386599994,0],[105.977356416,-5.99778945299994,0],[105.977363041,-5.99778555699993,0],[105.977365162,-5.99778646099998,0],[105.977368814,-5.99778801699995,0],[105.977373735,-5.99779683399993,0],[105.977380483,-5.99778887099995,0],[105.97738645,-5.99777165199993,0],[105.977389058,-5.99776412799997,0],[105.977396052,-5.99775221599998,0],[105.977401464,-5.99775313399994,0],[105.977408516,-5.99774872699993,0],[105.977417205,-5.99773899699994,0],[105.977427336,-5.99773316599993,0],[105.977436355,-5.99773166299997,0],[105.977438909,-5.99773123799997,0],[105.977449852,-5.99772211999993,0],[105.977452407,-5.99771808099996,0],[105.977460167,-5.99770581199994,0],[105.977470193,-5.99769747599993,0],[105.977477063,-5.99769721799993,0],[105.977479928,-5.99769711099998,0],[105.977487802,-5.99769382899996,0],[105.977493811,-5.99768763099996,0],[105.977504882,-5.99768313199996,0],[105.977521014,-5.99768033399994,0],[105.977529125,-5.99767692399996,0],[105.977529212,-5.99767290399996,0],[105.977536009,-5.99766864699995,0],[105.977549514,-5.99766415299996,0],[105.977556759,-5.99765452299994,0],[105.977557742,-5.99763975699994,0],[105.977561859,-5.99762812799997,0],[105.977562353,-5.99762754899996,0],[105.977569107,-5.99761963599997,0],[105.977578852,-5.99761517399998,0],[105.977581739,-5.99761507299996,0],[105.977591091,-5.99761474399997,0],[105.977598877,-5.99761128099993,0],[105.977602206,-5.99760478799993,0],[105.977607202,-5.99760204099994,0],[105.977607813,-5.99760213199994,0],[105.977610759,-5.99759895099993,0],[105.977612488,-5.99759708299996,0],[105.977616502,-5.99758886299998,0],[105.977622191,-5.99758388099997,0],[105.97762952,-5.99758221099995,0],[105.977647453,-5.99756897399993,0],[105.977675992,-5.99754416999997,0],[105.977694922,-5.99752935999993,0],[105.977704244,-5.99752454499998,0],[105.977714024,-5.99752231599996,0],[105.977723484,-5.99752264399996,0],[105.977724261,-5.99752267099996,0],[105.977733917,-5.99752056099993,0],[105.977742994,-5.99751598299997,0],[105.977750401,-5.99750920599996,0],[105.977756138,-5.99750023099995,0],[105.977764476,-5.99749783899995,0],[105.977775416,-5.99750202999996,0],[105.977778759,-5.99749805599993,0],[105.977774506,-5.99748591799994,0],[105.977773417,-5.99747583299995,0],[105.977773459,-5.99747566899993,0],[105.97777549,-5.99746780099997,0],[105.977783078,-5.99746380799996,0],[105.977787129,-5.99746382199993,0],[105.977796179,-5.99746385299994,0],[105.977803401,-5.99746073099993,0],[105.977804745,-5.99745444399997,0],[105.977808295,-5.99745309999997,0],[105.97781405,-5.99745669799995,0],[105.977818096,-5.99745084399996,0],[105.977819191,-5.99744367799997,0],[105.977820434,-5.99743553799993,0],[105.977826707,-5.99743021599994,0],[105.977835744,-5.99743434099997,0],[105.977836917,-5.99743487599994,0],[105.977841403,-5.99743486599994,0],[105.977840547,-5.99743163099993,0],[105.977840164,-5.99743018299995,0],[105.977843664,-5.99742987199994,0],[105.977854974,-5.99742886899998,0],[105.977885832,-5.99743092499995,0],[105.977901187,-5.99742940699997,0],[105.977901037,-5.99742431499993,0],[105.977895756,-5.99742284399997,0],[105.977885344,-5.99742499199994,0],[105.977879316,-5.99741842799995,0],[105.977878438,-5.99741025599997,0],[105.977877674,-5.99740315199995,0],[105.97787969,-5.99739104299994,0],[105.977885366,-5.99738209799995,0],[105.977897355,-5.99737325399997,0],[105.977915658,-5.99736451199993,0],[105.97792603,-5.99735686299994,0],[105.977928473,-5.99735030799997,0],[105.977938257,-5.99734583999998,0],[105.977955382,-5.99734345899998,0],[105.977962694,-5.99735640999995,0],[105.977962912,-5.99735679699995,0],[105.977960847,-5.99738585499995,0],[105.977963395,-5.99740141599995,0],[105.977970556,-5.99740347999995,0],[105.9779807,-5.99739895999994,0],[105.977993827,-5.99738785299996,0],[105.97800496,-5.99737569499996,0],[105.978014098,-5.99736248399995,0],[105.978016616,-5.99735249199995,0],[105.978012512,-5.99734571699997,0],[105.978014832,-5.99734219999993,0],[105.978023574,-5.99734194099995,0],[105.978027049,-5.99733641699993,0],[105.978025257,-5.99732562699995,0],[105.978028851,-5.99731009899995,0],[105.978032329,-5.99730224899997,0],[105.97803783,-5.99728983299997,0],[105.978046476,-5.99727721499994,0],[105.978054788,-5.99727224599997,0],[105.978063087,-5.99727124199995,0],[105.978071373,-5.99727420399995,0],[105.978074609,-5.99727736499995,0],[105.978075797,-5.99727852499996,0],[105.97807636,-5.99728420499997,0],[105.978081275,-5.99728715899994,0],[105.978090545,-5.99728738799996,0],[105.978098005,-5.99728301499994,0],[105.978103655,-5.99727403899993,0],[105.978106203,-5.99726535899993,0],[105.978105902,-5.99726081199998,0],[105.978105649,-5.99725697799994,0],[105.978113135,-5.99724778299998,0],[105.978128661,-5.99723777499997,0],[105.978132088,-5.99723184399994,0],[105.978123416,-5.99722998999994,0],[105.97812625,-5.99722490699997,0],[105.978140589,-5.99721659399995,0],[105.978153962,-5.99722085399998,0],[105.978161671,-5.99723131199994,0],[105.978166369,-5.99723768499996,0],[105.978174716,-5.99724058599998,0],[105.978179004,-5.99722955999994,0],[105.978182312,-5.99722642499995,0],[105.97818464,-5.99723118199995,0],[105.978200293,-5.99723239699995,0],[105.978229272,-5.99723006899995,0],[105.978245149,-5.99722474899994,0],[105.978247926,-5.99721643599997,0],[105.978256993,-5.99721411899998,0],[105.978272352,-5.99721779599997,0],[105.978280176,-5.99721774599993,0],[105.978280467,-5.99721396699994,0],[105.978290738,-5.99720845099995,0],[105.978310991,-5.99720119799997,0],[105.978321636,-5.99719497299998,0],[105.978322673,-5.99718977599997,0],[105.978329926,-5.99718675999998,0],[105.978343396,-5.99718592499994,0],[105.978351299,-5.99718883799994,0],[105.978353636,-5.99719549799994,0],[105.978361935,-5.99719970699994,0],[105.978376195,-5.99720146399994,0],[105.978387412,-5.99719924699997,0],[105.978395583,-5.99719305799994,0],[105.97840017,-5.99719314399994,0],[105.978401172,-5.99719950499997,0],[105.978410516,-5.99719909199996,0],[105.978428203,-5.99719190399998,0],[105.978438255,-5.99718396399993,0],[105.978440672,-5.99717526899997,0],[105.978445175,-5.99717083199994,0],[105.978451764,-5.99717065199997,0],[105.978458711,-5.99716522599994,0],[105.978466012,-5.99715455499995,0],[105.97847609,-5.99714785099997,0],[105.978488945,-5.99714511399998,0],[105.978504049,-5.99713844499996,0],[105.978521403,-5.99712784399998,0],[105.978533814,-5.99712488699993,0],[105.978541282,-5.99712957499997,0],[105.978556263,-5.99712612799993,0],[105.978578757,-5.99711454799996,0],[105.978597876,-5.99710767899995,0],[105.978613622,-5.99710552099998,0],[105.978624869,-5.99710621099996,0],[105.978631616,-5.99710974799996,0],[105.978639489,-5.99711029699995,0],[105.978648487,-5.99710785899993,0],[105.978661983,-5.99710877499996,0],[105.978679977,-5.99711304499994,0],[105.978696281,-5.99711385099994,0],[105.978710893,-5.99711119299997,0],[105.978719745,-5.99711281499998,0],[105.978722838,-5.99711871399995,0],[105.97873427,-5.99712415099998,0],[105.97875404,-5.99712912499996,0],[105.978779965,-5.99714135299996,0],[105.978812044,-5.99716083699997,0],[105.978829872,-5.99717395399995,0],[105.978833448,-5.99718070099993,0],[105.978840543,-5.99718606599993,0],[105.978851157,-5.99719004599996,0],[105.978859281,-5.99719596599994,0],[105.978864912,-5.99720382599997,0],[105.978874209,-5.99721140099996,0],[105.978887168,-5.99721869499996,0],[105.978901662,-5.99722964499995,0],[105.978917689,-5.99724425199997,0],[105.978931672,-5.99725501199993,0],[105.978943613,-5.99726192199995,0],[105.978951723,-5.99726436099996,0],[105.978956003,-5.99726232599994,0],[105.978960453,-5.99726561899996,0],[105.978965075,-5.99727423899998,0],[105.978976326,-5.99728098199995,0],[105.978994206,-5.99728584999997,0],[105.979006687,-5.99729147399995,0],[105.97901377,-5.99729785199997,0],[105.979017522,-5.99729673499996,0],[105.979017943,-5.99728811899996,0],[105.979023074,-5.99728190299993,0],[105.979023163,-5.99728179499994,0],[105.979033179,-5.99727776199995,0],[105.979036254,-5.99727858799997,0],[105.979032389,-5.99728427299993,0],[105.979033346,-5.99728974099997,0],[105.979034119,-5.99729415799993,0],[105.979041447,-5.99730824199997,0],[105.979047492,-5.99731478199993,0],[105.979052255,-5.99731377599994,0],[105.979053428,-5.99730819699994,0],[105.979052917,-5.99730604999996,0],[105.979051012,-5.99729804299994,0],[105.979052945,-5.99728948199993,0],[105.979059227,-5.99728250899994,0],[105.979072833,-5.99728115299996,0],[105.979093763,-5.99728541499996,0],[105.979103753,-5.99729654299995,0],[105.979102804,-5.99731453799996,0],[105.979106569,-5.99732764299995,0],[105.979115048,-5.99733585799993,0],[105.979128316,-5.99734337099994,0],[105.979146372,-5.99735018099994,0],[105.979163594,-5.99735286299995,0],[105.979179981,-5.99735141699995,0],[105.979192651,-5.99735183699994,0],[105.979201604,-5.99735412199993,0],[105.979203893,-5.99735986799993,0],[105.979199517,-5.99736907599993,0],[105.979201433,-5.99737576499996,0],[105.97920964,-5.99737993499997,0],[105.979212728,-5.99738960599996,0],[105.979212011,-5.99739496599994,0],[105.979210698,-5.99740477999995,0],[105.979210693,-5.99741602699993,0],[105.979212715,-5.99742334599995,0],[105.979218566,-5.99742818999994,0],[105.979228249,-5.99743055799996,0],[105.979237647,-5.99742538899994,0],[105.979246758,-5.99741268399993,0],[105.979255189,-5.99740637999997,0],[105.979262939,-5.99740647599998,0],[105.97926984,-5.99740039799997,0],[105.97927018,-5.99739970899998,0],[105.979275894,-5.99738814499995,0],[105.979285999,-5.99738201899993,0],[105.979300154,-5.99738201899993,0],[105.979303058,-5.99738571099994,0],[105.979294711,-5.99739309699993,0],[105.979295069,-5.99739604899997,0],[105.979295352,-5.99739837999994,0],[105.979304982,-5.99740155999996,0],[105.979304174,-5.99740442699994,0],[105.979292927,-5.99740697999994,0],[105.979282805,-5.99740743199993,0],[105.979273808,-5.99740578499996,0],[105.979268184,-5.99740951699994,0],[105.979265935,-5.99741862799993,0],[105.979269072,-5.99742324999994,0],[105.979277595,-5.99742338099998,0],[105.97928226,-5.99742675299996,0],[105.979283069,-5.99743336499995,0],[105.979288745,-5.99743669099996,0],[105.979299288,-5.99743673099994,0],[105.979305901,-5.99743884099996,0],[105.979308581,-5.99744302399995,0],[105.979317763,-5.99744461999995,0],[105.979333447,-5.99744363299993,0],[105.979343538,-5.99743977499998,0],[105.979348037,-5.99743304899994,0],[105.979352535,-5.99743148699997,0],[105.979357033,-5.99743508999995,0],[105.979366203,-5.99743666899997,0],[105.979380041,-5.99743622599993,0],[105.979392158,-5.99743350099993,0],[105.979402552,-5.99742849699993,0],[105.979415877,-5.99742570799998,0],[105.979432133,-5.99742513199993,0],[105.979445884,-5.99742126399997,0],[105.97945713,-5.99741410299993,0],[105.979481873,-5.99740976899994,0],[105.979520112,-5.99740826199996,0],[105.979549354,-5.99740818299995,0],[105.979569598,-5.99740953199995,0],[105.979583098,-5.99741328599993,0],[105.979589855,-5.99741944499993,0],[105.979604436,-5.99742255999996,0],[105.979626842,-5.99742262999996,0],[105.97964181,-5.99741960099993,0],[105.97964934,-5.99741347199995,0],[105.979665872,-5.99741155999993,0],[105.979691406,-5.99741386099993,0],[105.979712204,-5.99740810599997,0],[105.979728265,-5.99739429299996,0],[105.979752262,-5.99738739899993,0],[105.979784192,-5.99738741999994,0],[105.979806554,-5.99738867899993,0],[105.979819346,-5.99739117399997,0],[105.979826095,-5.99739666199997,0],[105.979826798,-5.99740514099994,0],[105.979830699,-5.99740721399996,0],[105.979837799,-5.99740288299995,0],[105.979853544,-5.99740247699998,0],[105.979877936,-5.99740599499995,0],[105.979891256,-5.99740274799996,0],[105.979893505,-5.99739273599994,0],[105.979898004,-5.99739189799993,0],[105.979904752,-5.99740023099997,0],[105.9799115,-5.99740475599998,0],[105.979918248,-5.99740547199997,0],[105.979927435,-5.99740306099994,0],[105.979939059,-5.99739752099993,0],[105.979949181,-5.99738632499998,0],[105.97995772,-5.99736962899993,0],[105.9799578,-5.99736947199995,0],[105.979967879,-5.99736193499996,0],[105.979979415,-5.99736371399996,0],[105.979983075,-5.99736220999995,0],[105.979978858,-5.99735742099995,0],[105.979983967,-5.99735539499994,0],[105.979998403,-5.99735613399997,0],[105.98000799,-5.99736063199992,0],[105.980008231,-5.99736105199997,0],[105.980012725,-5.99736889199994,0],[105.98001327,-5.99737657199995,0],[105.980009624,-5.99738366999998,0],[105.980021121,-5.99738960999997,0],[105.980047762,-5.99739438999995,0],[105.980065581,-5.99739491499997,0],[105.980074579,-5.99739118499997,0],[105.980080391,-5.99738618399994,0],[105.980083018,-5.99737990999995,0],[105.980088506,-5.99737709599998,0],[105.980096852,-5.99737774199997,0],[105.980098913,-5.99738223599996,0],[105.980094687,-5.99739057999994,0],[105.980107326,-5.99739255999998,0],[105.980136831,-5.99738817999997,0],[105.98014948,-5.99738247399995,0],[105.98014527,-5.99737543999993,0],[105.980149883,-5.99737131899997,0],[105.980163318,-5.99737011099995,0],[105.98016783,-5.99736813599998,0],[105.980163419,-5.99736539499997,0],[105.980168796,-5.99736318499993,0],[105.980183962,-5.99736150699994,0],[105.980196232,-5.99736169299996,0],[105.980205608,-5.99736374499997,0],[105.980210559,-5.99735603899995,0],[105.980211086,-5.99733857599995,0],[105.980216631,-5.99732837699997,0],[105.980227192,-5.99732544299997,0],[105.980228277,-5.99732368499997,0],[105.980231054,-5.99731918399993,0],[105.980228216,-5.99730960199997,0],[105.98022923,-5.99730394799997,0],[105.980234099,-5.99730222199997,0],[105.980237657,-5.99730595199998,0],[105.980239906,-5.99731513699993,0],[105.980245301,-5.99731978299997,0],[105.98025085,-5.99731985199998,0],[105.980253842,-5.99731988899993,0],[105.980256091,-5.99732320999993,0],[105.980252049,-5.99732974799997,0],[105.980261578,-5.99732839699993,0],[105.980284678,-5.99731915699994,0],[105.980295364,-5.99731229299994,0],[105.980308296,-5.99730398599996,0],[105.980332432,-5.99728287999994,0],[105.980345701,-5.99726833599993,0],[105.980348099,-5.99726035399993,0],[105.980353969,-5.99725853499996,0],[105.980363309,-5.99726287999994,0],[105.98036782,-5.99726833999995,0],[105.980367504,-5.99727491699997,0],[105.980375131,-5.99728100199997,0],[105.980390701,-5.99728659499993,0],[105.980391389,-5.99728726699993,0],[105.980396544,-5.99729230299994,0],[105.98039266,-5.99729812899994,0],[105.980396917,-5.99730216599994,0],[105.980409315,-5.99730441599996,0],[105.980416568,-5.99730891499996,0],[105.980418677,-5.99731566299994,0],[105.980416669,-5.99732150599993,0],[105.980410545,-5.99732644399995,0],[105.980411731,-5.99733007099996,0],[105.980420228,-5.99733238599993,0],[105.980425017,-5.99733695299994,0],[105.980426098,-5.99734377099998,0],[105.980434221,-5.99734719799994,0],[105.980449386,-5.99734723299997,0],[105.980458322,-5.99734155099998,0],[105.980461028,-5.99733014999993,0],[105.980465527,-5.99732804499996,0],[105.980471818,-5.99733523699996,0],[105.980479727,-5.99733639699997,0],[105.980489251,-5.99733152499994,0],[105.980503705,-5.99733011399996,0],[105.980523088,-5.99733216599998,0],[105.980536092,-5.99732987999994,0],[105.980542716,-5.99732325399998,0],[105.980549632,-5.99732231199994,0],[105.980556837,-5.99732705199995,0],[105.980561902,-5.99732007799997,0],[105.980564828,-5.99730138899997,0],[105.980573826,-5.99729029199995,0],[105.980588895,-5.99728678599996,0],[105.980596174,-5.99729327899996,0],[105.980595665,-5.99730977199994,0],[105.980592172,-5.99731590699997,0],[105.980585696,-5.99731168499994,0],[105.980582406,-5.99731289299996,0],[105.9805823,-5.99731953099996,0],[105.980593345,-5.99731884399995,0],[105.98061554,-5.99731082999995,0],[105.980629207,-5.99730910399995,0],[105.980634347,-5.99731366299994,0],[105.980643666,-5.99731603799995,0],[105.980657162,-5.99731622799993,0],[105.980667481,-5.99731269799997,0],[105.980674625,-5.99730544799996,0],[105.980683499,-5.99730287599994,0],[105.980694105,-5.99730498099996,0],[105.980703142,-5.99730165099993,0],[105.98071061,-5.99729288599997,0],[105.980721818,-5.99729035099995,0],[105.980736763,-5.99729404599998,0],[105.980746648,-5.99729442399996,0],[105.980751472,-5.99729148399996,0],[105.980764292,-5.99729080599997,0],[105.980785107,-5.99729238699996,0],[105.980801468,-5.99728839599993,0],[105.980813373,-5.99727883199995,0],[105.980823944,-5.99727517499997,0],[105.980833178,-5.99727742399995,0],[105.980838169,-5.99728640099994,0],[105.980838916,-5.99730210799993,0],[105.98084493,-5.99731297899996,0],[105.980856212,-5.99731901499996,0],[105.980867415,-5.99732134599998,0],[105.980878538,-5.99731996999998,0],[105.980884162,-5.99732174699994,0],[105.980884285,-5.99732667699993,0],[105.980888556,-5.99732744799996,0],[105.980896972,-5.99732406099997,0],[105.980903721,-5.99732414399995,0],[105.9809088,-5.99732769799994,0],[105.980918087,-5.99732604199994,0],[105.980931583,-5.99731917499997,0],[105.98094095,-5.99731768999993,0],[105.980946187,-5.99732158699993,0],[105.980957969,-5.99732407199997,0],[105.980976298,-5.99732514299996,0],[105.980995782,-5.99732362799995,0],[105.981016421,-5.99731952399998,0],[105.981036077,-5.99731904299995,0],[105.981054749,-5.99732218399993,0],[105.981070999,-5.99732269199995,0],[105.981084829,-5.99732056599993,0],[105.981095004,-5.99731713499995,0],[105.981101524,-5.99731239899995,0],[105.981105908,-5.99729730799993,0],[105.981108157,-5.99727186199993,0],[105.981117207,-5.99725381899998,0],[105.981133058,-5.99724317799996,0],[105.981144305,-5.99723992999998,0],[105.981150948,-5.99724407199994,0],[105.981162142,-5.99724059099998,0],[105.981177888,-5.99722948399994,0],[105.98118801,-5.99722463199993,0],[105.981192509,-5.99722603299995,0],[105.981198132,-5.99722067099998,0],[105.98120488,-5.99720854599997,0],[105.981208363,-5.99720575399994,0],[105.981208584,-5.99721229599993,0],[105.981211869,-5.99721660399996,0],[105.981218222,-5.99721867699998,0],[105.981225748,-5.99721642799994,0],[105.981234446,-5.99720985499994,0],[105.981238282,-5.99720356899996,0],[105.981237254,-5.99719756699994,0],[105.98124336,-5.99719644299995,0],[105.981256602,-5.99720019499995,0],[105.981323999,-5.99717610199997,0],[105.981337649,-5.99717400599997,0],[105.981350943,-5.99716931399996,0],[105.981357208,-5.99716466199993,0],[105.981356443,-5.99716004799996,0],[105.981364096,-5.99715861599998,0],[105.981380167,-5.99716036499996,0],[105.981393826,-5.99715910999993,0],[105.981405072,-5.99715485399997,0],[105.981432065,-5.99715091899998,0],[105.981474803,-5.99714730799997,0],[105.981501795,-5.99714290399993,0],[105.981513042,-5.99713770699998,0],[105.981524688,-5.99713610299995,0],[105.981536735,-5.99713809299993,0],[105.981554452,-5.99713656499995,0],[105.981577843,-5.99713151599997,0],[105.981597687,-5.99712962299998,0],[105.981613986,-5.99713088399994,0],[105.981630009,-5.99713055899997,0],[105.981645753,-5.99712864799994,0],[105.98165711,-5.99712368599995,0],[105.981806398,-5.99710552999994,0],[105.981806486,-5.99710993699995,0],[105.981818914,-5.99710790499995,0],[105.981843684,-5.99709943499994,0],[105.981856069,-5.99709810799993,0],[105.981856068,-5.99710392499998,0],[105.981866177,-5.99710703699998,0],[105.981886395,-5.99710744599997,0],[105.981897752,-5.99710640299998,0],[105.981900247,-5.99710390699994,0],[105.981910383,-5.99710272499993,0],[105.981928157,-5.99710285699996,0],[105.981939435,-5.99709860899998,0],[105.981944215,-5.99708998099993,0],[105.981949869,-5.99708668399995,0],[105.981956398,-5.99708871699994,0],[105.981961643,-5.99708656499996,0],[105.981965606,-5.99708022499993,0],[105.981967824,-5.99708287999994,0],[105.981968299,-5.99709453099996,0],[105.981970838,-5.99709659599995,0],[105.981975442,-5.99708907499996,0],[105.981973399,-5.99708280599998,0],[105.98196471,-5.99707778899995,0],[105.981961169,-5.99706862699998,0],[105.981962777,-5.99705531899997,0],[105.981969319,-5.99704555799997,0],[105.981980793,-5.99703934199994,0],[105.981984179,-5.99703854999996,0],[105.981991029,-5.99703694699997,0],[105.982000027,-5.99703837499993,0],[105.982002547,-5.99704084599995,0],[105.982008006,-5.99704619699997,0],[105.982014964,-5.99706041399998,0],[105.982036254,-5.99706637099996,0],[105.982071875,-5.99706406899998,0],[105.982094333,-5.99706502199996,0],[105.982104038,-5.99705082299994,0],[105.982104201,-5.99704746999993,0],[105.982107162,-5.99698663799995,0],[105.982122714,-5.99697944199994,0],[105.982136113,-5.99697849399996,0],[105.98214736,-5.99698379699993,0],[105.982155624,-5.99698338899998,0],[105.982160904,-5.99697726799997,0],[105.982167653,-5.99697435999997,0],[105.982175868,-5.99697466399994,0],[105.982188103,-5.99697202099998,0],[105.982204358,-5.99696643199997,0],[105.982215179,-5.99695983799995,0],[105.982220565,-5.99695223799995,0],[105.982232353,-5.99694919399997,0],[105.98225054,-5.99695070499996,0],[105.98226289,-5.99695383099993,0],[105.9822694,-5.99695857099994,0],[105.982270657,-5.99696479199997,0],[105.98226666,-5.99697249299993,0],[105.982271572,-5.99697882599997,0],[105.982285392,-5.99698379099993,0],[105.982292338,-5.99697882799995,0],[105.982292408,-5.99696393999994,0],[105.982286412,-5.99695603199996,0],[105.982274348,-5.99695510499993,0],[105.982272099,-5.99694929299994,0],[105.982279663,-5.99693859499996,0],[105.982287031,-5.99693388799994,0],[105.982294201,-5.99693516999997,0],[105.982298998,-5.99693909299998,0],[105.982301424,-5.99694565699997,0],[105.982306835,-5.99695120099994,0],[105.982315236,-5.99695572599995,0],[105.982322515,-5.99695632299995,0],[105.982328675,-5.99695299399997,0],[105.982333173,-5.99695587999997,0],[105.982336012,-5.99696498299994,0],[105.98234073,-5.99697150699996,0],[105.982347328,-5.99697545199996,0],[105.982353189,-5.99697084299993,0],[105.982358312,-5.99695768099997,0],[105.982366427,-5.99694973599998,0],[105.982377532,-5.99694700799995,0],[105.982380898,-5.99693777099998,0],[105.982376522,-5.99692202599994,0],[105.982378604,-5.99691495499997,0],[105.982387145,-5.99691655799995,0],[105.982402662,-5.99691514199998,0],[105.982425155,-5.99691070399996,0],[105.982437497,-5.99691217999998,0],[105.982439684,-5.99691956999993,0],[105.982444182,-5.99692242299994,0],[105.982450992,-5.99692074099994,0],[105.982467252,-5.99692071199996,0],[105.982492962,-5.99692233799993,0],[105.982507582,-5.99692120399993,0],[105.982511114,-5.99691731099995,0],[105.982518904,-5.99691691199996,0],[105.98253095,-5.99692000499994,0],[105.982534258,-5.99692539299997,0],[105.982528828,-5.99693307699994,0],[105.982535198,-5.99693572599995,0],[105.982553369,-5.99693333999994,0],[105.982559445,-5.99692951099996,0],[105.982553426,-5.99692423999994,0],[105.982551475,-5.99691781399997,0],[105.982553593,-5.99691023599996,0],[105.982559019,-5.99690930699995,0],[105.982567752,-5.99691502699994,0],[105.98257193,-5.99691428699998,0],[105.982571552,-5.99690708599996,0],[105.982575819,-5.99690273699997,0],[105.982584728,-5.99690123799996,0],[105.982583278,-5.99689860699993,0],[105.982571469,-5.99689484199996,0],[105.982568139,-5.99688891499994,0],[105.982573288,-5.99688082799997,0],[105.982580361,-5.99687920899993,0],[105.982589359,-5.99688405899997,0],[105.982595175,-5.99688308299994,0],[105.982597811,-5.99687628299995,0],[105.982594762,-5.99686745399993,0],[105.982586028,-5.99685659899995,0],[105.982583656,-5.99684892099998,0],[105.982587645,-5.99684442199998,0],[105.982595188,-5.99684330299993,0],[105.982606286,-5.99684555999994,0],[105.982622128,-5.99684556099993,0],[105.982642714,-5.99684330199995,0],[105.982653509,-5.99683384199994,0],[105.982654511,-5.99681717799996,0],[105.982662216,-5.99680586699998,0],[105.982676627,-5.99679990999994,0],[105.982686788,-5.99680528499994,0],[105.982692702,-5.99682199299997,0],[105.982698325,-5.99683155399993,0],[105.982703658,-5.99683397099994,0],[105.982703487,-5.99683805199993,0],[105.982697811,-5.99684379899998,0],[105.982700561,-5.99684729799998,0],[105.982711738,-5.99684854999992,0],[105.98271795,-5.99685435299995,0],[105.982719198,-5.99686470899996,0],[105.98272207,-5.99686810199995,0],[105.98272657,-5.99686453499993,0],[105.982729157,-5.99686885399996,0],[105.982729834,-5.99688105799993,0],[105.982737087,-5.99688541699993,0],[105.982750916,-5.99688192799994,0],[105.982760046,-5.99687405599997,0],[105.982764475,-5.99686179799994,0],[105.982763139,-5.99684584099998,0],[105.982756039,-5.99682618699995,0],[105.982758943,-5.99681608199995,0],[105.982771851,-5.99681552899995,0],[105.982776465,-5.99681401999993,0],[105.982782676,-5.99681198999997,0],[105.982791419,-5.99680546499997,0],[105.982798056,-5.99680443299997,0],[105.982802591,-5.99680889199993,0],[105.982807463,-5.99680788099994,0],[105.982812673,-5.99680140099997,0],[105.98281798,-5.99679904299995,0],[105.982823384,-5.99680080399997,0],[105.982824262,-5.99680499799996,0],[105.982820616,-5.99681162199994,0],[105.982826666,-5.99681579699995,0],[105.982842411,-5.99681751899993,0],[105.982849546,-5.99681420599995,0],[105.98284807,-5.99680585799996,0],[105.982842872,-5.99679943599995,0],[105.982833954,-5.99679493699995,0],[105.982829407,-5.99678818899997,0],[105.982829231,-5.99677919099997,0],[105.982836705,-5.99677016699997,0],[105.982851826,-5.99676111799994,0],[105.982859615,-5.99675237699995,0],[105.982860072,-5.99674394599998,0],[105.982864483,-5.99673378899996,0],[105.982872848,-5.99672190499996,0],[105.982884965,-5.99671272799998,0],[105.982900833,-5.99670625699997,0],[105.982911017,-5.99669919399997,0],[105.982915515,-5.99669154099996,0],[105.982921139,-5.99668797799995,0],[105.982927887,-5.99668850499995,0],[105.982933971,-5.99668325699997,0],[105.982939393,-5.99667223499995,0],[105.982949123,-5.99666222499997,0],[105.982963165,-5.99665322699997,0],[105.982974324,-5.99663973099996,0],[105.982982601,-5.99662173599995,0],[105.982991001,-5.99661399999997,0],[105.982999523,-5.99661652099996,0],[105.983006275,-5.99661501699995,0],[105.983011258,-5.99660948599995,0],[105.983012207,-5.99661268199998,0],[105.983009122,-5.99662460499997,0],[105.98300987,-5.99663194499993,0],[105.983014447,-5.99663469899997,0],[105.983017558,-5.99663106299994,0],[105.983019201,-5.99662103799994,0],[105.983025817,-5.99661407899993,0],[105.983037406,-5.99661018599994,0],[105.983036902,-5.99660743199996,0],[105.983024301,-5.99660581599994,0],[105.983017764,-5.99660139499997,0],[105.98301729,-5.99659417299995,0],[105.98302822,-5.99659298499995,0],[105.983050556,-5.99659783099997,0],[105.983063437,-5.99659721499995,0],[105.983066864,-5.99659113999996,0],[105.983075351,-5.99658250499994,0],[105.9830889,-5.99657131099997,0],[105.983097212,-5.99656856899998,0],[105.983100287,-5.99657427999995,0],[105.983105946,-5.99657366499997,0],[105.983114188,-5.99656672399993,0],[105.983118256,-5.99655935199996,0],[105.983118151,-5.99655154999994,0],[105.983114891,-5.99654480199996,0],[105.983108477,-5.99653910799998,0],[105.983110396,-5.99653149199997,0],[105.983120651,-5.99652195499993,0],[105.983123919,-5.99651454499997,0],[105.983120202,-5.99650926399994,0],[105.983123555,-5.99650591599993,0],[105.983133975,-5.99650450199994,0],[105.983142999,-5.99650785199998,0],[105.983150626,-5.99651596599995,0],[105.983156482,-5.99651797999996,0],[105.983160567,-5.99651389399997,0],[105.98316522,-5.99651486599993,0],[105.983170439,-5.99652089299997,0],[105.983180302,-5.99652159399994,0],[105.983194809,-5.99651696799998,0],[105.983198741,-5.99650966199994,0],[105.983192099,-5.99649967599993,0],[105.983182996,-5.99649382999996,0],[105.983171432,-5.99649212599996,0],[105.983167069,-5.99649464799995,0],[105.983169907,-5.99650139599993,0],[105.983163841,-5.99650060099998,0],[105.983148868,-5.99649226299994,0],[105.983143961,-5.99648553599997,0],[105.983149118,-5.99648042199993,0],[105.983151425,-5.99647307299995,0],[105.98315088,-5.99646348699997,0],[105.983152976,-5.99646249399996,0],[105.983157712,-5.99647009399996,0],[105.983165795,-5.99647492499997,0],[105.983177227,-5.99647698399997,0],[105.983177701,-5.99647313599996,0],[105.983167219,-5.99646337899998,0],[105.983164302,-5.99645471999997,0],[105.98316895,-5.99644715899996,0],[105.983174252,-5.99644351099994,0],[105.98318021,-5.99644377399994,0],[105.983182789,-5.99643959999997,0],[105.98318199,-5.99643098899998,0],[105.983185363,-5.99642579399995,0],[105.983192911,-5.99642401499995,0],[105.983203872,-5.99641473199995,0],[105.983218247,-5.99639794499996,0],[105.983231137,-5.99638738199997,0],[105.983242542,-5.99638304099994,0],[105.983257848,-5.99637264499995,0],[105.983277055,-5.99635619199995,0],[105.983287859,-5.99634435599995,0],[105.983290257,-5.99633713799994,0],[105.983285758,-5.99633283299994,0],[105.983274362,-5.99633143999995,0],[105.983266911,-5.99633426099996,0],[105.983263406,-5.99634129399993,0],[105.983257905,-5.99634531599997,0],[105.98325041,-5.99634632599998,0],[105.983245415,-5.99633624399996,0],[105.98324292,-5.99631506799994,0],[105.983245419,-5.99630318899995,0],[105.983252914,-5.99630060599998,0],[105.983261046,-5.99629470099995,0],[105.983269815,-5.99628547599997,0],[105.983275236,-5.99627273199997,0],[105.983277311,-5.99625647299996,0],[105.983277252,-5.99625591699993,0],[105.983305576,-5.99626834099996,0],[105.983424543,-5.99633773299996,0],[105.983538499,-5.99635019499993,0],[105.983632158,-5.99633989399996,0],[105.983738423,-5.99629916899994,0],[105.983832047,-5.99626859999995,0],[105.983902935,-5.99626593899995,0],[105.984004303,-5.99631895799996,0],[105.984070268,-5.99639484099993,0],[105.984258709,-5.99660571499993,0],[105.98438234,-5.99674951599997,0],[105.984505972,-5.99689331399998,0],[105.98461934,-5.99704742099993,0],[105.98476862,-5.99716031199995,0],[105.985108423,-5.99745288799994,0],[105.985696163,-5.99814229399993,0],[105.984526293,-5.99932856999993,0],[105.984521922,-5.99952276399995,0],[105.98451289,-5.99956653099997,0],[105.984516615,-5.99961209999998,0],[105.984547663,-5.99965397299997,0],[105.984790239,-5.99989744099997,0],[105.985115303,-6.00020597099996,0],[105.985438967,-6.00054818199993,0],[105.985831729,-6.00091020599996,0],[105.986063465,-6.00066973099996,0],[105.986207235,-6.00082546399994,0],[105.987821679,-6.00239821399992,0],[105.987415305,-6.00283356599994,0],[105.987240835,-6.00300282899997,0],[105.987193552,-6.00306515699998,0],[105.987190798,-6.00318075799993,0],[105.987202785,-6.00325780099996,0],[105.987253542,-6.00335725899993,0],[105.987169533,-6.00346573399997,0],[105.987025458,-6.00361644499998,0],[105.986791315,-6.00385156799996,0],[105.986641203,-6.00399025299993,0],[105.986623364,-6.00410462599996,0],[105.986719812,-6.00422481199996,0],[105.987208892,-6.00473527499997,0],[105.987320095,-6.00487264299994,0],[105.987312976,-6.00493781999995,0],[105.987274457,-6.00497891899994,0],[105.987221478,-6.00502728499993,0],[105.986864578,-6.00537150599996,0],[105.986710447,-6.00550693999998,0],[105.986700864,-6.00554315899996,0],[105.986807728,-6.00567429299997,0],[105.98721974,-6.00607954799995,0],[105.987351702,-6.00622334699995,0],[105.987348722,-6.00626932199998,0],[105.987220347,-6.00641665699993,0],[105.987217356,-6.00645650199993,0],[105.987251126,-6.00649934599994,0],[105.987410609,-6.00661857999995,0],[105.987670189,-6.00692077199994,0],[105.988282292,-6.00754770399993,0],[105.989269126,-6.00856340599995,0],[105.989102458,-6.00864997999997,0],[105.988843261,-6.00877489999993,0],[105.988697827,-6.00892450499992,0],[105.988541797,-6.00910968899996,0],[105.9882578,-6.00927732299994,0],[105.988115445,-6.00916379599994,0],[105.987696509,-6.00932126199996,0],[105.987584911,-6.00936238299994,0],[105.987522083,-6.00940970799996,0],[105.987449875,-6.00948852599993,0],[105.987339878,-6.00954537899997,0],[105.987201577,-6.00960543099995,0],[105.986999309,-6.00966229399995,0],[105.98693064,-6.00967741599993,0],[105.98688322,-6.00970249599993,0],[105.986842049,-6.00972881599995,0],[105.9868321,-6.00975257999994,0],[105.986891405,-6.00991599799994,0],[105.987071819,-6.01040793099997,0],[105.987107801,-6.01040469299994,0],[105.987215431,-6.01037576699997,0],[105.987311038,-6.01064626899995,0],[105.98742735,-6.01095875999994,0],[105.988231502,-6.01078937499994,0],[105.989002695,-6.01062595599996,0],[105.989215533,-6.01118506699993,0],[105.990306954,-6.01112824899997,0],[105.990473426,-6.01151655099994,0],[105.990478376,-6.01157785999993,0],[105.990476856,-6.01162949999997,0],[105.990478394,-6.01167985799998,0],[105.990519447,-6.01171822799995,0],[105.990572028,-6.01175785699996,0],[105.990627148,-6.01178466799996,0],[105.990725884,-6.01185112399997,0],[105.990806274,-6.01189648999997,0],[105.990842722,-6.01191983999996,0],[105.990915568,-6.01194052299996,0],[105.990998774,-6.01193776999997,0],[105.991105369,-6.01192716999998,0],[105.99124314,-6.01190090199998,0],[105.991470401,-6.01187952599997,0],[105.991654911,-6.01181674799994,0],[105.991756333,-6.01182176699996,0],[105.991837038,-6.01187365699997,0],[105.991881347,-6.01193081599996,0],[105.991973299,-6.01202506999994,0],[105.992025415,-6.01208481699996,0],[105.992072296,-6.01212636099996,0],[105.992165978,-6.01216521799995,0],[105.9922363,-6.01222753399998,0],[105.992330195,-6.01238347199995,0],[105.992390283,-6.01258773599994,0],[105.992463232,-6.01275609599998,0],[105.992529449,-6.01285508799998,0],[105.992698466,-6.01308354699995,0],[105.99292793,-6.01384074899994,0],[105.993153866,-6.01452433099996,0],[105.993553107,-6.01445524699994,0],[105.994051033,-6.01429954599996,0],[105.99436111,-6.01420951699993,0],[105.994582825,-6.01484269599996,0],[105.994640969,-6.01509445799996,0],[105.994638724,-6.01530172899993,0],[105.994614175,-6.01549056299996,0],[105.99462082,-6.01553813399994,0],[105.994647121,-6.01557254299996,0],[105.994657011,-6.01560041899995,0],[105.994677405,-6.01580834999993,0],[105.994692108,-6.01585130399997,0],[105.994749681,-6.01584845599996,0],[105.994782237,-6.01596670599997,0],[105.994805448,-6.01596666399996,0],[105.99485473,-6.01609272899998,0],[105.994947367,-6.01639761999996,0],[105.995044451,-6.01665913999994,0],[105.995097168,-6.01702551599993,0],[105.995132949,-6.01726592899996,0],[105.995145262,-6.01742475599997,0],[105.995166555,-6.01747187099994,0],[105.995185492,-6.01751898699996,0],[105.995192821,-6.01766278899993,0],[105.995233149,-6.01781124599995,0],[105.995247846,-6.01811823599996,0],[105.995248136,-6.01830088899993,0],[105.995220169,-6.01847068899997,0],[105.995215585,-6.01854142599996,0],[105.995229864,-6.01861920099998,0],[105.995279458,-6.01868040899996,0],[105.995347908,-6.01874393899993,0],[105.995380981,-6.01879103199997,0],[105.995409174,-6.01892008599998,0],[105.995407491,-6.01902306299996,0],[105.995379521,-6.01912319899998,0],[105.995359237,-6.01928799499996,0],[105.99531273,-6.01943786099997,0],[105.995304015,-6.01950866999994,0],[105.995296135,-6.01957269499997,0],[105.995298097,-6.01962324099998,0],[105.99533789,-6.01965241499994,0],[105.995655339,-6.01976824999997,0],[105.995997374,-6.01990738799998,0],[105.99641699,-6.02001476099997,0],[105.996457201,-6.02033752799997,0],[105.996737069,-6.02034605799997,0],[105.996746661,-6.02048007199994,0],[105.996753611,-6.02062969999997,0],[105.996731641,-6.02079473099997,0],[105.99672413,-6.02113654799996,0],[105.996916736,-6.02119587699997,0],[105.997262431,-6.02124182699993,0],[105.997612234,-6.02127102799994,0],[105.997648998,-6.02180628299993,0],[105.997665284,-6.02181710399998,0],[105.997714101,-6.02182515399994,0],[105.997814411,-6.02182225699994,0],[105.99793371,-6.02182475099994,0],[105.997996172,-6.02188160499998,0],[105.998039641,-6.02193035399995,0],[105.998107501,-6.02197363399995,0],[105.998167213,-6.02200878999997,0],[105.998235068,-6.02204935599997,0],[105.998330035,-6.02208987299997,0],[105.998567781,-6.02220079999995,0],[105.998647528,-6.02221032399996,0],[105.998734564,-6.02224159099995,0],[105.998911825,-6.02233881199993,0],[105.998996471,-6.02238458799997,0],[105.999076292,-6.02243278999993,0],[105.999156085,-6.02246648699997,0],[105.999233455,-6.02249777199995,0],[105.999318116,-6.02255079999998,0],[105.999320647,-6.02261364799995,0],[105.999298996,-6.02266445299995,0],[105.999291854,-6.02272248499997,0],[105.999291946,-6.02277324999994,0],[105.999253144,-6.02297068199994,0],[105.999250531,-6.02303633699995,0],[105.999283384,-6.02306089599995,0],[105.999368177,-6.02308262599996,0],[105.999472112,-6.02310705299993,0],[105.999545999,-6.02314521299996,0],[105.999648646,-6.02323031999993,0],[105.999741666,-6.02326571099996,0],[105.999845562,-6.02326825599994,0],[105.999949487,-6.02328721499993,0],[106.000034305,-6.02332261899994,0],[106.00012727,-6.02332791999993,0],[106.000209293,-6.02333050499993,0],[106.00036517,-6.02335210299998,0],[106.000553804,-6.02334628499995,0],[106.000682339,-6.02336793399996,0],[106.000754593,-6.02340641099994,0],[106.000850322,-6.02342811799997,0],[106.000915987,-6.02345535199993,0],[106.001003469,-6.02345245699996,0],[106.001074557,-6.02345506099994,0],[106.001244117,-6.02348484199996,0],[106.001276891,-6.02346563199995,0],[106.001295968,-6.02343277199998,0],[106.001312265,-6.02337529699997,0],[106.001585667,-6.02337753099994,0],[106.001615851,-6.02343765399996,0],[106.001618762,-6.02353339099994,0],[106.001610734,-6.02362914599996,0],[106.001586289,-6.02371672599998,0],[106.001591862,-6.02377416099995,0],[106.001602887,-6.02382337899996,0],[106.001628291,-6.02398159599994,0],[106.001626291,-6.02407500899994,0],[106.001604683,-6.02413152899993,0],[106.00155483,-6.02417723799994,0],[106.001443433,-6.02423473399995,0],[106.001350196,-6.02430007499993,0],[106.001265627,-6.02435888299993,0],[106.00120276,-6.02441113299994,0],[106.001133466,-6.02451118799996,0],[106.001096737,-6.02460900799997,0],[106.001094768,-6.02471980099995,0],[106.001101393,-6.02487978899995,0],[106.001090726,-6.02498190699993,0],[106.00104531,-6.02507974399992,0],[106.001012887,-6.02515800699996,0],[106.001006585,-6.02527315099996,0],[106.001015472,-6.02538392399993,0],[106.001054889,-6.02549363899993,0],[106.00109199,-6.02559784299996,0],[106.001092137,-6.02567821599996,0],[106.001092316,-6.02577596999993,0],[106.001092504,-6.02587806999998,0],[106.00108614,-6.02596062999993,0],[106.001053692,-6.02602585899996,0],[106.0009663,-6.02609259199994,0],[106.000897424,-6.02614274499996,0],[106.000825119,-6.02620325799995,0],[106.00078731,-6.02626888099996,0],[106.00074781,-6.02635520899997,0],[106.000741199,-6.02651288099997,0],[106.000746536,-6.02660257699995,0],[106.000746667,-6.02667330499997,0],[106.000746868,-6.02678371299993,0],[106.000767672,-6.02684577699995,0],[106.000802731,-6.02690677899994,0],[106.000818201,-6.02698560999994,0],[106.000805189,-6.02713574699993,0],[106.00079222,-6.02722777299994,0],[106.000770498,-6.02731981499994,0],[106.000746598,-6.02742062299995,0],[106.00071175,-6.02751926099995,0],[106.000685606,-6.02758940499996,0],[106.000650658,-6.02775252799995,0],[106.000620137,-6.02782268099998,0],[106.000565583,-6.02792135499993,0],[106.000519759,-6.02800467899993,0],[106.000473885,-6.02805952599994,0],[106.000425814,-6.02811218699998,0],[106.000386445,-6.02821573999995,0],[106.00028167,-6.02838679399997,0],[106.00023796,-6.02856749699993,0],[106.000220586,-6.02864419799994,0],[106.000152884,-6.02873632399996,0],[106.000115754,-6.02878458299995,0],[106.000091792,-6.02885034399998,0],[106.000048224,-6.02908788299993,0],[106.000000159,-6.02914273299996,0],[105.999916995,-6.02916041099996,0],[105.999864486,-6.02918021999994,0],[105.999853628,-6.02922843399995,0],[105.999851566,-6.02929853399996,0],[105.999851703,-6.02937301299994,0],[105.999860601,-6.02944966299998,0],[105.999859656,-6.02954737899995,0],[105.999534827,-6.02954861299997,0],[105.999515271,-6.02969241599993,0],[105.999480691,-6.02974948799994,0],[105.999428724,-6.02978180899993,0],[105.999366867,-6.02982405899996,0],[105.999292649,-6.02988120699996,0],[105.999255597,-6.02994076299996,0],[105.999213644,-6.03003007599995,0],[105.999131793,-6.03011564699995,0],[105.999070007,-6.03019755899993,0],[105.998973552,-6.03028696899997,0],[105.998906785,-6.03035401699998,0],[105.998844992,-6.03043097099993,0],[105.99882287,-6.03052768199996,0],[105.998750484,-6.03067967599998,0],[105.998698718,-6.03082105799996,0],[105.998654396,-6.03096986399993,0],[105.998637336,-6.03112357599997,0],[105.998652652,-6.03127850599998,0],[105.998702421,-6.03139987299994,0],[105.998739733,-6.03148160399996,0],[105.998772171,-6.03160795999997,0],[105.998784762,-6.03171947799996,0],[105.998784934,-6.03181366799993,0],[105.998804925,-6.03190782499996,0],[105.998836904,-6.03218820099994,0],[105.998837036,-6.03226105799996,0],[105.998856116,-6.03238894799995,0],[105.998874785,-6.03243076799993,0],[105.998905855,-6.03247566799996,0],[105.998947773,-6.03252209699997,0],[105.998986579,-6.03256078099997,0],[105.999037816,-6.03261959399993,0],[105.999084435,-6.03269546899998,0],[105.999201041,-6.03281751599997,0],[105.999254144,-6.03288147499995,0],[105.999318294,-6.03294983299998,0],[105.999386855,-6.03301597499996,0],[105.999448769,-6.03306887499997,0],[105.999501773,-6.03307982199993,0],[105.999537097,-6.03307975699994,0],[105.999553511,-6.03310070399993,0],[105.999593959,-6.03316904199994,0],[105.999637929,-6.03324438999994,0],[105.999712134,-6.03338173599997,0],[105.999734996,-6.03342028399993,0],[105.999771919,-6.03347635099993,0],[105.999821117,-6.03353590099994,0],[105.999908317,-6.03360938099996,0],[105.99996839,-6.03367425799996,0],[106.000000988,-6.03373918499994,0],[106.000026134,-6.03382912199993,0],[106.000041298,-6.03392407399997,0],[106.000048974,-6.03402404199994,0],[106.00009414,-6.03413143699993,0],[106.00013184,-6.03425634399997,0],[106.0001345,-6.03434382199993,0],[106.000171354,-6.03446662799996,0],[106.00019958,-6.03452285199995,0],[106.000230943,-6.03458532299993,0],[106.000259195,-6.03465561499996,0],[106.000292125,-6.03472120899994,0],[106.000317207,-6.03476649599997,0],[106.000309478,-6.03481184299994,0],[106.000284437,-6.03483454699995,0],[106.000231402,-6.03488153999996,0],[106.000187728,-6.03492070199997,0],[106.000131612,-6.03499114699997,0],[106.00013019,-6.03506774699997,0],[106.000130288,-6.03512089599997,0],[106.000160138,-6.03521150699993,0],[106.000180362,-6.03530318699995,0],[106.000214222,-6.03545170999996,0],[106.000269541,-6.03569634299993,0],[106.000300059,-6.03594923499998,0],[106.000344585,-6.03612780699996,0],[106.000422381,-6.03612967999993,0],[106.000646908,-6.03607026899994,0],[106.000669457,-6.03611658199998,0],[106.000695508,-6.03624580199994,0],[106.000721315,-6.03633499699993,0],[106.00074628,-6.03654285699997,0],[106.00075532,-6.03660865699993,0],[106.00074533,-6.03663321599993,0],[106.000725286,-6.03664663999996,0],[106.000569025,-6.03669825499998,0],[106.000526088,-6.03673910299995,0],[106.00052166,-6.03679346799993,0],[106.000546699,-6.03686816399994,0],[106.000585281,-6.03692245099995,0],[106.000635779,-6.03708658299996,0],[106.000668244,-6.03714407999996,0],[106.000715106,-6.03721054399995,0],[106.000767335,-6.03726260799993,0],[106.000826772,-6.03732365399998,0],[106.000877186,-6.03736672799994,0],[106.00097879,-6.03747903299995,0],[106.001022018,-6.03752391999996,0],[106.001068834,-6.03756520299993,0],[106.001139049,-6.03762262999993,0],[106.001212857,-6.03767825199998,0],[106.001295664,-6.03773925399997,0],[106.001367665,-6.03778948299993,0],[106.001492627,-6.03787282099995,0],[106.001546686,-6.03794286799996,0],[106.00162049,-6.03799489299996,0],[106.001705088,-6.03805229399995,0],[106.001786103,-6.03811689699995,0],[106.001868935,-6.03819228699996,0],[106.001917632,-6.03827853199994,0],[106.001965004,-6.03840357799993,0],[106.001988477,-6.03845929299996,0],[106.002013759,-6.03852039999992,0],[106.002039048,-6.03858690299995,0],[106.002078689,-6.03863719099996,0],[106.002130976,-6.03871983499994,0],[106.002170677,-6.03880249799994,0],[106.002225109,-6.03896886899997,0],[106.002254013,-6.03904615799996,0],[106.002282925,-6.03912704399994,0],[106.002301052,-6.03920794799996,0],[106.002320948,-6.03927446199998,0],[106.002351586,-6.03931577399993,0],[106.002375022,-6.03935170399996,0],[106.002429197,-6.03948290499994,0],[106.002538776,-6.03945552399995,0],[106.002627255,-6.03941929699994,0],[106.002647705,-6.03944307999996,0],[106.002672721,-6.03948386899998,0],[106.002698868,-6.03952125099994,0],[106.002727269,-6.03955409499997,0],[106.002747722,-6.03957901199993,0],[106.002780957,-6.03965211899992,0],[106.002805996,-6.03970538599998,0],[106.002833311,-6.03976204999998,0],[106.002873101,-6.03982209499998,0],[106.00294335,-6.03991849599993,0],[106.002980594,-6.03996691499998,0],[106.003019466,-6.04002179599996,0],[106.003061587,-6.04008636999993,0],[106.003084408,-6.04019785099996,0],[106.003100219,-6.04031289899996,0],[106.003118895,-6.04042984699993,0],[106.003144079,-6.04062381299997,0],[106.003185387,-6.04077766299997,0],[106.003241094,-6.04095200899997,0],[106.003336221,-6.04118285999994,0],[106.003359098,-6.04135316299994,0],[106.003383975,-6.04149472899996,0],[106.003414808,-6.04152956199994,0],[106.003445618,-6.04155208099996,0],[106.003568768,-6.04159084899993,0],[106.003571278,-6.04169981799993,0],[106.003842189,-6.04177525599994,0],[106.003820073,-6.04193247299997,0],[106.00377498,-6.04221451799998,0],[106.003754034,-6.04234005299998,0],[106.003734597,-6.04240039199993,0],[106.003679236,-6.04241353399993,0],[106.003571449,-6.04239619599997,0],[106.003513492,-6.04243578199993,0],[106.003476477,-6.04250319799996,0],[106.003444144,-6.04259150799993,0],[106.003432748,-6.04270532599998,0],[106.003400525,-6.04285401499993,0],[106.0033563,-6.04304278699993,0],[106.003315452,-6.04326992999995,0],[106.003342078,-6.04332295999995,0],[106.003386365,-6.04336416399997,0],[106.003442487,-6.04342893599994,0],[106.003623065,-6.04377147899993,0],[106.003783526,-6.04408859199998,0],[106.003896061,-6.04437737899997,0],[106.003991011,-6.04456340899998,0],[106.004174326,-6.04489310199995,0],[106.004373788,-6.04525183599998,0],[106.004589424,-6.04563966099994,0],[106.00466125,-6.04576884099993,0],[106.00465992,-6.04576935999995,0],[106.004642677,-6.04577608599993,0],[106.00458018,-6.04580046399997,0],[106.004495074,-6.04583366199995,0],[106.004466925,-6.04584464199996,0],[106.004372545,-6.04588145699995,0],[106.004372284,-6.04588155899995,0],[106.00432481,-6.04590007799993,0],[106.004142759,-6.04596976799996,0],[106.004107497,-6.04598326699994,0],[106.00403721,-6.04601017399995,0],[106.004029612,-6.04601348999995,0],[106.003977202,-6.04603636399997,0],[106.003976994,-6.04603645499998,0],[106.003941727,-6.04605184699994,0],[106.003941486,-6.04605195199997,0],[106.003941413,-6.04605198399997,0],[106.003833879,-6.04609891699994,0],[106.003826747,-6.04610258699995,0],[106.003811946,-6.04611020399994,0],[106.003798703,-6.04611701899995,0],[106.003775441,-6.04612898999994,0],[106.003764062,-6.04613484599997,0],[106.003715519,-6.04615982799993,0],[106.003676509,-6.04617990299994,0],[106.003634288,-6.04619756899996,0],[106.003587621,-6.04621709499997,0],[106.003587583,-6.04621711099998,0],[106.003557167,-6.04622983799993,0],[106.003482253,-6.04625703499994,0],[106.003476233,-6.04625857099995,0],[106.00344473,-6.04626661199995,0],[106.003392571,-6.04627992399998,0],[106.003387103,-6.04628131999993,0],[106.003372261,-6.04628320499995,0],[106.003357939,-6.04628502299994,0],[106.003299272,-6.04629247099996,0],[106.003272246,-6.04629252099994,0],[106.003238457,-6.04629258299997,0],[106.003210115,-6.04628966099995,0],[106.003198223,-6.04628843499995,0],[106.003142473,-6.04628268699997,0],[106.003034222,-6.04627152499995,0],[106.003022456,-6.04626975699995,0],[106.00297927,-6.04626326799996,0],[106.002946642,-6.04625836499997,0],[106.002930264,-6.04625590399996,0],[106.002882758,-6.04624876599996,0],[106.00282936,-6.04624074299994,0],[106.002814274,-6.04623847599993,0],[106.002739681,-6.04622726799994,0],[106.002694754,-6.04622051699994,0],[106.002657737,-6.04621611399995,0],[106.002594003,-6.04620853299997,0],[106.002556565,-6.04620407899995,0],[106.002538381,-6.04620191599997,0],[106.002505334,-6.04619455699998,0],[106.002469436,-6.04618656399998,0],[106.002451766,-6.04618071299996,0],[106.002423036,-6.04617119899996,0],[106.002380407,-6.04615708299997,0],[106.002347463,-6.04614617299995,0],[106.002342238,-6.04614444299995,0],[106.002277532,-6.04611586999994,0],[106.002273302,-6.04611349299995,0],[106.002233366,-6.04609105499998,0],[106.002179151,-6.04606059499997,0],[106.002170904,-6.04605385599996,0],[106.002148554,-6.04603559499998,0],[106.002097803,-6.04599412799996,0],[106.002065056,-6.04596151499993,0],[106.002052768,-6.04594927699998,0],[106.00202511,-6.04592173299994,0],[106.002003537,-6.04590024799995,0],[106.001978858,-6.04587567099998,0],[106.001930532,-6.04582554799993,0],[106.001930511,-6.04582552699998,0],[106.001902044,-6.04579600199997,0],[106.001859007,-6.04575136399995,0],[106.001854199,-6.04574637799993,0],[106.001785204,-6.04567481799995,0],[106.00176807,-6.04565704699996,0],[106.001712869,-6.04561071099994,0],[106.00168556,-6.04558669299996,0],[106.001622427,-6.04553116999995,0],[106.001614249,-6.04552397699996,0],[106.001603182,-6.04551586699995,0],[106.001554334,-6.04548006899995,0],[106.001536423,-6.04546694299995,0],[106.001483986,-6.04542851499997,0],[106.001457654,-6.04540921799997,0],[106.001443592,-6.04539891199994,0],[106.001372521,-6.04534682799994,0],[106.001332992,-6.04531785899997,0],[106.001288087,-6.04528298599996,0],[106.001276371,-6.04527247399994,0],[106.001241741,-6.04524140099994,0],[106.001226187,-6.04522288499993,0],[106.001216977,-6.04521192199996,0],[106.001182963,-6.04517143099997,0],[106.001177852,-6.04516534799995,0],[106.001136344,-6.04511593699993,0],[106.001099094,-6.04507497599997,0],[106.001071546,-6.04504468399995,0],[106.001029028,-6.04499792999997,0],[106.000981053,-6.04493915599994,0],[106.000957976,-6.04491088499998,0],[106.000913089,-6.04485589499996,0],[106.000885612,-6.04482223399998,0],[106.000820404,-6.04474234899993,0],[106.000736614,-6.04463106499998,0],[106.000736442,-6.04463083599995,0],[106.000695684,-6.04457670399995,0],[106.000684708,-6.04455957499994,0],[106.000639744,-6.04448940599997,0],[106.000592557,-6.04441576599993,0],[106.000560415,-6.04436560599993,0],[106.000553573,-6.04435118199996,0],[106.00052836,-6.04429802899995,0],[106.000509648,-6.04425857899997,0],[106.000494816,-6.04422731099993,0],[106.000463228,-6.04416071599996,0],[106.000447273,-6.04412707999995,0],[106.000434349,-6.04410190199997,0],[106.000406883,-6.04404839499995,0],[106.000388955,-6.04401346799995,0],[106.000378311,-6.04399273199994,0],[106.000378297,-6.04399270499994,0],[106.000340562,-6.04391919099993,0],[106.000321387,-6.04388183599997,0],[106.000306387,-6.04385894299998,0],[106.000295042,-6.04384162799994,0],[106.000286347,-6.04382835599995,0],[106.000259128,-6.04378681299994,0],[106.000234941,-6.04376846599996,0],[106.00022548,-6.04376128899997,0],[106.000198609,-6.04374090499994,0],[106.00016064,-6.04371210199997,0],[106.000116855,-6.04367888799993,0],[106.000046484,-6.04362550699994,0],[106.000023118,-6.04360778199998,0],[105.999991592,-6.04358386699994,0],[105.999969825,-6.04356735499994,0],[105.999917429,-6.04352760899997,0],[105.999911114,-6.04351474299995,0],[105.999905144,-6.04350257999994,0],[105.999900142,-6.04349238899994,0],[105.999881478,-6.04345436099993,0],[105.999854476,-6.04339934699993,0],[105.999829528,-6.04334851599998,0],[105.999818851,-6.04332676299992,0],[105.99979252,-6.04327311399993,0],[105.999742551,-6.04318388499996,0],[105.999678306,-6.04313034599994,0],[105.99961763,-6.04308037799996,0],[105.999594411,-6.04302858399996,0],[105.99957123,-6.04297687099995,0],[105.999484903,-6.04275198899995,0],[105.999460157,-6.04269297799993,0],[105.999416375,-6.04263396699997,0],[105.999364978,-6.04260922099996,0],[105.999334521,-6.04260922099996,0],[105.999262185,-6.04263587099996,0],[105.999195561,-6.04266823199993,0],[105.999117514,-6.04269488099993,0],[105.999031854,-6.04271772399994,0],[105.998932868,-6.04275579599994,0],[105.998726521,-6.04284397899994,0],[105.998653203,-6.04287350899995,0],[105.998647594,-6.04287576799993,0],[105.998623729,-6.04288538099996,0],[105.998588499,-6.04290180099997,0],[105.998563766,-6.04290679599995,0],[105.998532357,-6.04289109099994,0],[105.998482389,-6.04286396599997,0],[105.998422426,-6.04282827399993,0],[105.998356401,-6.04276769499995,0],[105.998343993,-6.04275630999996,0],[105.998323932,-6.04273492099998,0],[105.998323178,-6.04273411699995,0],[105.998322423,-6.04273331199994,0],[105.998281175,-6.04271990499996,0],[105.998269655,-6.04272422499997,0],[105.998264043,-6.04272632899995,0],[105.998249846,-6.04273821099997,0],[105.998229065,-6.04275416899998,0],[105.998199798,-6.04276202099993,0],[105.998166248,-6.04276773099997,0],[105.998137693,-6.04277558399997,0],[105.998102716,-6.04278343599998,0],[105.998059886,-6.04279557099994,0],[105.998021339,-6.04280199499993,0],[105.99799564,-6.04280556499998,0],[105.99796209,-6.04280556499998,0],[105.99792497,-6.04279771299997,0],[105.99787286,-6.04278414999993,0],[105.997804212,-6.04278486399994,0],[105.997711413,-6.04277534599993,0],[105.997573405,-6.04278962299998,0],[105.997454431,-6.04279438199995,0],[105.997356874,-6.04282293499995,0],[105.996902604,-6.04288641999995,0],[105.996827502,-6.04289691599996,0],[105.99639206,-6.04291119299995,0],[105.995899512,-6.04289691599996,0],[105.995435517,-6.04281125599994,0],[105.995164259,-6.04273987199997,0],[105.995107142,-6.04272000499998,0],[105.994835893,-6.04262565799996,0],[105.994462,-6.04244400099998,0],[105.994447171,-6.04242195899997,0],[105.994357907,-6.04228928599997,0],[105.994316312,-6.04222834299998,0],[105.994298868,-6.04220858899993,0],[105.994249,-6.04215499999998,0],[105.99418677,-6.04208165699993,0],[105.994165455,-6.04205752399997,0],[105.994163526,-6.04205148299997,0],[105.994103,-6.04186599999997,0],[105.994101108,-6.04112153599993,0],[105.994101,-6.04107899999997,0],[105.994105746,-6.04095403599996,0],[105.994112897,-6.04076572499997,0],[105.99408454,-6.04062893799994,0],[105.994010845,-6.04054566699995,0],[105.993987428,-6.04051998299997,0],[105.993961001,-6.04049099899993,0],[105.993825491,-6.04041808999995,0],[105.993777182,-6.04039272999995,0],[105.993246367,-6.04070320899996,0],[105.992869752,-6.04056012899997,0],[105.992721398,-6.04050376799995,0],[105.992600984,-6.04044793399993,0],[105.992600947,-6.04044791699994,0],[105.992465999,-6.04038599999996,0],[105.992159,-6.04034099999996,0],[105.991789508,-6.04038676999994,0],[105.991714821,-6.04039688399996,0],[105.991478958,-6.04047270299998,0],[105.99143962,-6.04050224799994,0],[105.991297101,-6.04060928899997,0],[105.991194532,-6.04076753599998,0],[105.991146234,-6.04094929299993,0],[105.991376,-6.04123799999996,0],[105.991475701,-6.04136237899996,0],[105.99147635,-6.04136318899998,0],[105.991477,-6.04136399999993,0],[105.991152,-6.04176300099994,0],[105.991065523,-6.04186991699993,0],[105.991041745,-6.04190029099993,0],[105.991017061,-6.04200868499993,0],[105.991085201,-6.04211687199995,0],[105.991129727,-6.04218613299997,0],[105.991223178,-6.04228959899996,0],[105.991296001,-6.04236900099994,0],[105.991317682,-6.04241360299994,0],[105.991365591,-6.04251215799997,0],[105.991357391,-6.04256809499998,0],[105.991357386,-6.04256812599994,0],[105.991355523,-6.04258083299993,0],[105.990781241,-6.04259652299993,0],[105.990565423,-6.04263772399997,0],[105.990502,-6.04264999999998,0],[105.989942,-6.04272400099995,0],[105.98993601,-6.04272296399995,0],[105.989804647,-6.04270151599997,0],[105.989630365,-6.04267305999997,0],[105.989490702,-6.04265566699996,0],[105.989304773,-6.04269263799995,0],[105.989260981,-6.04270134599994,0],[105.98915437,-6.04265851099996,0],[105.989090871,-6.04263299799993,0],[105.989048999,-6.04261699999995,0],[105.988872001,-6.04253599999993,0],[105.988621573,-6.04258992699994,0],[105.988533,-6.04260899999997,0],[105.988462173,-6.04262316499995,0],[105.988353514,-6.04264255799995,0],[105.988260682,-6.04261098799998,0],[105.988182001,-6.04258199899994,0],[105.98809948,-6.04251149199996,0],[105.988024144,-6.04244508999994,0],[105.98797164,-6.04233891299998,0],[105.987967105,-6.04232974199994,0],[105.987981703,-6.04229387299995,0],[105.988037,-6.04215800099996,0],[105.988109002,-6.04202199999997,0],[105.988108781,-6.04202075799998,0],[105.98810856,-6.04201951599993,0],[105.98808,-6.04185899899994,0],[105.98792763,-6.04163552299997,0],[105.987850986,-6.04152311299993,0],[105.98784,-6.04150699999997,0],[105.987708206,-6.04136582999996,0],[105.987587,-6.04123599999997,0],[105.987510069,-6.04110012199993,0],[105.987514643,-6.04107534599996,0],[105.987514663,-6.04107523899995,0],[105.987539001,-6.04094599999996,0],[105.987540454,-6.04093553799993,0],[105.987544343,-6.04091445599994,0],[105.987544434,-6.04091430999995,0],[105.987544524,-6.04091416399996,0],[105.987550342,-6.04090479199994,0],[105.987554073,-6.04089878099995,0],[105.98755899,-6.04089085899994,0],[105.987562093,-6.04088586099994,0],[105.987599697,-6.04082528099997,0],[105.98762,-6.04079257299998,0],[105.987623455,-6.04079299399996,0],[105.987686318,-6.04080064799996,0],[105.98769249,-6.04080139999996,0],[105.987726269,-6.04080551299995,0],[105.987851296,-6.04082896599994,0],[105.987967001,-6.04085499899998,0],[105.988051959,-6.04091451099993,0],[105.988111028,-6.04095588799993,0],[105.988174,-6.04099999999994,0],[105.988269,-6.04107199999993,0],[105.988276096,-6.04106367899993,0],[105.988295198,-6.04104127899996,0],[105.988392222,-6.04092750199993,0],[105.988408601,-6.04090886999995,0],[105.988706605,-6.04054652899993,0],[105.988740361,-6.04049635799993,0],[105.988797021,-6.04041214599994,0],[105.988796599,-6.04041168699996,0],[105.988796177,-6.04041122799993,0],[105.98873308,-6.04034258999997,0],[105.988633436,-6.04023419699996,0],[105.988503673,-6.04009303899994,0],[105.988330195,-6.03992840999996,0],[105.988276219,-6.03969183899994,0],[105.98823631,-6.03951692199996,0],[105.988214104,-6.03941959799994,0],[105.988206763,-6.03938742299994,0],[105.988171595,-6.03923328299993,0],[105.988134986,-6.03907283399997,0],[105.988134473,-6.03907058599998,0],[105.988086907,-6.03852503399997,0],[105.988066416,-6.03843416299998,0],[105.988066409,-6.03843413199996,0],[105.988055,-6.03838600099994,0],[105.988054325,-6.03838294699995,0],[105.988054232,-6.03838252699995,0],[105.988028622,-6.03826656699994,0],[105.988028606,-6.03826649499996,0],[105.98802859,-6.03826642299992,0],[105.988019441,-6.03822584899996,0],[105.987964014,-6.03810847299997,0],[105.987962032,-6.03810427699995,0],[105.987921802,-6.03801909499992,0],[105.987718687,-6.03780794699998,0],[105.98765362,-6.03775626699996,0],[105.98762825,-6.03775177599994,0],[105.987218737,-6.03766407199993,0],[105.986814458,-6.03762964799995,0],[105.98662478,-6.03762568099995,0],[105.986041143,-6.03761347099993,0],[105.985822557,-6.03766854999998,0],[105.9851347,-6.03784187499997,0],[105.98484661,-6.03791446699995,0],[105.983838114,-6.03857613899993,0],[105.983835597,-6.03861945599994,0],[105.983833171,-6.03866119299994,0],[105.98383304,-6.03866125599995,0],[105.983828364,-6.03866351399995,0],[105.983821676,-6.03866674399995,0],[105.983774732,-6.03868940899997,0],[105.983714073,-6.03870867799998,0],[105.983642251,-6.03873754699993,0],[105.983523452,-6.03877372699998,0],[105.983446884,-6.03882814999997,0],[105.983397385,-6.03883622299998,0],[105.983338283,-6.03883313599994,0],[105.983272821,-6.03884602799997,0],[105.983229765,-6.03888442399995,0],[105.983183464,-6.03889408699996,0],[105.983348528,-6.03895526099996,0],[105.983356337,-6.03899765599994,0],[105.983244903,-6.03901980899997,0],[105.98283171,-6.03909746599993,0],[105.982642066,-6.03918213799994,0],[105.982555785,-6.03923506499996,0],[105.982414561,-6.03932169399997,0],[105.982245882,-6.03955083799997,0],[105.982080389,-6.03976300799997,0],[105.982005974,-6.03982956099998,0],[105.981816368,-6.03993531599997,0],[105.981546572,-6.04001170099997,0],[105.981096359,-6.04023169699997,0],[105.981942214,-6.04139974299994,0],[105.982739128,-6.04240229799996,0],[105.983453037,-6.04305201199998,0],[105.98367998,-6.04325854699994,0],[105.983979003,-6.04353067999995,0],[105.984234269,-6.04380582599993,0],[105.984710993,-6.04431967599993,0],[105.985083714,-6.04472142499998,0],[105.985479447,-6.04514797799993,0],[105.985662858,-6.04534567199994,0],[105.986204018,-6.04586704399998,0],[105.986224386,-6.04588666799998,0],[105.986407385,-6.04606297599997,0],[105.98648429,-6.04613706899994,0],[105.98665464,-6.04630119099994,0],[105.986821594,-6.04646203999994,0],[105.986889593,-6.04652755299998,0],[105.987255862,-6.04688042699996,0],[105.987680555,-6.04714179699994,0],[105.987702608,-6.04715536899994,0],[105.987833023,-6.04723563099998,0],[105.987988546,-6.04733134499998,0],[105.988120214,-6.04737710399996,0],[105.988470895,-6.04749897899995,0],[105.988558134,-6.04752929799997,0],[105.98853011,-6.04760575599994,0],[105.988460351,-6.04779607699993,0],[105.988385136,-6.04800128599993,0],[105.988237153,-6.04840502399998,0],[105.988161762,-6.04861071099998,0],[105.988107981,-6.04875743899993,0],[105.988040288,-6.04894212499994,0],[105.987976138,-6.04911714499997,0],[105.987937765,-6.04922183799994,0],[105.987915898,-6.04928749499993,0],[105.987858737,-6.04940324299997,0],[105.98780271,-6.04948438799994,0],[105.987712504,-6.04956595699997,0],[105.987640336,-6.04962940299993,0],[105.987577269,-6.04972901299993,0],[105.98766465,-6.04978326699995,0],[105.987649716,-6.04981933099998,0],[105.987604703,-6.04990986199994,0],[105.987591401,-6.04997707899997,0],[105.987586797,-6.05000034499994,0],[105.98756889,-6.05009082699996,0],[105.987614379,-6.05026259899995,0],[105.98765075,-6.05038916299998,0],[105.987714195,-6.05049758699994,0],[105.987728841,-6.05057020899994,0],[105.987741548,-6.05063321199998,0],[105.987747988,-6.05065243499996,0],[105.987768802,-6.05071456699994,0],[105.987787037,-6.05080498399997,0],[105.987791822,-6.05085202099997,0],[105.987796236,-6.05089541699994,0],[105.987787398,-6.05100397299998,0],[105.987785229,-6.05103287899993,0],[105.987785227,-6.05103290799997,0],[105.987778576,-6.05112157399998,0],[105.987760735,-6.05124823599994,0],[105.987734944,-6.05136268799993,0],[105.987726727,-6.05139915499996,0],[105.987715969,-6.05147444199997,0],[105.987743206,-6.05154675199998,0],[105.987761409,-6.05161907899998,0],[105.987743436,-6.05167338099994,0],[105.987707426,-6.05174580699997,0],[105.987689536,-6.05184533399995,0],[105.987732268,-6.05188795499993,0],[105.987743847,-6.05189950499994,0],[105.987843417,-6.05199881899995,0],[105.987915651,-6.05197155199994,0],[105.987952404,-6.05195307299994,0],[105.98800033,-6.05192897599994,0],[105.988096196,-6.05188077399993,0],[105.988105368,-6.05189540499993,0],[105.988141504,-6.05195305099994,0],[105.988188622,-6.05202352399994,0],[105.988232105,-6.05208856099995,0],[105.988243985,-6.05213576399996,0],[105.988277611,-6.05226937799995,0],[105.988334134,-6.05237338599994,0],[105.988395466,-6.05248624299998,0],[105.988269085,-6.05254978799996,0],[105.988193884,-6.05256561399995,0],[105.988052316,-6.05259540699996,0],[105.987956811,-6.05264134499993,0],[105.987844682,-6.05269527999997,0],[105.987899059,-6.05278563099995,0],[105.987939798,-6.05286232699996,0],[105.987954183,-6.05288940699995,0],[105.987980657,-6.05293924699993,0],[105.987997721,-6.05296598299998,0],[105.988044086,-6.05303862599993,0],[105.987998942,-6.05305679799994,0],[105.987872561,-6.05312034299993,0],[105.987809646,-6.05313620999993,0],[105.987728059,-6.05315678599993,0],[105.987707007,-6.05317025099993,0],[105.98766278,-6.05319853799995,0],[105.987628784,-6.05322028199993,0],[105.987569091,-6.05323612299998,0],[105.987518874,-6.05324944999995,0],[105.987497098,-6.05325522899994,0],[105.987492756,-6.05325638099993,0],[105.987457193,-6.05326581899993,0],[105.987231619,-6.05343808399994,0],[105.98713236,-6.05351062399995,0],[105.987006077,-6.05362843899997,0],[105.986951996,-6.05370089699994,0],[105.986879892,-6.05380052299995,0],[105.98682586,-6.05390011599997,0],[105.986780863,-6.05399969299998,0],[105.986753921,-6.05409019099994,0],[105.986733417,-6.05417293399995,0],[105.986727012,-6.05419877999998,0],[105.986663993,-6.05432552499997,0],[105.986609961,-6.05442511799993,0],[105.986528789,-6.05450666999997,0],[105.986482506,-6.05455316999996,0],[105.986474135,-6.05456158099997,0],[105.986442702,-6.05452334699993,0],[105.986420347,-6.05449782199997,0],[105.98640226,-6.05448880999995,0],[105.986381732,-6.05447516399994,0],[105.986375121,-6.05447076899998,0],[105.986357017,-6.05445271199994,0],[105.98632081,-6.05441659799993,0],[105.986284081,-6.05438340499995,0],[105.986221501,-6.05446200399996,0],[105.986140773,-6.05455177999994,0],[105.986131376,-6.05458879699995,0],[105.986113355,-6.05461596499993,0],[105.986005257,-6.05479706099993,0],[105.985959917,-6.05477576899995,0],[105.985950844,-6.05480133899994,0],[105.985945724,-6.05481783099998,0],[105.985895156,-6.05498765199997,0],[105.985730516,-6.05554055199997,0],[105.985688096,-6.05560111299997,0],[105.985631482,-6.05578210599998,0],[105.985668045,-6.05597426399993,0],[105.985830513,-6.05626330799993,0],[105.986116446,-6.05682338799994,0],[105.98623605,-6.05717733599994,0],[105.986240793,-6.05719017299998,0],[105.986363935,-6.05752347199996,0],[105.986511335,-6.05796315099997,0],[105.986531056,-6.05823960299995,0],[105.986478543,-6.05866386299994,0],[105.986488333,-6.05881037299997,0],[105.986623867,-6.05910906299994,0],[105.98666419,-6.05927219799997,0],[105.986603475,-6.05946556699996,0],[105.98658827,-6.05951399099996,0],[105.986567792,-6.05963144099996,0],[105.986551409,-6.05972542099994,0],[105.986594628,-6.05984879299996,0],[105.986632864,-6.05995793999995,0],[105.986632879,-6.05995798299995,0],[105.986635687,-6.05996599999997,0],[105.986644605,-6.05999066699997,0],[105.986709328,-6.06016960199997,0],[105.986813351,-6.06045718799993,0],[105.986816933,-6.06046709199995,0],[105.986818229,-6.06047067599997,0],[105.986898225,-6.06089068199998,0],[105.986910121,-6.06095313999998,0],[105.986919423,-6.06104515999994,0],[105.986938487,-6.06123374499998,0],[105.986884071,-6.06142027899995,0],[105.98688032,-6.06143569299996,0],[105.986831281,-6.06163720999996,0],[105.986866276,-6.06192058899995,0],[105.986896409,-6.06199381099998,0],[105.98690007,-6.06200270699998,0],[105.98693606,-6.06209015899998,0],[105.986965814,-6.06216245699994,0],[105.986989969,-6.06222115199995,0],[105.98699219,-6.06222654899994,0],[105.986985558,-6.06223025299994,0],[105.98690432,-6.06227562599997,0],[105.986777805,-6.06226681099997,0],[105.986660358,-6.06227606999994,0],[105.986597208,-6.06233045499994,0],[105.986561213,-6.06241192499994,0],[105.986118173,-6.06224992199998,0],[105.98609105,-6.06224092599996,0],[105.983998343,-6.06064852799994,0],[105.983580284,-6.06033041599994,0],[105.982960409,-6.05985873599997,0],[105.981732095,-6.05892368899993,0],[105.981643463,-6.05885621899995,0],[105.981431289,-6.05869470199997,0],[105.980680816,-6.05840661999997,0],[105.979552183,-6.05755579199996,0],[105.979531735,-6.05754037699995,0],[105.978617712,-6.05674606699995,0],[105.977116399,-6.05596185799993,0],[105.976175422,-6.05524899599993,0],[105.976599246,-6.05477789299994,0],[105.976237192,-6.05442578899994,0],[105.976787285,-6.05382782899994,0],[105.976506763,-6.05359316299996,0],[105.976678177,-6.05344813499994,0],[105.976536331,-6.05322059199995,0],[105.976418268,-6.05303119999996,0],[105.976409949,-6.05301785599994,0],[105.976095585,-6.05251356799994,0],[105.976043431,-6.05252776299994,0],[105.97589366,-6.05259126099998,0],[105.975861234,-6.05259803299998,0],[105.975822647,-6.05259978099997,0],[105.975787969,-6.05259816499995,0],[105.975747693,-6.05259376099997,0],[105.975660644,-6.05257263199996,0],[105.975605233,-6.05254867099995,0],[105.975560995,-6.05251797599993,0],[105.975520135,-6.05249958399997,0],[105.97546697,-6.05248065499995,0],[105.975418851,-6.05246843199996,0],[105.975379698,-6.05246626399997,0],[105.975345958,-6.05246720199995,0],[105.975312565,-6.05246618399997,0],[105.975292814,-6.05246478299995,0],[105.975266225,-6.05245369499994,0],[105.975188587,-6.05240749499995,0],[105.975175899,-6.05239616699993,0],[105.975164026,-6.05238289699997,0],[105.975097253,-6.05222799599994,0],[105.975087175,-6.05221436399995,0],[105.975078185,-6.05220683599993,0],[105.975060939,-6.05220004199998,0],[105.9750376,-6.05219936599997,0],[105.975009242,-6.05220336799994,0],[105.974888456,-6.05224609799996,0],[105.97484591,-6.05225456199997,0],[105.974833012,-6.05225426299995,0],[105.974821721,-6.05225105699998,0],[105.974809117,-6.05223494999996,0],[105.974786957,-6.05215938199996,0],[105.974773762,-6.05209487699994,0],[105.974768269,-6.05205021299997,0],[105.974767273,-6.05202734699998,0],[105.974769018,-6.05199440299998,0],[105.974775235,-6.05193979099994,0],[105.974774312,-6.05192805999997,0],[105.97476617,-6.05191498799996,0],[105.974742689,-6.05189968799993,0],[105.974722384,-6.05189521199998,0],[105.97466692,-6.05190253199993,0],[105.97461956,-6.05190171399994,0],[105.974329655,-6.05184927899995,0],[105.974292413,-6.05183479899995,0],[105.974084944,-6.05173931899998,0],[105.97398519,-6.05169707999994,0],[105.973868557,-6.05163356499997,0],[105.97373434,-6.05155397099998,0],[105.973536115,-6.05141463899997,0],[105.973453309,-6.05134019699994,0],[105.973367815,-6.05127796599993,0],[105.972851537,-6.05098604299997,0],[105.972489435,-6.05085120699994,0],[105.972290156,-6.05080659199996,0],[105.972154715,-6.05077347399993,0],[105.972115692,-6.05076393199994,0],[105.972139169,-6.05058207499997,0],[105.972210691,-6.05035301699996,0],[105.97225841,-6.05030095599994,0],[105.972300103,-6.05025546899998,0],[105.972413464,-6.05021276599996,0],[105.972474,-6.05018996199993,0],[105.972552201,-6.05017676699993,0],[105.972675557,-6.05015595299994,0],[105.972828941,-6.05007920299994,0],[105.972867263,-6.04999965499997,0],[105.972870855,-6.04999219599995,0],[105.972860998,-6.04997253199997,0],[105.972802728,-6.04985628999998,0],[105.972501143,-6.04976219299994,0],[105.972261003,-6.04968726799996,0],[105.972168835,-6.04964526499998,0],[105.97212036,-6.04962317299993,0],[105.971938432,-6.04965366399995,0],[105.971855904,-6.04968370999995,0],[105.971729621,-6.04972968699997,0],[105.971622546,-6.04977251699995,0],[105.971458363,-6.04981534799998,0],[105.971242625,-6.04992209299996,0],[105.971042326,-6.04994491199994,0],[105.970960658,-6.04995421599995,0],[105.970786418,-6.04998496399998,0],[105.970722601,-6.04999622499997,0],[105.970657277,-6.05000775299993,0],[105.970362824,-6.05004659399998,0],[105.970213477,-6.05008185499997,0],[105.970104052,-6.05010769099994,0],[105.969872055,-6.05014695199998,0],[105.969557966,-6.05021119699995,0],[105.969311691,-6.05027187399998,0],[105.969172493,-6.05033254899996,0],[105.969076125,-6.05039322599993,0],[105.968926219,-6.05044676399996,0],[105.968815574,-6.05046104099995,0],[105.968729055,-6.05054083699997,0],[105.968715054,-6.05058607699993,0],[105.968719206,-6.05072159199995,0],[105.968719206,-6.05081795899997,0],[105.968690653,-6.05088220599993,0],[105.968594284,-6.05090005199997,0],[105.968497916,-6.05092146699997,0],[105.968351579,-6.05093217399997,0],[105.968199117,-6.05095846199993,0],[105.968051767,-6.05102140399993,0],[105.967709244,-6.05125587899994,0],[105.967203608,-6.05136890399996,0],[105.966810997,-6.05142838999996,0],[105.96666823,-6.05142838999996,0],[105.966412437,-6.05142839099994,0],[105.966222081,-6.05142839099994,0],[105.96613285,-6.05147597999996,0],[105.966048595,-6.05164002099997,0],[105.966055518,-6.05178530999996,0],[105.96596034,-6.05202920399995,0],[105.965837896,-6.05222838399993,0],[105.965666749,-6.05251807099995,0],[105.965585575,-6.05265381299995,0],[105.965444194,-6.05280793999998,0],[105.965250408,-6.05306158499997,0],[105.96504865,-6.05331515299997,0],[105.964909808,-6.05360559699994,0],[105.964909808,-6.05380547199996,0],[105.964947879,-6.05412907899995,0],[105.964976433,-6.05435750699996,0],[105.964947879,-6.05455738199993,0],[105.964909808,-6.05477629299997,0],[105.964822527,-6.05507934099995,0],[105.96481463,-6.05535688099997,0],[105.964850013,-6.05562197399996,0],[105.964814553,-6.05600194199997,0],[105.964675405,-6.05637184399995,0],[105.964575532,-6.05654504899996,0],[105.964453644,-6.05692517099993,0],[105.964400644,-6.05717415499993,0],[105.964386326,-6.05724141399998,0],[105.964198742,-6.05752276199996,0],[105.964132501,-6.05762211299998,0],[105.963914782,-6.05785432299996,0],[105.963880321,-6.05787586099996,0],[105.963754104,-6.05790710199994,0],[105.963689859,-6.05791661899997,0],[105.963618475,-6.05791185999993,0],[105.96348574,-6.05789478499997,0],[105.963441218,-6.05788813399994,0],[105.963347606,-6.05787414899993,0],[105.963347408,-6.05787411899996,0],[105.963076189,-6.05776568199997,0],[105.962764491,-6.05760672899993,0],[105.962509964,-6.05747693099994,0],[105.962277636,-6.05736352699995,0],[105.961698792,-6.05708098099996,0],[105.961571391,-6.05701879399993,0],[105.961019442,-6.05683585099996,0],[105.960975334,-6.05682772299997,0],[105.960966785,-6.05682614799997,0],[105.960897639,-6.05681340699994,0],[105.960228523,-6.05669011499998,0],[105.958890067,-6.05652087199996,0],[105.958073682,-6.05637070999995,0],[105.957290319,-6.05622662299993,0],[105.956813869,-6.05610153099997,0],[105.956545443,-6.05611030899996,0],[105.956285333,-6.05610650999995,0],[105.956061663,-6.05610650999995,0],[105.955876065,-6.05611126899993,0],[105.955604807,-6.05612554499993,0],[105.955397874,-6.05617373599995,0],[105.9552392,-6.05620956199994,0],[105.95526435,-6.05629280799997,0],[105.955464097,-6.05695397599993,0],[105.955462531,-6.05711170599994,0],[105.955347149,-6.05729349799998,0],[105.955314909,-6.05734429799998,0],[105.955106889,-6.05756981399998,0],[105.954972303,-6.05760132099994,0],[105.954839481,-6.05763241499994,0],[105.954648505,-6.05769951299993,0],[105.954227685,-6.05784737199997,0],[105.953839121,-6.05798390299998,0],[105.953728171,-6.05807033399998,0],[105.9536572,-6.05799537599995,0],[105.953560103,-6.05787739999994,0],[105.953521095,-6.05782999999997,0],[105.953455656,-6.05745246499993,0],[105.953456548,-6.05739945099998,0],[105.953457308,-6.05736407399996,0],[105.953468437,-6.05726192099996,0],[105.953327434,-6.05694484099996,0],[105.953214959,-6.05669327899994,0],[105.953143575,-6.05655051099995,0],[105.952971722,-6.05633947999996,0],[105.952517664,-6.05587457599995,0],[105.952245175,-6.05566696499994,0],[105.951992552,-6.05549095399994,0],[105.951808963,-6.05516253899998,0],[105.951734934,-6.05503011099995,0],[105.951537439,-6.05462314799996,0],[105.951323287,-6.05427812599993,0],[105.950999477,-6.05384745699996,0],[105.950971571,-6.05381034199996,0],[105.950740319,-6.05363567099994,0],[105.950490476,-6.05344531399993,0],[105.950276324,-6.05333823899997,0],[105.950002686,-6.05330254699993,0],[105.949717151,-6.05327875199993,0],[105.949360232,-6.05320736799996,0],[105.949315259,-6.05318238299998,0],[105.94914608,-6.05308839499997,0],[105.948860545,-6.05294562799997,0],[105.948602146,-6.05275763299994,0],[105.948585866,-6.05272396999993,0],[105.948558758,-6.05267015099997,0],[105.948534,-6.05262099899994,0],[105.948447097,-6.05253294999994,0],[105.948332653,-6.05241699499993,0],[105.948231,-6.05231399999997,0],[105.948010908,-6.05215960699996,0],[105.947896099,-6.05207986999994,0],[105.947808231,-6.05201330899996,0],[105.947745124,-6.05196550499994,0],[105.947492731,-6.05154201999994,0],[105.947071294,-6.05083490099997,0],[105.947037245,-6.05077777099996,0],[105.947007665,-6.05072813999993,0],[105.946977338,-6.05067725599997,0],[105.946952794,-6.05063607499994,0],[105.94686757,-6.05039140999997,0],[105.94681381,-6.05023806099996,0],[105.946734812,-6.05001272399994,0],[105.946701407,-6.04996897699993,0],[105.946568341,-6.04979471799993,0],[105.946474616,-6.04967197899992,0],[105.946240063,-6.04936748999995,0],[105.946153778,-6.04925547799996,0],[105.946081,-6.04916099999997,0],[105.946017868,-6.04900817099997,0],[105.945898,-6.04871799999995,0],[105.945805386,-6.04850829499998,0],[105.945758353,-6.04840235499995,0],[105.945686125,-6.04832913699994,0],[105.945242077,-6.04787899999997,0],[105.945217037,-6.04784798099996,0],[105.945166987,-6.04778598199994,0],[105.945159605,-6.04777683699996,0],[105.945133459,-6.04774544399993,0],[105.945099221,-6.04770433699997,0],[105.945089466,-6.04769187999995,0],[105.94503916,-6.04762763199994,0],[105.944920725,-6.04748091499994,0],[105.944917319,-6.04740674599998,0],[105.944917008,-6.04740056499998,0],[105.944911001,-6.04728099999994,0],[105.944908001,-6.04720900099994,0],[105.944915343,-6.04714900899995,0],[105.944948517,-6.04687794199998,0],[105.944911559,-6.04666130099997,0],[105.944801089,-6.04650809199995,0],[105.944747577,-6.04643387599998,0],[105.94462292,-6.04627052099994,0],[105.944619852,-6.04626650099993,0],[105.944334753,-6.04589289699993,0],[105.944080491,-6.04583692899996,0],[105.944031282,-6.04582609699997,0],[105.943610791,-6.04576521899997,0],[105.943350246,-6.04578195999994,0],[105.943057355,-6.04592906999994,0],[105.942732232,-6.04627170299995,0],[105.942621206,-6.04665815199996,0],[105.942419708,-6.04735950699995,0],[105.942283872,-6.04783231199997,0],[105.942239123,-6.04788972999995,0],[105.940892856,-6.04961717799995,0],[105.940476215,-6.05018681599995,0],[105.940278813,-6.05045670799996,0],[105.939460117,-6.05157604099998,0],[105.939090341,-6.05212407899995,0],[105.939059173,-6.05213638899994,0],[105.938626547,-6.05230725799993,0],[105.938596382,-6.05231917199995,0],[105.938112219,-6.05250469399994,0],[105.937614308,-6.05256592999996,0],[105.937116112,-6.05246113199996,0],[105.936648021,-6.05231099899993,0],[105.936607933,-6.05229953299994,0],[105.936361542,-6.05222906299997,0],[105.935887416,-6.05209345799994,0],[105.935524092,-6.05198954299993,0],[105.935482258,-6.05197757999997,0],[105.934715214,-6.05166528399997,0],[105.934669332,-6.05163115999994,0],[105.934532435,-6.05152934499995,0],[105.934076253,-6.05119006799993,0],[105.933702801,-6.05091231899996,0],[105.933282174,-6.05059612499997,0],[105.932837865,-6.05026212799993,0],[105.932421806,-6.04983916699996,0],[105.932290912,-6.04949849899998,0],[105.932262777,-6.04946024099996,0],[105.932222679,-6.04940571399993,0],[105.932092143,-6.04933795499994,0],[105.932053825,-6.04933316399996,0],[105.931789198,-6.04938984199993,0],[105.931713939,-6.04939678499994,0],[105.931647723,-6.04940289299998,0],[105.931618604,-6.04938576199993,0],[105.931447239,-6.04928494499995,0],[105.931168234,-6.04901808499994,0],[105.930992808,-6.04875328199995,0],[105.930868163,-6.04860059699996,0],[105.930735922,-6.04843861699993,0],[105.930141928,-6.04808051599997,0],[105.92969059,-6.04789316799997,0],[105.929445285,-6.04778248599996,0],[105.929409703,-6.04775074499997,0],[105.929197365,-6.04756133199993,0],[105.929180474,-6.04754626499994,0],[105.929178949,-6.04754769199997,0],[105.929118671,-6.04760409599993,0],[105.929077662,-6.04765373399994,0],[105.92893179,-6.04783250699995,0],[105.928921655,-6.04784457299996,0],[105.928597025,-6.04823097499997,0],[105.928545871,-6.04829186399996,0],[105.928488295,-6.04836039799994,0],[105.928366818,-6.04851500699993,0],[105.928134803,-6.04881030199994,0],[105.928010439,-6.04896858499995,0],[105.927976274,-6.04901206799997,0],[105.927838267,-6.04918771599995,0],[105.927810248,-6.04922337699998,0],[105.927797099,-6.04924011299994,0],[105.927790801,-6.04924812899998,0],[105.927771939,-6.04923710799994,0],[105.927613245,-6.04914438399993,0],[105.927521797,-6.04909095199997,0],[105.927339521,-6.04897363099997,0],[105.927216828,-6.04887682799995,0],[105.927159544,-6.04883163099993,0],[105.926979514,-6.04884938999993,0],[105.926533439,-6.04889339199997,0],[105.926316376,-6.04895052999996,0],[105.926269026,-6.04898018799997,0],[105.926247029,-6.04894355099998,0],[105.926246864,-6.04894327599993,0],[105.926172279,-6.04881905099995,0],[105.925960015,-6.04873407499997,0],[105.92595102,-6.04873047399997,0],[105.925835394,-6.04868418599995,0],[105.925824905,-6.04867998699996,0],[105.925628396,-6.04852893299994,0],[105.925560755,-6.04849678899996,0],[105.925398089,-6.04841948799998,0],[105.925305845,-6.04837565199995,0],[105.925288737,-6.04836752199998,0],[105.925045458,-6.04823662799993,0],[105.925021907,-6.04822395099995,0],[105.925004908,-6.04815301199994,0],[105.924925711,-6.04820029899997,0],[105.924855166,-6.04824241999995,0],[105.924809089,-6.04826993199993,0],[105.924784362,-6.04828469599994,0],[105.924676438,-6.04834913599996,0],[105.924523581,-6.04844286999997,0],[105.924585474,-6.04837773999998,0],[105.924723246,-6.04828227799993,0],[105.92472422,-6.04828761499994,0],[105.924728366,-6.04829507099993,0],[105.924734351,-6.04829731999996,0],[105.924741338,-6.04829057199993,0],[105.92474933,-6.04827482599995,0],[105.924755921,-6.04825927799993,0],[105.924761114,-6.04824392799998,0],[105.924770492,-6.04823380599993,0],[105.924784054,-6.04822891199996,0],[105.924788933,-6.04821634299998,0],[105.924785128,-6.04819609899994,0],[105.924784159,-6.04817849499995,0],[105.924786026,-6.04816353099994,0],[105.924793365,-6.04815115999997,0],[105.924806176,-6.04814137999995,0],[105.92482403,-6.04813336699993,0],[105.924846928,-6.04812711999995,0],[105.924859895,-6.04812149599996,0],[105.92486293,-6.04811649699997,0],[105.924864798,-6.04810036899994,0],[105.924865496,-6.04807311299993,0],[105.924868012,-6.04805511799998,0],[105.924872343,-6.04804638399997,0],[105.924879282,-6.04803751899993,0],[105.924888829,-6.04802852199998,0],[105.924901604,-6.04801971299997,0],[105.924917609,-6.04801109399995,0],[105.924934356,-6.04798403499996,0],[105.924951846,-6.04793853799993,0],[105.924962511,-6.04791321099998,0],[105.92496635,-6.04790805299996,0],[105.924974906,-6.04790424099997,0],[105.924988179,-6.04790177099994,0],[105.924996051,-6.04789654299998,0],[105.924998524,-6.04788855599998,0],[105.924997114,-6.04787781399995,0],[105.92499182,-6.04786431799994,0],[105.924996756,-6.04785761499994,0],[105.925011921,-6.04785770299998,0],[105.925017595,-6.04785432799997,0],[105.925013778,-6.04784749199996,0],[105.925015634,-6.04784105199997,0],[105.925023164,-6.04783500599996,0],[105.925025031,-6.04782433099996,0],[105.925021236,-6.04780902499994,0],[105.925022835,-6.04779979899996,0],[105.925029829,-6.04779665399997,0],[105.925040039,-6.04778267399996,0],[105.925053464,-6.04775785999993,0],[105.925060299,-6.04774065699996,0],[105.92506054,-6.04773106199997,0],[105.925058253,-6.04772642199993,0],[105.925053439,-6.04772673899993,0],[105.925052443,-6.04772132599993,0],[105.925055268,-6.04771018499997,0],[105.92506215,-6.04770367399993,0],[105.925073089,-6.04770179399998,0],[105.925078781,-6.04769463699995,0],[105.925079224,-6.04768220499994,0],[105.92507679,-6.04767630899994,0],[105.925071479,-6.04767694999993,0],[105.925066123,-6.04768253299994,0],[105.925060725,-6.04769305999997,0],[105.925056896,-6.04769269099995,0],[105.925054637,-6.04768142699993,0],[105.925057928,-6.04767228399993,0],[105.925066767,-6.04766526299994,0],[105.925070919,-6.04765752299994,0],[105.925070383,-6.04764906099996,0],[105.925066419,-6.04764718499996,0],[105.925059025,-6.04765189499994,0],[105.92505534,-6.04764884599996,0],[105.925055367,-6.04763803899993,0],[105.925061858,-6.04763064499997,0],[105.925074814,-6.04762666499994,0],[105.925080703,-6.04761991599997,0],[105.925079525,-6.04761040099993,0],[105.925076466,-6.04760333699994,0],[105.925071523,-6.04759872299996,0],[105.925069667,-6.04759039799995,0],[105.925070897,-6.04757836099998,0],[105.925076811,-6.04757244699994,0],[105.925087407,-6.04757265799998,0],[105.925090352,-6.04757785099997,0],[105.925085648,-6.04758802599997,0],[105.925086926,-6.04759236999996,0],[105.925094188,-6.04759088599997,0],[105.925100187,-6.04759203299994,0],[105.925094684,-6.04753255199995,0],[105.925094616,-6.04749234599996,0],[105.925088829,-6.04746363799995,0],[105.925088712,-6.04739471399995,0],[105.925100109,-6.04734874499997,0],[105.925128709,-6.04729700299993,0],[105.92514531,-6.04725804499998,0],[105.925157319,-6.04725100499996,0],[105.925312252,-6.04726222899995,0],[105.925754279,-6.04739932399997,0],[105.926161929,-6.04756519499995,0],[105.926219295,-6.04755935399993,0],[105.926184743,-6.04748474499996,0],[105.92610429,-6.04741021399997,0],[105.926075436,-6.04731262099995,0],[105.926000721,-6.04723807999994,0],[105.925851436,-6.04717515399994,0],[105.925627525,-6.04708938099998,0],[105.925466766,-6.04702647399995,0],[105.925369227,-6.04702663999996,0],[105.925306114,-6.04702674799995,0],[105.925254486,-6.04703257999995,0],[105.925179986,-6.04708439899997,0],[105.9251486,-6.04711142399998,0],[105.92507842,-6.04712559799998,0],[105.925053809,-6.04711333299997,0],[105.924887331,-6.04706192299994,0],[105.924548619,-6.04694762599996,0],[105.924301759,-6.04686189099993,0],[105.92418692,-6.04681039399998,0],[105.924112292,-6.04678754499997,0],[105.923980348,-6.04679925799996,0],[105.92387715,-6.04684538299995,0],[105.923808309,-6.04685124299994,0],[105.923753111,-6.04684081499994,0],[105.923697555,-6.04683031899998,0],[105.923701169,-6.04682507699994,0],[105.923690983,-6.04681855299998,0],[105.923661434,-6.04681881699997,0],[105.92364269,-6.04681542899993,0],[105.923634751,-6.04680839099996,0],[105.923631806,-6.04680149699993,0],[105.923633853,-6.04679474999995,0],[105.923626428,-6.04679279099997,0],[105.923609532,-6.04679561999995,0],[105.923597606,-6.04678887199998,0],[105.923590651,-6.04677254599994,0],[105.923582106,-6.04676084699997,0],[105.923571972,-6.04675377399997,0],[105.923566645,-6.04674590099995,0],[105.923566126,-6.04673722799993,0],[105.923557777,-6.04673033099994,0],[105.923541596,-6.04672520799994,0],[105.923531571,-6.04672360599994,0],[105.9235277,-6.04672552099993,0],[105.923519017,-6.04671925999997,0],[105.923505521,-6.04670482399996,0],[105.923494274,-6.04669888899997,0],[105.923485277,-6.04670145399996,0],[105.923475419,-6.04669764099998,0],[105.923464699,-6.04668744799994,0],[105.923457162,-6.04667249399995,0],[105.923452808,-6.04665277699996,0],[105.923451703,-6.04663841899998,0],[105.923453847,-6.04662942199997,0],[105.92345053,-6.04662452799994,0],[105.923441752,-6.04662373699995,0],[105.923431347,-6.04662525299995,0],[105.923419314,-6.04662907499994,0],[105.923409868,-6.04662727799996,0],[105.923403011,-6.04661986299993,0],[105.923399636,-6.04660901999995,0],[105.923399746,-6.04659475099993,0],[105.923391707,-6.04658704399998,0],[105.923375517,-6.04658590199995,0],[105.923360896,-6.04658073599995,0],[105.923347844,-6.04657154499995,0],[105.923337529,-6.04656007399996,0],[105.92332995,-6.04654632299997,0],[105.923327872,-6.04653512099998,0],[105.923331294,-6.04652646599993,0],[105.923331742,-6.04651412499993,0],[105.923329217,-6.04649809799997,0],[105.923321669,-6.04648618299996,0],[105.9233091,-6.04647838199998,0],[105.923297308,-6.04647324099994,0],[105.923286294,-6.04647076399993,0],[105.923275676,-6.04646607599994,0],[105.923265453,-6.04645917899995,0],[105.923254995,-6.04645613799994,0],[105.923244302,-6.04645695499994,0],[105.923237553,-6.04645506199995,0],[105.92323475,-6.04645045799998,0],[105.923224826,-6.04644238799995,0],[105.92320778,-6.04643085099997,0],[105.923194497,-6.04642534599998,0],[105.923184977,-6.04642587299998,0],[105.923174556,-6.04641847399995,0],[105.923163234,-6.04640315099994,0],[105.923156438,-6.04639195199996,0],[105.923154167,-6.04638487899996,0],[105.923146424,-6.04637895199994,0],[105.923133209,-6.04637417299995,0],[105.923125171,-6.04636970499996,0],[105.923122311,-6.04636554899997,0],[105.923110758,-6.04635794899997,0],[105.923090515,-6.04634690399996,0],[105.92307252,-6.04633447999993,0],[105.923056774,-6.04632067599994,0],[105.923035406,-6.04630416599997,0],[105.923008413,-6.04628494999997,0],[105.922991335,-6.04627409899996,0],[105.922984169,-6.04627161199994,0],[105.922973643,-6.04626493899997,0],[105.922959756,-6.04625407799995,0],[105.92295152,-6.04624599499994,0],[105.922948937,-6.04624068699997,0],[105.922942593,-6.04623788099997,0],[105.922932489,-6.04623757299993,0],[105.922917703,-6.04623043299995,0],[105.922898236,-6.04621646299995,0],[105.922887177,-6.04620743499993,0],[105.922884523,-6.04620334899994,0],[105.922876026,-6.04619834999994,0],[105.922861686,-6.04619243699995,0],[105.922843856,-6.04618214699997,0],[105.922822536,-6.04616748299998,0],[105.922807787,-6.04615974099994,0],[105.922799612,-6.04615892399994,0],[105.922794694,-6.04615583599997,0],[105.922793033,-6.04615047599998,0],[105.922785328,-6.04614468099993,0],[105.922771576,-6.04613845199998,0],[105.922757024,-6.04613024499997,0],[105.922741669,-6.04612006099995,0],[105.922729493,-6.04611555399993,0],[105.922720495,-6.04611672299995,0],[105.922709425,-6.04611132299993,0],[105.92269628,-6.04609935599996,0],[105.922685306,-6.04609381999995,0],[105.922676501,-6.04609471699996,0],[105.922669577,-6.04609208999995,0],[105.922664534,-6.04608593899997,0],[105.922657257,-6.04608479699993,0],[105.922647745,-6.04608866299998,0],[105.92262926,-6.04608760399998,0],[105.922601802,-6.04608161999994,0],[105.922587254,-6.04608230599996,0],[105.922585615,-6.04608965999995,0],[105.922581606,-6.04609086899995,0],[105.922575228,-6.04608592999995,0],[105.922566298,-6.04608487099995,0],[105.922554819,-6.04608769199996,0],[105.922541723,-6.04608657199998,0],[105.92252701,-6.04608151099995,0],[105.922516562,-6.04607981899994,0],[105.922510381,-6.04608149799998,0],[105.922502371,-6.04607938499993,0],[105.922492535,-6.04607347899997,0],[105.922472043,-6.04606810699994,0],[105.922440894,-6.04606326599998,0],[105.922414978,-6.04605656599995,0],[105.922394295,-6.04604800799996,0],[105.922380937,-6.04604449699997,0],[105.922374905,-6.04604603399997,0],[105.922365135,-6.04604175099996,0],[105.922351625,-6.04603164699995,0],[105.92234243,-6.04602673899996,0],[105.922334701,-6.04602261399998,0],[105.922314359,-6.04601465399998,0],[105.922296287,-6.04600952199996,0],[105.922280485,-6.04600721999998,0],[105.92227097,-6.04600239599995,0],[105.92226774,-6.04599505099998,0],[105.922258102,-6.04598990999995,0],[105.922242052,-6.04598697599994,0],[105.922226074,-6.04597980199998,0],[105.922210166,-6.04596838799995,0],[105.922196886,-6.04595622799997,0],[105.922186232,-6.04594332099992,0],[105.922174094,-6.04593479299996,0],[105.92216047,-6.04593064599993,0],[105.922149159,-6.04592459099996,0],[105.922140162,-6.04591663099995,0],[105.922134538,-6.04591420999998,0],[105.922132289,-6.04591732899996,0],[105.922120744,-6.04591574799997,0],[105.922099902,-6.04590946499997,0],[105.922088907,-6.04590265099995,0],[105.922087761,-6.04589530599998,0],[105.922084057,-6.04589163399993,0],[105.922077797,-6.04589163299994,0],[105.922071708,-6.04588467399998,0],[105.92206579,-6.04587075699993,0],[105.92205824,-6.04586362399994,0],[105.922056861,-6.04586232199995,0],[105.92204492,-6.04585936899997,0],[105.922035215,-6.04585395699996,0],[105.922027747,-6.04584608399995,0],[105.922025133,-6.04583744599995,0],[105.922027373,-6.04582804599994,0],[105.922019569,-6.04582102399996,0],[105.922001718,-6.04581638599996,0],[105.921992522,-6.04580925899995,0],[105.921991977,-6.04579964699997,0],[105.921987206,-6.04578939299995,0],[105.921978208,-6.04577849699996,0],[105.921967781,-6.04577150799997,0],[105.921955923,-6.04576842399996,0],[105.92194805,-6.04576103899996,0],[105.921944163,-6.04574935299996,0],[105.921944859,-6.04573892799993,0],[105.92195014,-6.04572976299994,0],[105.921947027,-6.04572068199997,0],[105.921935521,-6.04571168399997,0],[105.921928999,-6.04570268699996,0],[105.921927461,-6.04569368999995,0],[105.921922701,-6.04568743299996,0],[105.921914719,-6.04568391899994,0],[105.921910846,-6.04567728999996,0],[105.921911083,-6.04566754599995,0],[105.921907904,-6.04565468199996,0],[105.92190131,-6.04563869899994,0],[105.921895127,-6.04562845899994,0],[105.921889354,-6.04562395999994,0],[105.921886209,-6.04561158799993,0],[105.92188569,-6.04559134399994,0],[105.921880851,-6.04557897299998,0],[105.921871691,-6.04557447399998,0],[105.921868739,-6.04556772599994,0],[105.921871994,-6.04555872799995,0],[105.921867196,-6.04554181499998,0],[105.921854346,-6.04551698399996,0],[105.9218404,-6.04549521999996,0],[105.921825357,-6.04547652199994,0],[105.921817232,-6.04546173399996,0],[105.921816024,-6.04545085599995,0],[105.921813048,-6.04544483299998,0],[105.921808303,-6.04544366399995,0],[105.921804586,-6.04543770299995,0],[105.921801897,-6.04542694799994,0],[105.921796878,-6.04541734899993,0],[105.921789528,-6.04540890499993,0],[105.921783279,-6.04540495599997,0],[105.92177813,-6.04540549999996,0],[105.921777124,-6.04540014899993,0],[105.921780261,-6.04538890199996,0],[105.92178104,-6.04537765599997,0],[105.921779463,-6.04536640899994,0],[105.921774574,-6.04535850499997,0],[105.921766371,-6.04535394499993,0],[105.921759305,-6.04534044899998,0],[105.921753374,-6.04531801599995,0],[105.921751229,-6.04530342699996,0],[105.921752872,-6.04529667899993,0],[105.921751067,-6.04529105499995,0],[105.921745813,-6.04528655699994,0],[105.921743543,-6.04527747499998,0],[105.92174426,-6.04526381199997,0],[105.921741635,-6.04525593999995,0],[105.921735669,-6.04525385699998,0],[105.921734458,-6.04524611999994,0],[105.921738004,-6.04523272999995,0],[105.921736851,-6.04521878599996,0],[105.921730998,-6.04520428799998,0],[105.921722996,-6.04519411299998,0],[105.921712843,-6.04518826199995,0],[105.921707286,-6.04517807399998,0],[105.921706324,-6.04516354899994,0],[105.921707497,-6.04514780399995,0],[105.921710805,-6.04513083699993,0],[105.921708874,-6.04511589599997,0],[105.921701704,-6.04510297999997,0],[105.921699695,-6.04509157399997,0],[105.921702845,-6.04508168099994,0],[105.921702504,-6.04507464199997,0],[105.921698673,-6.04507045999998,0],[105.921696725,-6.04506115999993,0],[105.921696659,-6.04504674099996,0],[105.921693656,-6.04503436899995,0],[105.921687716,-6.04502404499993,0],[105.921688162,-6.04501528999998,0],[105.921694994,-6.04500810199994,0],[105.921700878,-6.04500505699997,0],[105.921705816,-6.04500615599994,0],[105.921710442,-6.04500300099994,0],[105.921714757,-6.04499559399994,0],[105.921715563,-6.04498658399996,0],[105.921712861,-6.04497596899995,0],[105.921712575,-6.04496584699996,0],[105.921714693,-6.04495628199993,0],[105.921714707,-6.04495621699994,0],[105.921714689,-6.04495619499994,0],[105.921707159,-6.04494689999996,0],[105.921689933,-6.04493789299994,0],[105.921679138,-6.04493564399996,0],[105.921674776,-6.04494015099993,0],[105.921671006,-6.04493903099996,0],[105.92166783,-6.04493228299998,0],[105.921670099,-6.04492675199998,0],[105.921677813,-6.04492243699997,0],[105.921683736,-6.04491568899994,0],[105.921687866,-6.04490650799994,0],[105.921688582,-6.04489710099995,0],[105.921685884,-6.04488747099998,0],[105.921686436,-6.04487959899996,0],[105.921690236,-6.04487348399994,0],[105.921690647,-6.04486705199997,0],[105.921687668,-6.04486030399994,0],[105.92169127,-6.04484905599998,0],[105.921701454,-6.04483331099993,0],[105.92170078,-6.04482206499995,0],[105.921689247,-6.04481531699997,0],[105.921686009,-6.04480406899995,0],[105.921691066,-6.04478832399997,0],[105.921690519,-6.04476871699995,0],[105.921684369,-6.04474524799997,0],[105.921683543,-6.04473291199997,0],[105.921688041,-6.04473170799997,0],[105.921688483,-6.04471825499996,0],[105.921684867,-6.04469255499993,0],[105.921684867,-6.04467649399993,0],[105.921688483,-6.04467006999994,0],[105.921693926,-6.04466739899993,0],[105.921701197,-6.04466847999993,0],[105.921707945,-6.04466483799996,0],[105.92171417,-6.04465647299997,0],[105.921713922,-6.04464496699995,0],[105.9217072,-6.04463031999995,0],[105.921706531,-6.04461624799995,0],[105.921711912,-6.04460275299994,0],[105.921713689,-6.04459262999995,0],[105.921711862,-6.04458588199998,0],[105.921715211,-6.04458181399997,0],[105.921723739,-6.04458042499994,0],[105.921734616,-6.04457060199996,0],[105.921747845,-6.04455234399995,0],[105.921758806,-6.04454193699996,0],[105.9217675,-6.04453937899996,0],[105.921770332,-6.04453120799997,0],[105.921767301,-6.04451742199996,0],[105.921762165,-6.04450715499996,0],[105.921754925,-6.04450040699993,0],[105.921753978,-6.04449253399997,0],[105.921759324,-6.04448353699996,0],[105.921764003,-6.04447035299995,0],[105.921768014,-6.04445298099995,0],[105.921777528,-6.04443835999996,0],[105.921792544,-6.04442648899993,0],[105.921800267,-6.04441380599997,0],[105.921800698,-6.04440030999996,0],[105.921802882,-6.04438944599997,0],[105.921806818,-6.04438121199996,0],[105.921807279,-6.04437384099998,0],[105.921804266,-6.04436732999994,0],[105.921809507,-6.04436131999995,0],[105.921823003,-6.04435580999996,0],[105.921834249,-6.04434500799994,0],[105.921843247,-6.04432890999993,0],[105.921853833,-6.04431945599993,0],[105.921866006,-6.04431664399993,0],[105.92187347,-6.04430966799993,0],[105.921876225,-6.04429852699997,0],[105.921882944,-6.04429111599995,0],[105.921893629,-6.04428743399995,0],[105.921899533,-6.04427772099996,0],[105.921900658,-6.04426197499993,0],[105.921908,-6.04424622899995,0],[105.921921557,-6.04423048399997,0],[105.921933065,-6.04422049399994,0],[105.921942524,-6.04421625799995,0],[105.921951576,-6.04420609699997,0],[105.921960222,-6.04419000899998,0],[105.921972428,-6.04417866099993,0],[105.921988196,-6.04417205299995,0],[105.921998035,-6.04416084599995,0],[105.922001945,-6.04414503899994,0],[105.922014347,-6.04412665299998,0],[105.922035242,-6.04410568799995,0],[105.922044321,-6.04409082199993,0],[105.922041583,-6.04408205299995,0],[105.922045243,-6.04407200499998,0],[105.922055299,-6.04406067899993,0],[105.922058629,-6.04405276299997,0],[105.922055233,-6.04404825499995,0],[105.922058315,-6.04404629999993,0],[105.922067875,-6.04404689799998,0],[105.922072358,-6.04404381399996,0],[105.922071765,-6.04403704799995,0],[105.922078434,-6.04403037899993,0],[105.922092365,-6.04402380599993,0],[105.922099364,-6.04401588099995,0],[105.922099429,-6.04400660299996,0],[105.922105424,-6.04399780299997,0],[105.922117347,-6.04398948199997,0],[105.922123843,-6.04398022899994,0],[105.922124911,-6.04397004599997,0],[105.922130374,-6.04396313599995,0],[105.922140232,-6.04395949799994,0],[105.9221478,-6.04395305799994,0],[105.922153076,-6.04394381399993,0],[105.922154431,-6.04393504899997,0],[105.922151865,-6.04392676399993,0],[105.922151782,-6.04391846099998,0],[105.922154181,-6.04391013899993,0],[105.922159475,-6.04390531099995,0],[105.922167663,-6.04390397599997,0],[105.922175106,-6.04390010099996,0],[105.922181801,-6.04389368599993,0],[105.922184688,-6.04388691199995,0],[105.922183765,-6.04387977699997,0],[105.922186542,-6.04387171099995,0],[105.922193017,-6.04386271399994,0],[105.922195862,-6.04385385299997,0],[105.922195076,-6.04384512799993,0],[105.922199047,-6.04383436899997,0],[105.922207777,-6.04382157499998,0],[105.922215447,-6.04381462099997,0],[105.922222059,-6.04381350499995,0],[105.922223878,-6.04380851799993,0],[105.922220904,-6.04379966199997,0],[105.922222096,-6.04379538199993,0],[105.922227456,-6.04379568199994,0],[105.922231181,-6.04378893299997,0],[105.922233273,-6.04377513799994,0],[105.92224205,-6.04376599099993,0],[105.922257515,-6.04376149299998,0],[105.922268621,-6.04375586899994,0],[105.922275369,-6.04374912199995,0],[105.922277839,-6.04373597199998,0],[105.922276028,-6.04371642199993,0],[105.922285245,-6.04370400699997,0],[105.922305489,-6.04369872599995,0],[105.922318986,-6.04368969799998,0],[105.922325733,-6.04367692199997,0],[105.922335401,-6.04366909299995,0],[105.922347988,-6.04366621199995,0],[105.922357033,-6.04365357199993,0],[105.922362539,-6.04363117499997,0],[105.922361255,-6.04361819299993,0],[105.922353185,-6.04361462599996,0],[105.92235818,-6.04361065799998,0],[105.922376241,-6.04360629099995,0],[105.922386119,-6.04360127899997,0],[105.922387815,-6.04359561999996,0],[105.92239485,-6.04358687299998,0],[105.922407227,-6.04357503799997,0],[105.922419528,-6.04356603999997,0],[105.922431754,-6.04355988199995,0],[105.922435315,-6.04355230299996,0],[105.92243021,-6.04354330499996,0],[105.922435803,-6.04353655699992,0],[105.922452093,-6.04353205799993,0],[105.922460071,-6.04352605299994,0],[105.922459737,-6.04351853999998,0],[105.922464141,-6.04351516699995,0],[105.922473284,-6.04351593099994,0],[105.922477578,-6.04350935899993,0],[105.922477025,-6.04349544899998,0],[105.922483701,-6.04348699699995,0],[105.922497605,-6.04348399999998,0],[105.922507117,-6.04347552199994,0],[105.922512235,-6.04346155999997,0],[105.922522708,-6.04345201699994,0],[105.922538537,-6.04344689499993,0],[105.922549408,-6.04344095999994,0],[105.922555321,-6.04343421199997,0],[105.922556679,-6.04342917199995,0],[105.922553481,-6.04342584299997,0],[105.922559243,-6.04342134399997,0],[105.922573965,-6.04341567699993,0],[105.922585207,-6.04340663999994,0],[105.92259297,-6.04339423299996,0],[105.922600761,-6.04338749299995,0],[105.922608581,-6.04338642199997,0],[105.922620373,-6.04337755599994,0],[105.922636136,-6.04336089699996,0],[105.922648516,-6.04335262399997,0],[105.922657514,-6.04335273899994,0],[105.922665387,-6.04334968099994,0],[105.922672135,-6.04334345099994,0],[105.92267986,-6.04334046799994,0],[105.922688563,-6.04334073199993,0],[105.922692653,-6.04333636399997,0],[105.92269213,-6.04332736699996,0],[105.922695652,-6.04331932299993,0],[105.922703217,-6.04331223199995,0],[105.922711415,-6.04330781699997,0],[105.922720245,-6.04330607799994,0],[105.922726993,-6.04330192099997,0],[105.922731659,-6.04329534899995,0],[105.922733992,-6.04328700199994,0],[105.922733992,-6.04327687899996,0],[105.922736241,-6.04327177499994,0],[105.92274074,-6.04327168699996,0],[105.92274939,-6.04326532999994,0],[105.922762192,-6.04325270399994,0],[105.92276869,-6.04324389099997,0],[105.922768883,-6.04323889099993,0],[105.922776426,-6.04323484099996,0],[105.92279132,-6.04323173899996,0],[105.922800321,-6.04322611999993,0],[105.922803432,-6.04321798299998,0],[105.92280989,-6.04321191199995,0],[105.922819696,-6.04320790599996,0],[105.922825224,-6.04319915399998,0],[105.922826477,-6.04318565799997,0],[105.922830817,-6.04317738599997,0],[105.922838247,-6.04317433699993,0],[105.922843543,-6.04317658499997,0],[105.922846706,-6.04318413399994,0],[105.92285232,-6.04318904099995,0],[105.922860386,-6.04319130799996,0],[105.922870188,-6.04319130699997,0],[105.922881724,-6.04318904099995,0],[105.922891109,-6.04318228399995,0],[105.92289834,-6.04317103699998,0],[105.922901108,-6.04315913499994,0],[105.922899411,-6.04314657999993,0],[105.92290268,-6.04314122899996,0],[105.922910913,-6.04314308299996,0],[105.922921901,-6.04313996799993,0],[105.922935643,-6.04313188399993,0],[105.922945,-6.04312823799995,0],[105.922949974,-6.04312902899994,0],[105.922956957,-6.04312442799994,0],[105.92296595,-6.04311443799998,0],[105.922976608,-6.04310660999994,0],[105.922988932,-6.04310094299996,0],[105.922997002,-6.04309439699995,0],[105.923000819,-6.04308697199997,0],[105.923007164,-6.04308503799996,0],[105.923016033,-6.04308859699995,0],[105.923025046,-6.04308748499994,0],[105.923034202,-6.04308170499996,0],[105.923044684,-6.04307262299994,0],[105.923056493,-6.04306024299996,0],[105.92306349,-6.04305711999996,0],[105.923065673,-6.04306325199997,0],[105.923070811,-6.04306522499996,0],[105.923078903,-6.04306303699997,0],[105.923095965,-6.04305535299994,0],[105.923121995,-6.04304217399994,0],[105.923140475,-6.04303675699992,0],[105.923151406,-6.04303910299996,0],[105.923164713,-6.04303557099996,0],[105.923180397,-6.04302615999995,0],[105.923195017,-6.04302206499995,0],[105.923208575,-6.04302328699993,0],[105.923216365,-6.04302204799995,0],[105.923218385,-6.04301834899996,0],[105.923224009,-6.04302119099998,0],[105.923233235,-6.04303057499993,0],[105.923239827,-6.04303154599995,0],[105.923243785,-6.04302410399993,0],[105.923251658,-6.04301892899997,0],[105.923263445,-6.04301601999992,0],[105.923272713,-6.04300835799995,0],[105.92327946,-6.04299594299994,0],[105.923287986,-6.04299251199996,0],[105.923298288,-6.04299806499995,0],[105.923307285,-6.04299977399995,0],[105.923314978,-6.04299763899996,0],[105.923319949,-6.04299358799994,0],[105.923322198,-6.04298762299993,0],[105.923327822,-6.04298817599994,0],[105.923336819,-6.04299524899994,0],[105.923343567,-6.04299468699998,0],[105.923348066,-6.04298648899993,0],[105.923357064,-6.04297807999995,0],[105.92337056,-6.04296945999994,0],[105.923382562,-6.04296685499997,0],[105.92339307,-6.04297026499995,0],[105.923399278,-6.04296805399997,0],[105.923401185,-6.04296022499994,0],[105.923404847,-6.04295693499995,0],[105.923410264,-6.04295818299994,0],[105.923421712,-6.04295613599993,0],[105.923439193,-6.04295079399998,0],[105.923449397,-6.04294347899997,0],[105.923452322,-6.04293419199996,0],[105.923455567,-6.04293162499994,0],[105.92345913,-6.04293578199997,0],[105.923466047,-6.04293305799996,0],[105.923476319,-6.04292345399995,0],[105.923489158,-6.04291690299993,0],[105.923504566,-6.04291340699996,0],[105.923516768,-6.04291335899995,0],[105.923525765,-6.04291675899998,0],[105.923532858,-6.04291609099994,0],[105.923538047,-6.04291135499994,0],[105.923548168,-6.04290975199996,0],[105.923563225,-6.04291127999994,0],[105.923574335,-6.04290811199996,0],[105.9235815,-6.04290024899996,0],[105.923585999,-6.04289108399996,0],[105.923587832,-6.04288061899996,0],[105.923593452,-6.04287612099995,0],[105.923602862,-6.04287758799995,0],[105.923624232,-6.04287202199993,0],[105.923657559,-6.04285942199994,0],[105.923677041,-6.04284796899998,0],[105.923682677,-6.04283766199995,0],[105.923692989,-6.04282819999997,0],[105.923707974,-6.04281957899997,0],[105.923719777,-6.04281457099995,0],[105.923728396,-6.04281317399995,0],[105.923737205,-6.04280788499995,0],[105.923746202,-6.04279870199997,0],[105.923755777,-6.04279133999995,0],[105.92376593,-6.04278579499993,0],[105.923771554,-6.04277857299996,0],[105.923772647,-6.04276967199996,0],[105.923781067,-6.04276635899993,0],[105.923796813,-6.04276863499996,0],[105.923805496,-6.04276746199997,0],[105.923807117,-6.04276284099996,0],[105.923814933,-6.04276171099997,0],[105.923828942,-6.04276407499998,0],[105.923839739,-6.04275696699995,0],[105.923847322,-6.04274038699998,0],[105.923855882,-6.04272859099996,0],[105.92386542,-6.04272157899993,0],[105.923875628,-6.04271675999996,0],[105.923886506,-6.04271413299995,0],[105.923894611,-6.04270900099993,0],[105.923899944,-6.04270136499997,0],[105.923904801,-6.04269899299993,0],[105.923909181,-6.04270188399994,0],[105.92391844,-6.04270004299997,0],[105.923932578,-6.04269346999996,0],[105.923945874,-6.04268250499996,0],[105.923958329,-6.04266714599993,0],[105.923969147,-6.04265998999995,0],[105.923978329,-6.04266103499998,0],[105.923981877,-6.04265896099997,0],[105.92397979,-6.04265376899997,0],[105.923982982,-6.04264875599995,0],[105.923991452,-6.04264392299996,0],[105.92400049,-6.04264457799997,0],[105.924010093,-6.04265071999993,0],[105.924018559,-6.04265010899996,0],[105.924025887,-6.04264274599996,0],[105.924035192,-6.04263702999998,0],[105.924046474,-6.04263296199997,0],[105.924057865,-6.04262409199993,0],[105.924069367,-6.04261041999996,0],[105.924079489,-6.04260424799998,0],[105.924088232,-6.04260557399994,0],[105.924093727,-6.04260248599996,0],[105.924095977,-6.04259498199997,0],[105.924107223,-6.04258529899994,0],[105.924127468,-6.04257343699993,0],[105.924138714,-6.04256431699997,0],[105.924140964,-6.04255793799996,0],[105.924146587,-6.04255424399997,0],[105.924155585,-6.04255323299998,0],[105.924165419,-6.04254928399996,0],[105.92417609,-6.04254239499994,0],[105.924189701,-6.04254047499995,0],[105.92420625,-6.04254352399994,0],[105.92421891,-6.04253786599998,0],[105.924227679,-6.04252349999996,0],[105.924239503,-6.04251058299997,0],[105.924254383,-6.04249911599993,0],[105.92426483,-6.04248963999993,0],[105.924270844,-6.04248215399997,0],[105.924275776,-6.04246978699996,0],[105.924279624,-6.04245253899995,0],[105.924289341,-6.04244425799993,0],[105.924304923,-6.04244494299996,0],[105.92431955,-6.04244087499995,0],[105.924333222,-6.04243205399996,0],[105.924349168,-6.04241751599994,0],[105.924367387,-6.04239726299994,0],[105.924380342,-6.04237872799996,0],[105.924388035,-6.04236190999995,0],[105.924395818,-6.04234841399995,0],[105.92440775,-6.04232415399997,0],[105.924421312,-6.04230703399998,0],[105.924430415,-6.04229224599993,0],[105.924439579,-6.04227408399993,0],[105.924444368,-6.04226216999996,0],[105.924444781,-6.04225650199993,0],[105.924456988,-6.04223774299993,0],[105.924480988,-6.04220589199997,0],[105.924493735,-6.04218302499993,0],[105.924495228,-6.04216914199998,0],[105.924501066,-6.04215432799998,0],[105.924511244,-6.04213858199995,0],[105.92451836,-6.04212959399996,0],[105.92452241,-6.04212736199997,0],[105.924523357,-6.04212057899997,0],[105.9245212,-6.04210924499995,0],[105.924514662,-6.04210228599993,0],[105.924503745,-6.04209970199997,0],[105.924492962,-6.04209073999994,0],[105.924482312,-6.04207539899994,0],[105.924479762,-6.04205872999995,0],[105.924485311,-6.04204073499994,0],[105.924492896,-6.04203173799993,0],[105.924502517,-6.04203173799993,0],[105.924509367,-6.04202892199993,0],[105.924513443,-6.04202328999997,0],[105.924517261,-6.04202328999997,0],[105.924520819,-6.04202892199993,0],[105.924527924,-6.04203138299994,0],[105.924538573,-6.04203067099996,0],[105.924549165,-6.04203387399997,0],[105.9245597,-6.04204099099996,0],[105.924561049,-6.04204555999996,0],[105.924569062,-6.04204659199996,0],[105.924607318,-6.04205035599995,0],[105.924629353,-6.04204522599997,0],[105.924644791,-6.04204803299996,0],[105.924669477,-6.04204923699996,0],[105.924683786,-6.04203294199993,0],[105.924687718,-6.04199914899993,0],[105.924693111,-6.04197187099993,0],[105.924699964,-6.04195110799998,0],[105.924709091,-6.04193086399994,0],[105.924720492,-6.04191113799993,0],[105.924727257,-6.04189589399994,0],[105.924729388,-6.04188512999997,0],[105.924737136,-6.04187469999994,0],[105.9247505,-6.04186460499994,0],[105.924762612,-6.04185311599997,0],[105.92476392,-6.04185156599993,0],[105.92477966,-6.04185474799993,0],[105.924780119,-6.04185551599994,0],[105.924807835,-6.04187578999995,0],[105.92480613,-6.04190206799996,0],[105.924805093,-6.04190382299993,0],[105.924795757,-6.04190891999997,0],[105.924783838,-6.04191208799995,0],[105.924769337,-6.04191332599993,0],[105.924753614,-6.04191784699998,0],[105.924736674,-6.04192564999994,0],[105.924725972,-6.04193260399995,0],[105.924721509,-6.04193871099994,0],[105.924717755,-6.04194851199998,0],[105.92471471,-6.04196200799993,0],[105.92471605,-6.04197662899998,0],[105.924721774,-6.04199237399996,0],[105.924722479,-6.04200362099994,0],[105.924720239,-6.04200712499994,0],[105.92474309,-6.04204055199995,0],[105.924754262,-6.04204518999995,0],[105.924764304,-6.04204443899994,0],[105.924794081,-6.04204868299996,0],[105.92480821,-6.04204888399994,0],[105.924813201,-6.04204895499993,0],[105.924821663,-6.04204525699993,0],[105.924828142,-6.04204983899996,0],[105.924832641,-6.04206270199995,0],[105.924841639,-6.04207156799993,0],[105.924855135,-6.04207643499996,0],[105.92486565,-6.04207456899996,0],[105.924873184,-6.04206596699993,0],[105.924877683,-6.04206538599993,0],[105.924879146,-6.04207282899995,0],[105.92488332,-6.04207665999996,0],[105.924890204,-6.04207687999997,0],[105.924895827,-6.04206960799996,0],[105.92490019,-6.04205484699997,0],[105.924904621,-6.04204803299996,0],[105.924909119,-6.04204916599997,0],[105.924917126,-6.04203637299997,0],[105.924928641,-6.04200965299998,0],[105.924929419,-6.04200803199996,0],[105.924942139,-6.04198153599998,0],[105.924957621,-6.04195202199998,0],[105.924971163,-6.04192264399995,0],[105.924982765,-6.04189340299996,0],[105.92498688,-6.04187428299997,0],[105.924983506,-6.04186528599996,0],[105.924986904,-6.04185291499994,0],[105.924997075,-6.04183716899996,0],[105.925015452,-6.04182837799993,0],[105.925042036,-6.04182654199997,0],[105.925051807,-6.04182977099993,0],[105.925044764,-6.04183806499998,0],[105.925046863,-6.04184475599993,0],[105.9250484,-6.04184545099997,0],[105.925058106,-6.04184984399996,0],[105.925063662,-6.04185989499996,0],[105.92506353,-6.04187491099998,0],[105.925068177,-6.04188049099997,0],[105.925077606,-6.04187663399995,0],[105.925084846,-6.04187825099996,0],[105.925089898,-6.04188534099995,0],[105.925098895,-6.04188444399995,0],[105.925111838,-6.04187556199997,0],[105.925119943,-6.04186516199997,0],[105.925123212,-6.04185324799994,0],[105.925122163,-6.04184391699994,0],[105.925116794,-6.04183716799997,0],[105.925117409,-6.04183060999998,0],[105.925124008,-6.04182423999993,0],[105.92513068,-6.04182112899997,0],[105.925137429,-6.04182127799993,0],[105.925140096,-6.04181813299994,0],[105.925138681,-6.04181169299994,0],[105.925141624,-6.04180355599993,0],[105.925148926,-6.04179372299996,0],[105.925150639,-6.04177980999998,0],[105.925146765,-6.04176181599996,0],[105.925149444,-6.04174859199998,0],[105.925158679,-6.04174013899996,0],[105.925163835,-6.04172664299995,0],[105.925164911,-6.04170810299996,0],[105.925169704,-6.04169770899995,0],[105.925178214,-6.04169545899992,0],[105.925179644,-6.04169236599995,0],[105.925173994,-6.04168842999997,0],[105.925171626,-6.04168073299996,0],[105.925172539,-6.04166927499995,0],[105.92517732,-6.04165849899994,0],[105.925185966,-6.04164840299995,0],[105.925194036,-6.04164223099997,0],[105.925201531,-6.04163998099995,0],[105.92520514,-6.04163135699997,0],[105.925204863,-6.04161635899993,0],[105.925207218,-6.04160436099994,0],[105.925212204,-6.04159536299994,0],[105.925216169,-6.04158381799994,0],[105.925219113,-6.04156972399994,0],[105.925224258,-6.04155981199995,0],[105.925231603,-6.04155408299994,0],[105.925233571,-6.04154313499993,0],[105.925231664,-6.04153409299994,0],[105.925230162,-6.04152696899996,0],[105.925231761,-6.04151486099994,0],[105.925238369,-6.04150681199997,0],[105.925247122,-6.04150231299997,0],[105.925250179,-6.04150204699994,0],[105.925258022,-6.04150136499993,0],[105.925265897,-6.04149864099998,0],[105.925270747,-6.04149414199998,0],[105.925275733,-6.04148143199996,0],[105.925280856,-6.04146051199996,0],[105.925287127,-6.04144852699994,0],[105.925294547,-6.04144547799996,0],[105.925294697,-6.04144038199996,0],[105.925288901,-6.04143456699995,0],[105.925287576,-6.04143323799997,0],[105.925286644,-6.04141842399997,0],[105.925291903,-6.04139593999997,0],[105.925300081,-6.04138213499994,0],[105.925311178,-6.04137701299993,0],[105.92531227,-6.04137007199995,0],[105.925303356,-6.04136131199994,0],[105.925299864,-6.04135343799993,0],[105.925301792,-6.04134645299996,0],[105.925307256,-6.04134376499997,0],[105.925316253,-6.04134537299996,0],[105.925320176,-6.04133986799997,0],[105.925319025,-6.04132725099993,0],[105.925323869,-6.04131116199994,0],[105.925334707,-6.04129160299993,0],[105.925347654,-6.04127067799993,0],[105.925362709,-6.04124838699994,0],[105.925368146,-6.04123358099997,0],[105.925363964,-6.04122626199995,0],[105.925366213,-6.04122044599995,0],[105.925374894,-6.04121613099994,0],[105.925381214,-6.04120445799992,0],[105.925385172,-6.04118542699996,0],[105.925389871,-6.04117280499997,0],[105.92539531,-6.04116659299996,0],[105.925396921,-6.04115807899996,0],[105.925394707,-6.04114726299997,0],[105.925395632,-6.04113838299997,0],[105.925410726,-6.04112491399997,0],[105.925423596,-6.04111061299994,0],[105.925432211,-6.04109513099996,0],[105.925440861,-6.04107370099996,0],[105.925449404,-6.04106045599997,0],[105.925457839,-6.04105539399995,0],[105.925460471,-6.04104763599997,0],[105.925457299,-6.04103717999993,0],[105.925461165,-6.04103014199995,0],[105.925472069,-6.04102652199992,0],[105.925482131,-6.04101784999995,0],[105.925491353,-6.04100412499997,0],[105.925499518,-6.04098495699998,0],[105.925506626,-6.04096034599996,0],[105.925513468,-6.04094675799996,0],[105.925520046,-6.04094419199993,0],[105.925521421,-6.04093619699995,0],[105.925517594,-6.04092276999995,0],[105.925520946,-6.04091269599996,0],[105.925528653,-6.04090777799996,0],[105.925531477,-6.04090597499993,0],[105.925535995,-6.04089585299994,0],[105.925534502,-6.04088232999993,0],[105.925538993,-6.04087219899998,0],[105.925549472,-6.04086545999996,0],[105.925551363,-6.04086093099994,0],[105.925544668,-6.04085861099998,0],[105.925542662,-6.04084985999998,0],[105.925545347,-6.04083467699996,0],[105.925552015,-6.04082575899997,0],[105.925562669,-6.04082310499996,0],[105.92556703,-6.04081284599994,0],[105.925565097,-6.04079498399994,0],[105.925566267,-6.04078596799997,0],[105.925570542,-6.04078580199996,0],[105.92557525,-6.04077781399997,0],[105.925580389,-6.04076200699996,0],[105.925584921,-6.04075413499993,0],[105.925588844,-6.04075419599997,0],[105.925590727,-6.04074740399994,0],[105.925590568,-6.04073375899998,0],[105.925588368,-6.04072480999997,0],[105.925584124,-6.04072055699993,0],[105.925590912,-6.04071611099994,0],[105.925608731,-6.04071147199994,0],[105.925614332,-6.04070470199997,0],[105.925607716,-6.04069580099997,0],[105.925608823,-6.04069243899994,0],[105.925617653,-6.04069461899996,0],[105.925620146,-6.04069231299997,0],[105.925616303,-6.04068552099994,0],[105.92561767,-6.04068009499997,0],[105.925624252,-6.04067603499993,0],[105.925626059,-6.04066816299996,0],[105.925623094,-6.04065647599998,0],[105.925613877,-6.04064616099993,0],[105.925598408,-6.04063721699993,0],[105.925585051,-6.04063128999996,0],[105.925573804,-6.04062838199997,0],[105.925564919,-6.04062374199998,0],[105.925558394,-6.04061737199993,0],[105.925548186,-6.04061533799995,0],[105.925542634,-6.04061625799994,0],[105.925534296,-6.04061763999994,0],[105.925529038,-6.04062385699996,0],[105.925532417,-6.04063398799997,0],[105.925530339,-6.04063528699993,0],[105.925522804,-6.04062775799997,0],[105.925516571,-6.04062602199997,0],[105.925511637,-6.04063008199995,0],[105.925505554,-6.04062999399997,0],[105.925498323,-6.04062575899997,0],[105.925492445,-6.04061576799995,0],[105.92548792,-6.04060002299997,0],[105.925489418,-6.04058739699997,0],[105.925496939,-6.04057788999995,0],[105.925500186,-6.04056889199995,0],[105.925499158,-6.04056040399996,0],[105.925503,-6.04055456499998,0],[105.925511712,-6.04055137699993,0],[105.925520522,-6.04055067799993,0],[105.925529432,-6.04055246999997,0],[105.925534587,-6.04054826599997,0],[105.925535989,-6.04053806399997,0],[105.925534128,-6.04053007799996,0],[105.925529006,-6.04052430499996,0],[105.925529724,-6.04051282999995,0],[105.925536283,-6.04049565199995,0],[105.925549171,-6.04048317499996,0],[105.925568387,-6.04047539899994,0],[105.925577181,-6.04046343099998,0],[105.92557555,-6.04044727299993,0],[105.925575726,-6.04043282799995,0],[105.925577707,-6.04042009599993,0],[105.925584043,-6.04040997499993,0],[105.925594731,-6.04040246199997,0],[105.925598846,-6.04039532699994,0],[105.925596386,-6.04038856999995,0],[105.925597033,-6.04038144399993,0],[105.92560079,-6.04037394899996,0],[105.925607542,-6.04036683699997,0],[105.92561729,-6.04036010599998,0],[105.925621277,-6.04035284899993,0],[105.925619503,-6.04034506299996,0],[105.925627008,-6.04033643499997,0],[105.925643796,-6.04032696299993,0],[105.925652083,-6.04031547899996,0],[105.925651872,-6.04030198299995,0],[105.925662113,-6.04028261799994,0],[105.925682805,-6.04025738299993,0],[105.925699939,-6.04024613599995,0],[105.925713514,-6.04024887699995,0],[105.925721636,-6.04025610399998,0],[105.925724302,-6.04026781699997,0],[105.925730134,-6.04026735999997,0],[105.925739131,-6.04025473399997,0],[105.925749254,-6.04024910099997,0],[105.925760501,-6.04025046299995,0],[105.925768373,-6.04024614899993,0],[105.925772872,-6.04023615899996,0],[105.925777505,-6.04023368599997,0],[105.925782272,-6.04023872899995,0],[105.925785834,-6.04023806599997,0],[105.925788193,-6.04023169599998,0],[105.925797057,-6.04022776299996,0],[105.925812424,-6.04022626999995,0],[105.925822898,-6.04022662099993,0],[105.92582681,-6.04022816099996,0],[105.925828477,-6.04022881799995,0],[105.925841159,-6.04022037899995,0],[105.925860942,-6.04020130299995,0],[105.925871815,-6.04018951599994,0],[105.925873779,-6.04018501699994,0],[105.925870879,-6.04017489499995,0],[105.925863116,-6.04015914899998,0],[105.925862187,-6.04014715799997,0],[105.925862157,-6.04014677799995,0],[105.92586226,-6.04014661999997,0],[105.925867999,-6.04013778099994,0],[105.925870034,-6.04012709999995,0],[105.925869641,-6.04012436199997,0],[105.925868259,-6.04011473799994,0],[105.92587627,-6.04010486499993,0],[105.925876925,-6.04010405799994,0],[105.925896031,-6.04009505999994,0],[105.925910083,-6.04007966599994,0],[105.92591908,-6.04005787599993,0],[105.925920202,-6.04004235899993,0],[105.925920422,-6.04003931399996,0],[105.925914109,-6.04002398099993,0],[105.925916427,-6.04000949699997,0],[105.925927375,-6.03999585999998,0],[105.925930966,-6.03998504799995,0],[105.925927201,-6.03997706199993,0],[105.925935423,-6.03996771699997,0],[105.925955632,-6.03995701399998,0],[105.925964706,-6.03995112999996,0],[105.925970176,-6.03994758299996,0],[105.925979055,-6.03993941999994,0],[105.925987819,-6.03992427599997,0],[105.92599647,-6.03990215099998,0],[105.925997828,-6.03989172499996,0],[105.925998502,-6.03988654699998,0],[105.925993915,-6.03987746099995,0],[105.925998377,-6.03986715499997,0],[105.926011886,-6.03985562599996,0],[105.926015688,-6.03984704199996,0],[105.926009784,-6.03984140099993,0],[105.92600659,-6.03983160899998,0],[105.926006106,-6.03981766499993,0],[105.926012604,-6.03980393599994,0],[105.926026083,-6.03979042199995,0],[105.926035207,-6.03978380099994,0],[105.926039978,-6.03978407299996,0],[105.926045365,-6.03977820799997,0],[105.926046425,-6.03977608799994,0],[105.926051366,-6.03976620599997,0],[105.926051435,-6.03976137999996,0],[105.926051583,-6.03975112799998,0],[105.926046017,-6.03973297499994,0],[105.926045421,-6.03971776099996,0],[105.926049797,-6.03970548699994,0],[105.926057638,-6.03969986399994,0],[105.926068941,-6.03970089099994,0],[105.926076351,-6.03969593099993,0],[105.926079865,-6.03968498399996,0],[105.926088377,-6.03967501499994,0],[105.92609587,-6.03967002899998,0],[105.926101886,-6.03966602599996,0],[105.926106629,-6.03965873799996,0],[105.926104595,-6.03965591399998,0],[105.926102604,-6.03965314899995,0],[105.926095371,-6.03964995599995,0],[105.926084928,-6.03964915599994,0],[105.926079257,-6.03964314199993,0],[105.926078356,-6.03963191299994,0],[105.926084598,-6.03962595499996,0],[105.926097985,-6.03962526999993,0],[105.926106262,-6.03961667699997,0],[105.92610943,-6.03960017599996,0],[105.926115843,-6.03959009699997,0],[105.926125504,-6.03958644199997,0],[105.926134032,-6.03958934599996,0],[105.926138863,-6.03959552899994,0],[105.926141426,-6.03959880899993,0],[105.926146432,-6.03959876499994,0],[105.926149051,-6.03958921399993,0],[105.926153365,-6.03958218999998,0],[105.926159375,-6.03957768999993,0],[105.926160271,-6.03957206699994,0],[105.926156053,-6.03956531999995,0],[105.926156067,-6.03956272099992,0],[105.92615609,-6.03955857099993,0],[105.926160383,-6.03955182299995,0],[105.9261566,-6.03954412599995,0],[105.926144743,-6.03953547999993,0],[105.926138601,-6.03952609599997,0],[105.926138175,-6.03951597399993,0],[105.926155335,-6.03949667899997,0],[105.926190082,-6.03946820999994,0],[105.926209126,-6.03945734999996,0],[105.926212469,-6.03946409799994,0],[105.926218161,-6.03945941499995,0],[105.926226201,-6.03944329999996,0],[105.92624355,-6.03941516999993,0],[105.926270208,-6.03937502399998,0],[105.926286591,-6.03934903399994,0],[105.926292697,-6.03933719799994,0],[105.926305198,-6.03932048699994,0],[105.926324094,-6.03929889799997,0],[105.926335558,-6.03928692199997,0],[105.926339591,-6.03928455899995,0],[105.926348296,-6.03927519099994,0],[105.926354359,-6.03926866699993,0],[105.926379862,-6.03923925099997,0],[105.926392442,-6.03922129099993,0],[105.926392099,-6.03921478899997,0],[105.926395182,-6.03921182299996,0],[105.926401688,-6.03921239499994,0],[105.926419562,-6.03919442099993,0],[105.926448804,-6.03915790399998,0],[105.926463539,-6.03913624099994,0],[105.926463767,-6.03912943199992,0],[105.926467069,-6.03912598299996,0],[105.926473443,-6.03912589499993,0],[105.926482324,-6.03912127799993,0],[105.926493711,-6.03911213099997,0],[105.926497263,-6.03910745699994,0],[105.926510085,-6.03909463699995,0],[105.926532091,-6.03907297999996,0],[105.926564339,-6.03903940099997,0],[105.926581038,-6.03902381299997,0],[105.926603752,-6.03900066899996,0],[105.926632479,-6.03896996899994,0],[105.926647285,-6.03894917999997,0],[105.926648168,-6.03893830199996,0],[105.926651997,-6.03893400099997,0],[105.926658771,-6.03893627699995,0],[105.926665372,-6.03893500799995,0],[105.9266718,-6.03893019199995,0],[105.926690917,-6.03890881899997,0],[105.926722724,-6.03887088799996,0],[105.926740818,-6.03885172799994,0],[105.926745198,-6.03885134199993,0],[105.926753051,-6.03884440099995,0],[105.926764377,-6.03883090399995,0],[105.926776612,-6.03881987699998,0],[105.926789756,-6.03881131899993,0],[105.926804483,-6.03879557299996,0],[105.92682079,-6.03877263999993,0],[105.92684004,-6.03875092499993,0],[105.92686223,-6.03873042599997,0],[105.926874931,-6.03871753999994,0],[105.926878143,-6.03871226899997,0],[105.926887441,-6.03870339799994,0],[105.926902827,-6.03869093099996,0],[105.92691545,-6.03868244699993,0],[105.926925313,-6.03867794799993,0],[105.926933331,-6.03867177499995,0],[105.926939503,-6.03866392899994,0],[105.926946513,-6.03865847299994,0],[105.926954359,-6.03865540699996,0],[105.926961657,-6.03864991899997,0],[105.926968405,-6.03864201099998,0],[105.92697362,-6.03863131399993,0],[105.926977301,-6.03861782699994,0],[105.9269818,-6.03860722999997,0],[105.926987116,-6.03859952399995,0],[105.926997745,-6.03859093499995,0],[105.927013688,-6.03858146299996,0],[105.927021458,-6.03857212799994,0],[105.927021054,-6.03856292799998,0],[105.927028538,-6.03854493299997,0],[105.92704391,-6.03851814199993,0],[105.927050761,-6.03850003799994,0],[105.927049092,-6.03849061899996,0],[105.927042943,-6.03848274599994,0],[105.927032316,-6.03847641999994,0],[105.927025106,-6.03846313499997,0],[105.927021315,-6.03844288999994,0],[105.927013133,-6.03842745199995,0],[105.927000559,-6.03841682099994,0],[105.926989967,-6.03841119799995,0],[105.926981356,-6.03841058199993,0],[105.92696786,-6.03840077599995,0],[105.926949478,-6.03838177999995,0],[105.926941164,-6.03836715999995,0],[105.926942917,-6.03835691399996,0],[105.926941608,-6.03835048199994,0],[105.926937236,-6.03834786399995,0],[105.926933599,-6.03835062699994,0],[105.926930695,-6.03835877299997,0],[105.926929316,-6.03835514299993,0],[105.92692946,-6.03833974099996,0],[105.926932779,-6.03833191199993,0],[105.926939273,-6.03833165699996,0],[105.926944211,-6.03832601599993,0],[105.926947594,-6.03831498899996,0],[105.926954162,-6.03830918499995,0],[105.926963914,-6.03830860599993,0],[105.926967803,-6.03830456299994,0],[105.926965826,-6.03829705999993,0],[105.926971985,-6.03828634899997,0],[105.926986281,-6.03827243199993,0],[105.926998411,-6.03825893499993,0],[105.927008375,-6.03824586099995,0],[105.927018653,-6.03823482499996,0],[105.927029245,-6.03822582699996,0],[105.92703359,-6.03822020399997,0],[105.927031687,-6.03821795499994,0],[105.927035457,-6.03821154499997,0],[105.927044898,-6.03820097499994,0],[105.927053884,-6.03819433199993,0],[105.927062416,-6.03819161699994,0],[105.927066054,-6.03818790399993,0],[105.927064797,-6.03818319499993,0],[105.927070095,-6.03817612199992,0],[105.927081949,-6.03816668599995,0],[105.927093732,-6.03815318899996,0],[105.927105444,-6.03813563299997,0],[105.927115658,-6.03812473399995,0],[105.927124375,-6.03812048999993,0],[105.927135512,-6.03810914699994,0],[105.927149069,-6.03809070299997,0],[105.927160043,-6.03807932899997,0],[105.927168434,-6.03807502399997,0],[105.927171378,-6.03807009899998,0],[105.927168874,-6.03806455499995,0],[105.927171469,-6.03806123399994,0],[105.927179161,-6.03806013499997,0],[105.927189808,-6.03805306699996,0],[105.92720341,-6.03804002699997,0],[105.927208455,-6.03803097699995,0],[105.927204945,-6.03802591599998,0],[105.927211359,-6.03801855299997,0],[105.927227698,-6.03800888799998,0],[105.927239575,-6.03799799599994,0],[105.927246991,-6.03798587999995,0],[105.927256882,-6.03797552899994,0],[105.92726925,-6.03796694499994,0],[105.927284677,-6.03795196799996,0],[105.927303163,-6.03793059899994,0],[105.927312446,-6.03791738499996,0],[105.927312525,-6.03791232399993,0],[105.927321303,-6.03790273699997,0],[105.92733878,-6.03788862599993,0],[105.92734884,-6.03787732299998,0],[105.927351485,-6.03786882599996,0],[105.927359817,-6.03785937199996,0],[105.927373836,-6.03784895999996,0],[105.927381388,-6.03784142499995,0],[105.927382473,-6.03783676799998,0],[105.927394346,-6.03782374199994,0],[105.927417007,-6.03780234699997,0],[105.927428642,-6.03778970299993,0],[105.927429252,-6.03778581099994,0],[105.927444253,-6.03776931799996,0],[105.927473644,-6.03774022599993,0],[105.927494001,-6.03771784599996,0],[105.927505322,-6.03770217999994,0],[105.927514227,-6.03769254599996,0],[105.927520716,-6.03768894299998,0],[105.927532277,-6.03767897899996,0],[105.92754891,-6.03766265399997,0],[105.927568333,-6.03763988299994,0],[105.927590545,-6.03761066899995,0],[105.927603887,-6.03759518699997,0],[105.927608359,-6.03759343799993,0],[105.927617023,-6.03758185699996,0],[105.927629878,-6.03756044399995,0],[105.927639099,-6.03755028299997,0],[105.927644688,-6.03755137199994,0],[105.927655034,-6.03754054299998,0],[105.927670138,-6.03751779499993,0],[105.927681547,-6.03750519899995,0],[105.927689262,-6.03750275599998,0],[105.927694888,-6.03749478699996,0],[105.927698424,-6.03748129099995,0],[105.927706115,-6.03747116799997,0],[105.927717958,-6.03746441999994,0],[105.927725269,-6.03745542299993,0],[105.927728045,-6.03744417599995,0],[105.92773453,-6.03743399699994,0],[105.927744723,-6.03742488499995,0],[105.927754537,-6.03741813699997,0],[105.927763974,-6.03741375299995,0],[105.927774801,-6.03740095899997,0],[105.927787019,-6.03737975799993,0],[105.927798725,-6.03736401299994,0],[105.927809919,-6.03735372399996,0],[105.927820003,-6.03734019199993,0],[105.927828979,-6.03732341799997,0],[105.927836729,-6.03731266799997,0],[105.927843253,-6.03730794099994,0],[105.927851641,-6.03729819199998,0],[105.927861896,-6.03728342199997,0],[105.927868881,-6.03727128799994,0],[105.927872597,-6.03726178999995,0],[105.927873224,-6.03726093499995,0],[105.927879346,-6.03725259499993,0],[105.927887796,-6.03724491199995,0],[105.927889125,-6.03724370299994,0],[105.927890262,-6.03724208699998,0],[105.927895974,-6.03723397099998,0],[105.927899893,-6.03722340099995,0],[105.927908115,-6.03721171899997,0],[105.92792064,-6.03719892599997,0],[105.927933163,-6.03719006499995,0],[105.927936994,-6.03718855699998,0],[105.927945684,-6.03718513599995,0],[105.927949274,-6.03717916099993,0],[105.927947375,-6.03717666599994,0],[105.927943931,-6.03717213999994,0],[105.927943961,-6.03716627099993,0],[105.927949366,-6.03716155299998,0],[105.927954348,-6.03716275199997,0],[105.927956538,-6.03716616999998,0],[105.927958908,-6.03716986999996,0],[105.927965228,-6.03716606899997,0],[105.927973306,-6.03715135099998,0],[105.927983123,-6.03714115399993,0],[105.927994678,-6.03713547899997,0],[105.927998884,-6.03713151599993,0],[105.927995743,-6.03712926599997,0],[105.928001916,-6.03712139399994,0],[105.928017402,-6.03710789699994,0],[105.928027686,-6.03709598299997,0],[105.928032769,-6.03708564999994,0],[105.928034006,-6.03707899899996,0],[105.928034024,-6.03707890199996,0],[105.92803145,-6.03707573899993,0],[105.928035583,-6.03707200399998,0],[105.928043741,-6.03706876499996,0],[105.928046426,-6.03706769899998,0],[105.928054841,-6.03706207599993,0],[105.928060829,-6.03705513399996,0],[105.928063123,-6.03704838899995,0],[105.928063685,-6.03704673799996,0],[105.928063408,-6.03703688899998,0],[105.928068193,-6.03703276899995,0],[105.928076666,-6.03703415199993,0],[105.928078038,-6.03703437599995,0],[105.928085662,-6.03702872599996,0],[105.928088677,-6.03702152499994,0],[105.928091066,-6.03701581899998,0],[105.928096927,-6.03700733099993,0],[105.928103244,-6.03700326299997,0],[105.928103581,-6.03699921699996,0],[105.928097935,-6.03699519199995,0],[105.928102298,-6.03699103199995,0],[105.928116668,-6.03698673599996,0],[105.928123092,-6.03698320099994,0],[105.928126887,-6.03698111199998,0],[105.928132954,-6.03697416199998,0],[105.928134572,-6.03696922599994,0],[105.92813573,-6.03696569099998,0],[105.928135216,-6.03695570099995,0],[105.928138052,-6.03695042499993,0],[105.928144238,-6.03694986199997,0],[105.928151331,-6.03694345699995,0],[105.928159331,-6.03693120899993,0],[105.928162777,-6.03692116099995,0],[105.928161671,-6.03691331499994,0],[105.928162371,-6.03689602299994,0],[105.92816488,-6.03686928599996,0],[105.928166484,-6.03685929099993,0],[105.928168051,-6.03684952899994,0],[105.928171887,-6.03683675399998,0],[105.928165036,-6.03682383299997,0],[105.928152622,-6.03681458399996,0],[105.928147498,-6.03681076699996,0],[105.928138615,-6.03680198499995,0],[105.928138485,-6.03679941899998,0],[105.928138387,-6.03679748599995,0],[105.928128235,-6.03678623999997,0],[105.928115847,-6.03677513399998,0],[105.928108162,-6.03676824499996,0],[105.928089875,-6.03675366399995,0],[105.928073375,-6.03674249599993,0],[105.928057212,-6.03672897399997,0],[105.928041388,-6.03671309599997,0],[105.92803387,-6.03669883099997,0],[105.928034661,-6.03668617799997,0],[105.92803916,-6.03667885499993,0],[105.928047366,-6.03667686099993,0],[105.928056459,-6.03666585099995,0],[105.928066436,-6.03664582599993,0],[105.928068685,-6.03663595899997,0],[105.928063206,-6.03663624899997,0],[105.928058325,-6.03663224199994,0],[105.928126898,-6.03657867499993,0],[105.928225044,-6.03646556599995,0],[105.928379492,-6.03629546699995,0],[105.928440608,-6.03621065499993,0],[105.928457101,-6.03621096199993,0],[105.928476589,-6.03622659399997,0],[105.92848612,-6.03623852999993,0],[105.928485941,-6.03624199699993,0],[105.928485694,-6.03624677199997,0],[105.928488321,-6.03625069899994,0],[105.928494002,-6.03625031299993,0],[105.928503287,-6.03625848899998,0],[105.928516177,-6.03627522699998,0],[105.928533986,-6.03629135499995,0],[105.928556711,-6.03630687199995,0],[105.928571636,-6.03632049499993,0],[105.928578757,-6.03633222499997,0],[105.928589066,-6.03633571399996,0],[105.928593278,-6.03633422999997,0],[105.928602562,-6.03633095999993,0],[105.928628155,-6.03632855699993,0],[105.928665845,-6.03632850499997,0],[105.928686816,-6.03632442799994,0],[105.928691069,-6.03631632599996,0],[105.928694968,-6.03631517499997,0],[105.928698513,-6.03632097399998,0],[105.92870116,-6.03631841699996,0],[105.928702909,-6.03630750499997,0],[105.928711395,-6.03629825699994,0],[105.928726617,-6.03629067399993,0],[105.928737045,-6.03628095099998,0],[105.928742677,-6.03626908999996,0],[105.928749686,-6.03626142299993,0],[105.928758073,-6.03625795299996,0],[105.928759822,-6.03625282999997,0],[105.928754932,-6.03624605599992,0],[105.928756056,-6.03623989199997,0],[105.928763196,-6.03623433899998,0],[105.928766765,-6.03623493599997,0],[105.928766765,-6.03624168499994,0],[105.928770726,-6.03623864399998,0],[105.928778647,-6.03622581599996,0],[105.928788178,-6.03621827699993,0],[105.928799319,-6.03621602799996,0],[105.928807798,-6.03620815499994,0],[105.928813615,-6.03619465899993,0],[105.928819825,-6.03618679099998,0],[105.928826428,-6.03618454999997,0],[105.928834232,-6.03617475799996,0],[105.928843239,-6.03615741299996,0],[105.928855641,-6.03614501099997,0],[105.928871439,-6.03613755099997,0],[105.928878187,-6.03613001699995,0],[105.928875885,-6.03612240699994,0],[105.92887838,-6.03611820699996,0],[105.928885673,-6.03611741699996,0],[105.92889467,-6.03611038699995,0],[105.928905373,-6.03609711899998,0],[105.9289154,-6.03609140399993,0],[105.928924754,-6.03609323999996,0],[105.928932769,-6.03609187399996,0],[105.928939447,-6.03608730499997,0],[105.928943603,-6.03608037699996,0],[105.928945237,-6.03607108899996,0],[105.928952497,-6.03606466599996,0],[105.92897737,-6.03604824899998,0],[105.928990695,-6.03603945399993,0],[105.92901088,-6.03604690699996,0],[105.929014631,-6.03604829199998,0],[105.929194196,-6.03532803199994,0],[105.929186066,-6.03531863599994,0],[105.929164182,-6.03529859299994,0],[105.929157843,-6.03528637599993,0],[105.929167047,-6.03528198199996,0],[105.929172251,-6.03527400899998,0],[105.929173454,-6.03526245499995,0],[105.929177136,-6.03524880499998,0],[105.929183295,-6.03523305899995,0],[105.929188317,-6.03522411399996,0],[105.929192201,-6.03522196999995,0],[105.929194268,-6.03521284599998,0],[105.929194496,-6.03519813899993,0],[105.929194518,-6.03519673999995,0],[105.929192781,-6.03518492699993,0],[105.929189055,-6.03517740499996,0],[105.929227238,-6.03514148999994,0],[105.929273387,-6.03509808199993,0],[105.929359048,-6.03506952899994,0],[105.929458986,-6.03500290399995,0],[105.92953037,-6.03494579699998,0],[105.929677896,-6.03485537699993,0],[105.929754039,-6.03478875299993,0],[105.929853975,-6.03466026099994,0],[105.929953913,-6.03456984199994,0],[105.930039574,-6.03449369899994,0],[105.930110957,-6.03440327999994,0],[105.930196618,-6.03429858299995,0],[105.930248966,-6.03418436999993,0],[105.930301314,-6.03406539599996,0],[105.930309009,-6.03400384099996,0],[105.930315592,-6.03395118299994,0],[105.93032035,-6.03387979799993,0],[105.930201377,-6.03370847699995,0],[105.930153788,-6.03362757499997,0],[105.930132854,-6.03357314799996,0],[105.930129993,-6.03356570899996,0],[105.930133768,-6.03356193399998,0],[105.930177583,-6.03351811999994,0],[105.930217697,-6.03345767999997,0],[105.930224985,-6.03345963899994,0],[105.930245554,-6.03345423599995,0],[105.930264565,-6.03345648399994,0],[105.930269335,-6.03345704799995,0],[105.930296328,-6.03346807399993,0],[105.930313132,-6.03347332799996,0],[105.930314544,-6.03347376899995,0],[105.930323985,-6.03347412899996,0],[105.930328523,-6.03347673899998,0],[105.930328159,-6.03348159699993,0],[105.930328766,-6.03348212199995,0],[105.930340134,-6.03349193899993,0],[105.930357445,-6.03350320399994,0],[105.930364451,-6.03350776299993,0],[105.930380685,-6.03352692199996,0],[105.930381256,-6.03352849899994,0],[105.930388834,-6.03354941599997,0],[105.930396808,-6.03356523199994,0],[105.930404606,-6.03357436999994,0],[105.930412894,-6.03357886899994,0],[105.930421672,-6.03357872799995,0],[105.930425111,-6.03358202699997,0],[105.930423214,-6.03358876599998,0],[105.930426828,-6.03359438999996,0],[105.930435952,-6.03359889799998,0],[105.930444956,-6.03359923099993,0],[105.930453839,-6.03359539199994,0],[105.930462779,-6.03359507999994,0],[105.930465895,-6.03359619399993,0],[105.930471777,-6.03359829599998,0],[105.930480775,-6.03360602399994,0],[105.930481662,-6.03360723099996,0],[105.930489772,-6.03361826399993,0],[105.930500118,-6.03362509899995,0],[105.930511812,-6.03362653099992,0],[105.930564089,-6.03363859099994,0],[105.930587619,-6.03366751599998,0],[105.930603771,-6.03367412299997,0],[105.93061583,-6.03367646099997,0],[105.930627077,-6.03367554699997,0],[105.930637511,-6.03367138199997,0],[105.930645685,-6.03366534099996,0],[105.930651598,-6.03365742499994,0],[105.930667277,-6.03365394999997,0],[105.930692723,-6.03365491599993,0],[105.930708886,-6.03365047499994,0],[105.930715766,-6.03364062499998,0],[105.930725941,-6.03363606099992,0],[105.930739411,-6.03363678099993,0],[105.93076011,-6.03362859999993,0],[105.930767604,-6.03362401699997,0],[105.930770367,-6.03362232699993,0],[105.930788037,-6.03361151999997,0],[105.930802671,-6.03359846299998,0],[105.930803929,-6.03358998099998,0],[105.930804011,-6.03358943099994,0],[105.9308051,-6.03358903299994,0],[105.930809181,-6.03358754099997,0],[105.930818178,-6.03359279599994,0],[105.93082321,-6.03359235599993,0],[105.930824277,-6.03358622299993,0],[105.9308344,-6.03357882499995,0],[105.930853577,-6.03357016099994,0],[105.930861722,-6.03356309299994,0],[105.930858836,-6.03355761799997,0],[105.930861085,-6.03355359399995,0],[105.930868469,-6.03355101999995,0],[105.930878473,-6.03354302799994,0],[105.930891095,-6.03352961999997,0],[105.930901218,-6.03352381199994,0],[105.930908839,-6.03352560399998,0],[105.930915772,-6.03352154599997,0],[105.930922015,-6.03351163399998,0],[105.930934894,-6.03349655699998,0],[105.930937105,-6.03349426299997,0],[105.930954409,-6.03347631199995,0],[105.930963481,-6.03346151599993,0],[105.93096211,-6.03345216599996,0],[105.930963496,-6.03344393799995,0],[105.930967639,-6.03343682999997,0],[105.930973441,-6.03343181299994,0],[105.930980901,-6.03342888599997,0],[105.930988004,-6.03342190999996,0],[105.930994753,-6.03341088299993,0],[105.931010498,-6.03339352499995,0],[105.93103524,-6.03336983599996,0],[105.93104672,-6.03335692499996,0],[105.931044936,-6.03335478899993,0],[105.93105054,-6.03334809899997,0],[105.931061544,-6.03333857199993,0],[105.931063531,-6.03333685199993,0],[105.931079044,-6.03331925199996,0],[105.931093455,-6.03330011299994,0],[105.931097078,-6.03329530099995,0],[105.931121841,-6.03326620399997,0],[105.931153332,-6.03323196299993,0],[105.931169996,-6.03321132299993,0],[105.931171832,-6.03320428499995,0],[105.931180078,-6.03319326599996,0],[105.931194734,-6.03317826799997,0],[105.931206543,-6.03316400299997,0],[105.931215506,-6.03315047199993,0],[105.931226699,-6.03313804799996,0],[105.931240125,-6.03312673099992,0],[105.931250465,-6.03311512799996,0],[105.931257718,-6.03310323899996,0],[105.931273602,-6.03308650599996,0],[105.931298117,-6.03306492599995,0],[105.931317787,-6.03304347299996,0],[105.931332615,-6.03302214799993,0],[105.931345652,-6.03300488299993,0],[105.931356898,-6.03299167699993,0],[105.931367989,-6.03298066699995,0],[105.931378924,-6.03297185399992,0],[105.931393729,-6.03295604799996,0],[105.931412405,-6.03293324699996,0],[105.931422359,-6.03291847199995,0],[105.931423588,-6.03291172399997,0],[105.931432819,-6.03289935199996,0],[105.931450049,-6.03288135699995,0],[105.93146213,-6.03286561199997,0],[105.931469063,-6.03285211599996,0],[105.931477644,-6.03284121599995,0],[105.931487871,-6.03283291299994,0],[105.931501631,-6.03283178799995,0],[105.931518923,-6.03283784199994,0],[105.931547336,-6.03276099499993,0],[105.931569392,-6.03273512699997,0],[105.931587247,-6.03271564699997,0],[105.931597368,-6.03270254699993,0],[105.931599759,-6.03269582499996,0],[105.931605452,-6.03268933199996,0],[105.93161445,-6.03268306699994,0],[105.931622666,-6.03267405699995,0],[105.931630099,-6.03266229999997,0],[105.931636846,-6.03265444899995,0],[105.93164291,-6.03265050399995,0],[105.931648807,-6.03264263099993,0],[105.931654541,-6.03263083099995,0],[105.931665787,-6.03261640299996,0],[105.931682548,-6.03259934899995,0],[105.931690416,-6.03258533799993,0],[105.931689393,-6.03257437299993,0],[105.931697265,-6.03257226499994,0],[105.931714034,-6.03257901199993,0],[105.931718375,-6.03257823499996,0],[105.931726434,-6.03257679299998,0],[105.931734466,-6.03256560899996,0],[105.931738849,-6.03255498999994,0],[105.931739588,-6.03254493799994,0],[105.93174457,-6.03253987299996,0],[105.931753796,-6.03253979299996,0],[105.931759534,-6.03253309799993,0],[105.931761782,-6.03251978599997,0],[105.931766604,-6.03250958999996,0],[105.931773998,-6.03250250699995,0],[105.931777875,-6.03249221899995,0],[105.931778236,-6.03247872199995,0],[105.931776788,-6.03246677699997,0],[105.931773533,-6.03245638299995,0],[105.931779973,-6.03245281599993,0],[105.93179611,-6.03245607499997,0],[105.931808228,-6.03245589999995,0],[105.93181633,-6.03245228799994,0],[105.931821239,-6.03244737699993,0],[105.931822957,-6.03244116499997,0],[105.931829924,-6.03243869499994,0],[105.931842142,-6.03243996899994,0],[105.931853907,-6.03243276499995,0],[105.93186522,-6.03241707999996,0],[105.931878775,-6.03240470499998,0],[105.931894574,-6.03239563699998,0],[105.93190671,-6.03239220099994,0],[105.931915185,-6.03239439799995,0],[105.931914757,-6.03238272499993,0],[105.931905425,-6.03235718199994,0],[105.931909912,-6.03234275799997,0],[105.931914658,-6.03232750199993,0],[105.931942454,-6.03229368299998,0],[105.931958302,-6.03227691299998,0],[105.931962204,-6.03227719399996,0],[105.931969824,-6.03227063099996,0],[105.931981163,-6.03225722299993,0],[105.931989842,-6.03225077299993,0],[105.931995861,-6.03225128299994,0],[105.932015953,-6.03223691699998,0],[105.93205012,-6.03220767599993,0],[105.932071238,-6.03219105999995,0],[105.932079308,-6.03218707099995,0],[105.932085733,-6.03218032299998,0],[105.932090514,-6.03217081499997,0],[105.932101504,-6.03215821099997,0],[105.932118703,-6.03214250999997,0],[105.932125767,-6.03213197499997,0],[105.932122696,-6.03212660599996,0],[105.932127417,-6.03212230899993,0],[105.932139929,-6.03211908499998,0],[105.932152744,-6.03211050099998,0],[105.932165862,-6.03209655599994,0],[105.932175304,-6.03208396099996,0],[105.932181068,-6.03207271399998,0],[105.932189391,-6.03206146699995,0],[105.932200273,-6.03205022099996,0],[105.932212405,-6.03204052399997,0],[105.932225787,-6.03203237999998,0],[105.93223655,-6.03202320599996,0],[105.932244695,-6.03201300499995,0],[105.932257766,-6.03200301499993,0],[105.932275761,-6.03199323499996,0],[105.932286902,-6.03198451899993,0],[105.93229119,-6.03197686599998,0],[105.932300354,-6.03196972699993,0],[105.932314395,-6.03196310099997,0],[105.932338119,-6.03194201799994,0],[105.932371525,-6.03190647699995,0],[105.932396101,-6.03188605299994,0],[105.932411847,-6.03188074499997,0],[105.93242182,-6.03187375599992,0],[105.932426019,-6.03186508399995,0],[105.932436115,-6.03185387599996,0],[105.932452106,-6.03184013399994,0],[105.932465919,-6.03183323599995,0],[105.932477552,-6.03183318399994,0],[105.932485926,-6.03182913299997,0],[105.93249104,-6.03182108399994,0],[105.932515069,-6.03180029099997,0],[105.932558013,-6.03176675299994,0],[105.932588531,-6.03174103899994,0],[105.932606623,-6.03172314999995,0],[105.932620666,-6.03171171399993,0],[105.93263066,-6.03170673199998,0],[105.932653758,-6.03168708999993,0],[105.932689958,-6.03165278699993,0],[105.932712929,-6.03163328099993,0],[105.932722668,-6.03162857199993,0],[105.932734682,-6.03161921399993,0],[105.932748969,-6.03160520799997,0],[105.93276422,-6.03159396099994,0],[105.932780435,-6.03158547299995,0],[105.932791935,-6.03157483699994,0],[105.932798718,-6.03156205299996,0],[105.932806982,-6.03155530499993,0],[105.932816726,-6.03155459399994,0],[105.932828709,-6.03154372899996,0],[105.93284293,-6.03152271199997,0],[105.932853803,-6.03151181999993,0],[105.932861329,-6.03151105599994,0],[105.932865904,-6.03150663199995,0],[105.93286753,-6.03149854799995,0],[105.932870904,-6.03149451999997,0],[105.932876027,-6.03149454599998,0],[105.932879566,-6.03148908499998,0],[105.93288152,-6.03147813699997,0],[105.93289034,-6.03146943899998,0],[105.932906024,-6.03146298899998,0],[105.932914224,-6.03145733499997,0],[105.93291494,-6.03145247599997,0],[105.932920742,-6.03144602199995,0],[105.932931628,-6.03143797399997,0],[105.93293851,-6.03142946799994,0],[105.932941388,-6.03142050599996,0],[105.932949447,-6.03141233899993,0],[105.932962688,-6.03140496699996,0],[105.932969445,-6.03139935299993,0],[105.932969718,-6.03139549499997,0],[105.932982898,-6.03138312299996,0],[105.933008985,-6.03136223799993,0],[105.933027782,-6.03134635199996,0],[105.933039288,-6.03133546599997,0],[105.933045807,-6.03132611199993,0],[105.93304734,-6.03131829199998,0],[105.933053441,-6.03131183799997,0],[105.933064107,-6.03130675099993,0],[105.933084709,-6.03129071999996,0],[105.933115247,-6.03126374499993,0],[105.933146806,-6.03124023299995,0],[105.933179386,-6.03122018199997,0],[105.933212846,-6.03119720499996,0],[105.933247184,-6.03117130199996,0],[105.933273016,-6.03114935299993,0],[105.933290343,-6.03113135799993,0],[105.933309575,-6.03111690899993,0],[105.933330711,-6.03110600399998,0],[105.933343697,-6.03110235899993,0],[105.933348534,-6.03110596899995,0],[105.933353949,-6.03110017499995,0],[105.933359942,-6.03108497399995,0],[105.933367062,-6.03107399999993,0],[105.933375314,-6.03106725199996,0],[105.933383551,-6.03105487999994,0],[105.933391775,-6.03103688499993,0],[105.933399239,-6.03102788799993,0],[105.933405944,-6.03102788799993,0],[105.933413829,-6.03102172399997,0],[105.933422897,-6.03100939599994,0],[105.933433667,-6.03100152399998,0],[105.933446139,-6.03099810599997,0],[105.93345166,-6.03099291799998,0],[105.933450228,-6.03098595899996,0],[105.933452989,-6.03098290999998,0],[105.933459943,-6.03098376999998,0],[105.933464518,-6.03098047599997,0],[105.933466716,-6.03097302499998,0],[105.933481279,-6.03096476999997,0],[105.93350821,-6.03095571099993,0],[105.933516896,-6.03094561499995,0],[105.93359139,-6.03088480799994,0],[105.933605875,-6.03086104899995,0],[105.933618431,-6.03084379199993,0],[105.933629058,-6.03083303799997,0],[105.93363621,-6.03082373199993,0],[105.933639888,-6.03081587799994,0],[105.933645577,-6.03080976599995,0],[105.933653278,-6.03080539899997,0],[105.933658379,-6.03079977599998,0],[105.933660879,-6.03079289599998,0],[105.93366981,-6.03078450499993,0],[105.933685173,-6.03077460299994,0],[105.933696569,-6.03076447999996,0],[105.933703998,-6.03075413899995,0],[105.933705538,-6.03074109499994,0],[105.933701189,-6.03072534899997,0],[105.933694259,-6.03071072899996,0],[105.933684747,-6.03069723299996,0],[105.933671093,-6.03068148699998,0],[105.933653295,-6.03066349199997,0],[105.933638255,-6.03065137999994,0],[105.933625971,-6.03064514999994,0],[105.933618762,-6.03063727799997,0],[105.933616627,-6.03062776199994,0],[105.93361035,-6.03061829799998,0],[105.933599928,-6.03060888899995,0],[105.933593385,-6.03060076899993,0],[105.933590718,-6.03059394299993,0],[105.93358601,-6.03059023899993,0],[105.933579263,-6.03058965899993,0],[105.933572771,-6.03058514699995,0],[105.933566537,-6.03057670399994,0],[105.933556648,-6.03056711699998,0],[105.933543104,-6.03055638899997,0],[105.933531599,-6.03054386799994,0],[105.933522137,-6.03052955399994,0],[105.933513532,-6.03052055699993,0],[105.933505787,-6.03051687499993,0],[105.933501289,-6.03051150199997,0],[105.933500036,-6.03050443799998,0],[105.933495775,-6.03050020299997,0],[105.933488504,-6.03049879699995,0],[105.933479959,-6.03049062999997,0],[105.93347014,-6.03047570199993,0],[105.933463177,-6.03045519399996,0],[105.933459069,-6.03042910699997,0],[105.933460268,-6.03040653899996,0],[105.933466775,-6.03038748899996,0],[105.933468741,-6.03037511799994,0],[105.933466166,-6.03036942399996,0],[105.933469571,-6.03035870499997,0],[105.933478955,-6.03034295899994,0],[105.933483337,-6.03033171199996,0],[105.933482718,-6.03032496399993,0],[105.933486782,-6.03031833899996,0],[105.933495529,-6.03031183699994,0],[105.933507652,-6.03030665299997,0],[105.933523151,-6.03030278699993,0],[105.933538143,-6.03030104299995,0],[105.933552628,-6.03030142099993,0],[105.933565828,-6.03030405699997,0],[105.933577743,-6.03030894999995,0],[105.933589419,-6.03031711799997,0],[105.933600859,-6.03032855799995,0],[105.933610942,-6.03033560499995,0],[105.933619668,-6.03033825799997,0],[105.933631477,-6.03034934199997,0],[105.933646369,-6.03036885699993,0],[105.933663576,-6.03038739299996,0],[105.933683095,-6.03040494799995,0],[105.93369446,-6.03041382699996,0],[105.933697672,-6.03041402899993,0],[105.933711484,-6.03042473599993,0],[105.933735898,-6.03044594599993,0],[105.933753412,-6.03046708599993,0],[105.933764026,-6.03048815699998,0],[105.933773169,-6.03050119199997,0],[105.933780839,-6.03050619099997,0],[105.933789412,-6.03051702499994,0],[105.933798889,-6.03053369299994,0],[105.933809166,-6.03054427599994,0],[105.933820247,-6.03054877499994,0],[105.933827071,-6.03055474599995,0],[105.933829642,-6.03056218699993,0],[105.933835773,-6.03056608399993,0],[105.933845464,-6.03056643599996,0],[105.933857075,-6.03056946299995,0],[105.933870606,-6.03057516599995,0],[105.933884543,-6.03057576799995,0],[105.933898882,-6.03057126799996,0],[105.93391461,-6.03056408999993,0],[105.933931726,-6.03055423199993,0],[105.933959502,-6.03053286299996,0],[105.933997939,-6.03049998299997,0],[105.934023407,-6.03047976999994,0],[105.934035906,-6.03047222299995,0],[105.934047054,-6.03046340499998,0],[105.934056851,-6.03045331799996,0],[105.934069361,-6.03044472099998,0],[105.934084583,-6.03043761199996,0],[105.934099204,-6.03042628199995,0],[105.934113223,-6.03041072999997,0],[105.934122482,-6.03040431499994,0],[105.934126981,-6.03040703899995,0],[105.934132244,-6.03040469299998,0],[105.934138271,-6.03039727699996,0],[105.934138844,-6.03039019499994,0],[105.934133964,-6.03038344799995,0],[105.934131431,-6.03037284699997,0],[105.934131246,-6.03035839299997,0],[105.934123508,-6.03034264699994,0],[105.934108215,-6.03032560999998,0],[105.934102864,-6.03031596599993,0],[105.934107454,-6.03031371699996,0],[105.934105926,-6.03030329299997,0],[105.934098277,-6.03028469099996,0],[105.93408772,-6.03026300599993,0],[105.934074254,-6.03023823599995,0],[105.934066428,-6.03021942099997,0],[105.934064241,-6.03020655699993,0],[105.934060756,-6.03019787599993,0],[105.934055976,-6.03019337699993,0],[105.934056394,-6.03017952099998,0],[105.934062009,-6.03015630699997,0],[105.934069673,-6.03013953699997,0],[105.934079386,-6.03012921299995,0],[105.934084856,-6.03012006599994,0],[105.934086082,-6.03011209699997,0],[105.934092028,-6.03010331999997,0],[105.934102695,-6.03009373299994,0],[105.934114029,-6.03007919999993,0],[105.934126032,-6.03005971999994,0],[105.934147078,-6.03004258699997,0],[105.934177167,-6.03002779899998,0],[105.934196711,-6.03002130099998,0],[105.934205708,-6.03002309299995,0],[105.934219364,-6.03001982099994,0],[105.93423768,-6.03001148199996,0],[105.934245966,-6.03000306899997,0],[105.934244222,-6.02999458099993,0],[105.934246491,-6.02998785499994,0],[105.934252773,-6.02998288999993,0],[105.934264239,-6.02997861099993,0],[105.93428089,-6.02997501799996,0],[105.93429279,-6.02997004899993,0],[105.934299937,-6.02996370499994,0],[105.93430604,-6.02996194799994,0],[105.934311096,-6.02996477699998,0],[105.934317767,-6.02996357299997,0],[105.934326053,-6.02995833599994,0],[105.934338438,-6.02995761099993,0],[105.934354921,-6.02996139799995,0],[105.934371427,-6.02996137599996,0],[105.934387954,-6.02995754599993,0],[105.934402575,-6.02995668899996,0],[105.934415289,-6.02995880699996,0],[105.934425064,-6.02996365199994,0],[105.9344319,-6.02997122699998,0],[105.934448217,-6.02998405499994,0],[105.934474014,-6.03000213799993,0],[105.934486342,-6.03001348099997,0],[105.934485199,-6.03001808499994,0],[105.934492165,-6.03002820699993,0],[105.934507238,-6.03004384799993,0],[105.934514647,-6.03004875899995,0],[105.934514392,-6.03004294299996,0],[105.934521727,-6.03003956799995,0],[105.934536651,-6.03003863699996,0],[105.934553941,-6.03003254799995,0],[105.934573597,-6.03002130099998,0],[105.93458776,-6.03000443099995,0],[105.934596433,-6.02998193699995,0],[105.934607829,-6.02996158799994,0],[105.934621949,-6.02994338199994,0],[105.934631153,-6.02992821599997,0],[105.934635441,-6.02991609099996,0],[105.934657271,-6.02989650999996,0],[105.934696643,-6.02986947399995,0],[105.934726248,-6.02984451199995,0],[105.934746083,-6.02982162199993,0],[105.934768363,-6.02980306999996,0],[105.934793089,-6.02978885299996,0],[105.93480979,-6.02977743899993,0],[105.934818466,-6.02976882799993,0],[105.934823826,-6.02975983099998,0],[105.934825869,-6.02975044699997,0],[105.934833177,-6.02974350599993,0],[105.934845751,-6.02973900699993,0],[105.934858033,-6.02973250499997,0],[105.934870021,-6.02972399899994,0],[105.934877442,-6.02971612699997,0],[105.934880293,-6.02970888699997,0],[105.934886833,-6.02970301699997,0],[105.93489706,-6.02969851899996,0],[105.93490014,-6.02969513599993,0],[105.934896072,-6.02969286899997,0],[105.934899507,-6.02968709599998,0],[105.934910446,-6.02967781799993,0],[105.934924081,-6.02967122299998,0],[105.934940411,-6.02966731299995,0],[105.93495008,-6.02966183899997,0],[105.934953089,-6.02965480099994,0],[105.934959692,-6.02964753399993,0],[105.934969889,-6.02964003999995,0],[105.934977156,-6.02963674499995,0],[105.934981492,-6.02963764899994,0],[105.934996969,-6.02962763299996,0],[105.935023588,-6.02960669399994,0],[105.93504054,-6.02959055399998,0],[105.935047824,-6.02957920999995,0],[105.935059339,-6.02956980399995,0],[105.935075084,-6.02956233599997,0],[105.935095601,-6.02954775799998,0],[105.93521121,-6.02950703799996,0],[105.935242661,-6.02951684299995,0],[105.935248696,-6.02951235999996,0],[105.935256157,-6.02950681799996,0],[105.935261839,-6.02950116799997,0],[105.935264746,-6.02949827699996,0],[105.935268427,-6.02949122199993,0],[105.935274594,-6.02948526899996,0],[105.935283244,-6.02948041799993,0],[105.935295325,-6.02947113199997,0],[105.935310839,-6.02945740699994,0],[105.935318948,-6.02944864699998,0],[105.935319655,-6.02944485099994,0],[105.935330476,-6.02943224299997,0],[105.93535141,-6.02941081999995,0],[105.935366624,-6.02939879599995,0],[105.935376118,-6.02939616899994,0],[105.935387813,-6.02938810699993,0],[105.935401709,-6.02937461099998,0],[105.935413832,-6.02936499899994,0],[105.935424183,-6.02935926999993,0],[105.935442004,-6.02934042299995,0],[105.935467296,-6.02930845799995,0],[105.935484166,-6.02929130199993,0],[105.935492614,-6.02928895499997,0],[105.935501559,-6.02928080999993,0],[105.935511,-6.02926686599994,0],[105.935518873,-6.02925821099996,0],[105.935525177,-6.02925484599996,0],[105.935537988,-6.02924313799997,0],[105.935557306,-6.02922308699993,0],[105.935573459,-6.02921127399998,0],[105.93558645,-6.02920769699995,0],[105.935592785,-6.02920166199993,0],[105.935592465,-6.02919316399993,0],[105.93559543,-6.02918806899993,0],[105.935601682,-6.02918637299996,0],[105.935614838,-6.02917375099997,0],[105.935634897,-6.02915020299997,0],[105.935648758,-6.02913766899997,0],[105.935656419,-6.02913614899995,0],[105.935662337,-6.02913185199998,0],[105.935666511,-6.02912477899997,0],[105.935677393,-6.02911693299995,0],[105.935694984,-6.02910831299994,0],[105.935708953,-6.02909866499994,0],[105.935719299,-6.02908798999994,0],[105.935731505,-6.02907843399993,0],[105.935739839,-6.02907343699997,0],[105.935745572,-6.02906999899994,0],[105.935759673,-6.02905597999995,0],[105.935761955,-6.02905281499994,0],[105.935773806,-6.02903637799994,0],[105.93578462,-6.02902529799997,0],[105.935792115,-6.02902273999996,0],[105.935797272,-6.02901777699998,0],[105.935800093,-6.02901040499995,0],[105.935807458,-6.02900254899993,0],[105.935819368,-6.02899421099994,0],[105.935829802,-6.02898316599993,0],[105.935838761,-6.02896941499995,0],[105.935859086,-6.02895130199994,0],[105.935890779,-6.02892882599997,0],[105.93590871,-6.02891199999993,0],[105.935912879,-6.02890082299996,0],[105.935917071,-6.02889509499994,0],[105.935921284,-6.02889481299997,0],[105.935926881,-6.02888925499997,0],[105.935933862,-6.02887842199993,0],[105.935939692,-6.02887233299998,0],[105.935944371,-6.02887098899993,0],[105.935953587,-6.02886199099993,0],[105.935967343,-6.02884534099996,0],[105.935977465,-6.02883603599997,0],[105.935983954,-6.02883407599995,0],[105.935994911,-6.02882491599996,0],[105.936010335,-6.02880855499996,0],[105.936023987,-6.02879731799993,0],[105.936035867,-6.02879120199998,0],[105.936043806,-6.02878339499995,0],[105.936047804,-6.02877389699995,0],[105.936053271,-6.02876807099994,0],[105.936060208,-6.02876591899997,0],[105.936064801,-6.02875902999995,0],[105.93606705,-6.02874740599998,0],[105.936075283,-6.02873958099997,0],[105.9360895,-6.02873555699995,0],[105.936099064,-6.02873017099995,0],[105.936103976,-6.02872342299997,0],[105.936111807,-6.02871779899993,0],[105.936122557,-6.02871330099993,0],[105.936133874,-6.02870317799994,0],[105.936145758,-6.02868743299996,0],[105.936157811,-6.02867536899993,0],[105.936170033,-6.02866698699995,0],[105.936196819,-6.02864379899995,0],[105.936238168,-6.02860580599997,0],[105.936268534,-6.02857701199997,0],[105.936287918,-6.02855741799993,0],[105.936300544,-6.02854305299996,0],[105.936306414,-6.02853391399998,0],[105.936315411,-6.02852608599994,0],[105.936327536,-6.02851956599994,0],[105.936335609,-6.02851799299998,0],[105.93633648,-6.02851872399998,0],[105.936339629,-6.02852136699994,0],[105.936347043,-6.02852056799998,0],[105.93635785,-6.02851559399994,0],[105.936367355,-6.02850325299994,0],[105.936375557,-6.02848354499997,0],[105.936376758,-6.02848182999998,0],[105.936383888,-6.02847165299994,0],[105.936392286,-6.02846760699993,0],[105.93639235,-6.02846757599997,0],[105.936392576,-6.02846734099995,0],[105.936396941,-6.02846280999995,0],[105.936397662,-6.02845735199998,0],[105.936403479,-6.02844900099996,0],[105.936414391,-6.02843775399998,0],[105.936422926,-6.02841874099994,0],[105.93642908,-6.02839195899998,0],[105.936431209,-6.02837508899995,0],[105.936429311,-6.02836812899994,0],[105.936424327,-6.02836352599996,0],[105.936416257,-6.02836127699993,0],[105.936412809,-6.02835430399995,0],[105.936413987,-6.02834260999992,0],[105.936411924,-6.02833433199993,0],[105.936406622,-6.02832947299993,0],[105.936407541,-6.02832753399997,0],[105.936407914,-6.02832674599995,0],[105.936409996,-6.02832235599993,0],[105.936422047,-6.02831298099994,0],[105.936424187,-6.02831190999996,0],[105.936432571,-6.02830771299995,0],[105.936441568,-6.02830655299994,0],[105.936447646,-6.02830264799996,0],[105.936450805,-6.02829599599994,0],[105.936463366,-6.02828723599993,0],[105.936485327,-6.02827636699993,0],[105.936498687,-6.02826624499994,0],[105.936503445,-6.02825686999995,0],[105.936514503,-6.02824609799995,0],[105.93653186,-6.02823392899995,0],[105.936547287,-6.02821990899997,0],[105.936560784,-6.02820404099998,0],[105.936568549,-6.02819314599998,0],[105.936570583,-6.02818722399996,0],[105.936577452,-6.02817762399997,0],[105.936589155,-6.02816434799996,0],[105.936592643,-6.02815832699997,0],[105.93659691,-6.02815096199993,0],[105.936600714,-6.02813746499993,0],[105.936607341,-6.02812967599993,0],[105.936616791,-6.02812759399995,0],[105.936626441,-6.02812084499993,0],[105.936636291,-6.02810943199995,0],[105.936640526,-6.02809922699993,0],[105.936639146,-6.02809022899993,0],[105.936646593,-6.02808330899995,0],[105.936662866,-6.02807846799993,0],[105.936670912,-6.02807163199998,0],[105.936670732,-6.02806280199997,0],[105.936675231,-6.02805825899998,0],[105.936684408,-6.02805800399994,0],[105.936694319,-6.02805104499993,0],[105.936704965,-6.02803738199998,0],[105.936717867,-6.02803025699995,0],[105.936733028,-6.02802966799993,0],[105.936745701,-6.02802088499993,0],[105.936755885,-6.02800390999994,0],[105.936767962,-6.02799236799996,0],[105.936781933,-6.02798626199996,0],[105.936788501,-6.02798054199997,0],[105.936787666,-6.02797520799993,0],[105.936793052,-6.02796863999993,0],[105.936804659,-6.02796083799996,0],[105.936816562,-6.02794752199998,0],[105.936828763,-6.02792869299998,0],[105.936841134,-6.02791950599993,0],[105.936853677,-6.02791996299993,0],[105.936865688,-6.02790321199996,0],[105.936905141,-6.02786953799995,0],[105.936975761,-6.02780926299994,0],[105.936978039,-6.02780731899998,0],[105.936991535,-6.02780271999995,0],[105.936993785,-6.02779749199993,0],[105.93699979,-6.02779522899993,0],[105.937009552,-6.02779593299994,0],[105.937018549,-6.02779949499995,0],[105.937026782,-6.02780591899995,0],[105.937041021,-6.02780825899993,0],[105.937061265,-6.02780651999996,0],[105.937082211,-6.02779539099993,0],[105.937103856,-6.02777487499998,0],[105.937118477,-6.02776596599995,0],[105.937126073,-6.02776866299996,0],[105.937135495,-6.02776648799994,0],[105.937146742,-6.02775944199993,0],[105.937154526,-6.02774493499993,0],[105.937158849,-6.02772296799998,0],[105.937162702,-6.02770982399994,0],[105.937166085,-6.02770550099996,0],[105.937174522,-6.02770398599995,0],[105.937188013,-6.02770527699994,0],[105.937195238,-6.02770060699993,0],[105.937196197,-6.02768997499993,0],[105.937201776,-6.02768327499996,0],[105.937211977,-6.02768050799995,0],[105.937217567,-6.02767597799993,0],[105.937218547,-6.02766968699996,0],[105.93722613,-6.02766013699994,0],[105.937240315,-6.02764732499998,0],[105.937256143,-6.02763640399996,0],[105.93727361,-6.02762737099994,0],[105.93728512,-6.02761863699993,0],[105.937290673,-6.02761020199995,0],[105.937296418,-6.02760599799996,0],[105.937302353,-6.02760602399997,0],[105.937306445,-6.02760182799994,0],[105.937308695,-6.02759341099994,0],[105.937313194,-6.02758756299994,0],[105.937319942,-6.02758428699997,0],[105.937325538,-6.02757798199997,0],[105.937329985,-6.02756864999998,0],[105.937335193,-6.02756508299996,0],[105.937341163,-6.02756727999997,0],[105.937350767,-6.02755992599998,0],[105.937364004,-6.02754301999994,0],[105.937375767,-6.02753299899996,0],[105.937386056,-6.02752986199994,0],[105.937397847,-6.02752413399998,0],[105.937411142,-6.02751581299998,0],[105.937423412,-6.02751390599997,0],[105.937434659,-6.02751841399993,0],[105.937448155,-6.02752962999995,0],[105.93745419,-6.02753649999994,0],[105.9374639,-6.02754755499996,0],[105.937473089,-6.02755517599996,0],[105.937475721,-6.02755249599994,0],[105.937471318,-6.02754533999996,0],[105.937459883,-6.02753370599993,0],[105.937458872,-6.02753230799993,0],[105.937450793,-6.02752114199996,0],[105.937444049,-6.02750764499996,0],[105.937441088,-6.02749527399993,0],[105.93744191,-6.02748402799995,0],[105.93745237,-6.02747209099994,0],[105.937472469,-6.02745946499994,0],[105.937485514,-6.02744703599996,0],[105.937491501,-6.02743480499993,0],[105.937501186,-6.02742309299992,0],[105.937514568,-6.02741189799997,0],[105.937524044,-6.02739958399997,0],[105.937529615,-6.02738614999993,0],[105.937540645,-6.02737246899994,0],[105.937557133,-6.02735854199994,0],[105.937567843,-6.02735139399994,0],[105.937572777,-6.02735102599996,0],[105.937579551,-6.02734449299993,0],[105.937588166,-6.02733179599994,0],[105.937598288,-6.02732464799993,0],[105.937609918,-6.02732304899996,0],[105.937616496,-6.02731854999996,0],[105.937618025,-6.02731115199992,0],[105.937625028,-6.02730320899997,0],[105.937637505,-6.02729472199997,0],[105.937645738,-6.02728705999994,0],[105.937649727,-6.02728022399998,0],[105.937657345,-6.02727476699994,0],[105.937668592,-6.02727068999997,0],[105.937681403,-6.02725810699997,0],[105.937695778,-6.02723701999997,0],[105.93770876,-6.02722422699998,0],[105.937720349,-6.02721972799998,0],[105.937727593,-6.02721391599994,0],[105.937730493,-6.02720678999998,0],[105.937742292,-6.02719441799997,0],[105.937762988,-6.02717680199993,0],[105.937776673,-6.02716108199996,0],[105.937783346,-6.02714726099993,0],[105.937789662,-6.02714163799993,0],[105.937795619,-6.02714421199994,0],[105.937800117,-6.02714011299997,0],[105.937803157,-6.02712934099998,0],[105.93781156,-6.02712259299994,0],[105.937825324,-6.02711986899993,0],[105.937832751,-6.02711580999994,0],[105.937833841,-6.02711041399994,0],[105.937839672,-6.02710738299993,0],[105.937850247,-6.02710671499995,0],[105.937858566,-6.02710089399994,0],[105.937864628,-6.02708991999998,0],[105.937877782,-6.02707565499998,0],[105.937898026,-6.02705809999998,0],[105.937912647,-6.02704907999993,0],[105.937921644,-6.02704859699998,0],[105.937926222,-6.02704339999997,0],[105.937926381,-6.02703348799997,0],[105.937930736,-6.02702388899996,0],[105.93793929,-6.02701460099996,0],[105.937945959,-6.02701099899997,0],[105.937950743,-6.02701308199994,0],[105.937956527,-6.02700758499998,0],[105.93796331,-6.02699451199993,0],[105.937979055,-6.02698163499997,0],[105.938003764,-6.02696895599996,0],[105.938021903,-6.02695547699994,0],[105.938033475,-6.02694119899996,0],[105.938041348,-6.02693373899996,0],[105.938045521,-6.02693309799997,0],[105.938048852,-6.02692735499994,0],[105.938051339,-6.02691651299995,0],[105.938058086,-6.02690643099993,0],[105.938069096,-6.02689710799996,0],[105.938080356,-6.02688948499997,0],[105.938091866,-6.02688356399995,0],[105.93809749,-6.02687842799997,0],[105.938097226,-6.02687407899998,0],[105.938106191,-6.02686841999997,0],[105.938124383,-6.02686145199993,0],[105.938134103,-6.02685522199994,0],[105.93813535,-6.02684973099997,0],[105.938140875,-6.02684579499993,0],[105.938150677,-6.02684341299994,0],[105.938157827,-6.02683887499995,0],[105.938162326,-6.02683217999993,0],[105.938168225,-6.02682842299993,0],[105.938175527,-6.02682760699997,0],[105.9381834,-6.02682218099994,0],[105.938191844,-6.02681214699993,0],[105.938198094,-6.02680984399996,0],[105.938202148,-6.02681527499993,0],[105.938214616,-6.02681898599997,0],[105.938221788,-6.02681967099994,0],[105.938235497,-6.02682098099996,0],[105.938245492,-6.02681400899996,0],[105.938244645,-6.02679885899994,0],[105.938244601,-6.02679806999993,0],[105.938245987,-6.02678335299993,0],[105.938249651,-6.02676985699998,0],[105.938250993,-6.02675874199997,0],[105.938250013,-6.02675000799996,0],[105.938256021,-6.02674400199993,0],[105.938269017,-6.02674072499997,0],[105.938274365,-6.02673496999995,0],[105.938272067,-6.02672673699993,0],[105.938273725,-6.02672374499997,0],[105.93827934,-6.02672599399995,0],[105.938282978,-6.02672374499997,0],[105.938284638,-6.02671699699994,0],[105.938290111,-6.02671157599997,0],[105.938299393,-6.02670748099996,0],[105.938310376,-6.02669735899997,0],[105.93832306,-6.02668120899995,0],[105.93833027,-6.02666976099994,0],[105.938332005,-6.02666301199997,0],[105.938336024,-6.02665987499995,0],[105.938342329,-6.02666034999993,0],[105.938350865,-6.02665380899998,0],[105.938361633,-6.02664024999996,0],[105.938369266,-6.02663595899998,0],[105.938373765,-6.02664093099997,0],[105.938375953,-6.02663847599996,0],[105.93837583,-6.02662859099996,0],[105.938391942,-6.02661240199996,0],[105.93842429,-6.02658990899994,0],[105.938440097,-6.02657529199996,0],[105.938439363,-6.02656855299995,0],[105.938454883,-6.02655154199994,0],[105.938486654,-6.02652425999997,0],[105.938506949,-6.02650968699993,0],[105.938515766,-6.02650782399996,0],[105.938522497,-6.02650234099997,0],[105.938527141,-6.02649323799994,0],[105.938537445,-6.02648306399993,0],[105.938553411,-6.02647181699996,0],[105.938561865,-6.02646394499993,0],[105.93856281,-6.02645944599993,0],[105.938575904,-6.02644465399993,0],[105.938601148,-6.02641956799994,0],[105.938619166,-6.02640269699998,0],[105.938629961,-6.02639404299993,0],[105.938641748,-6.02638783999993,0],[105.938654528,-6.02638408799993,0],[105.938660173,-6.02637996199996,0],[105.938658684,-6.02637546399995,0],[105.938663937,-6.02636964299995,0],[105.93867593,-6.02636249899996,0],[105.938684286,-6.02635987599996,0],[105.938689005,-6.02636177499994,0],[105.938692978,-6.02635882199996,0],[105.938696207,-6.02635101899995,0],[105.938702845,-6.02634466299997,0],[105.938712893,-6.02633975099997,0],[105.938717519,-6.02633465399992,0],[105.938716724,-6.02632937399994,0],[105.938727971,-6.02631344399992,0],[105.938751259,-6.02628686399993,0],[105.938769531,-6.02626999399996,0],[105.938782785,-6.02626283299998,0],[105.938789533,-6.02625527699996,0],[105.938789775,-6.02624732499993,0],[105.938792815,-6.02624237399993,0],[105.938798654,-6.02624042399998,0],[105.938808029,-6.02623202799998,0],[105.938820941,-6.02621718699993,0],[105.93883266,-6.02620862499998,0],[105.938843186,-6.02620633999993,0],[105.938851652,-6.02619831299995,0],[105.938858058,-6.02618454599997,0],[105.938864788,-6.02617401499998,0],[105.938871844,-6.02616672199997,0],[105.938876496,-6.02616534299995,0],[105.938878746,-6.02616987599993,0],[105.938884439,-6.02617023199997,0],[105.938893577,-6.02616640999997,0],[105.938903497,-6.02615424499993,0],[105.938914199,-6.02613373799994,0],[105.938925544,-6.02612160699994,0],[105.938937534,-6.02611785599993,0],[105.93894336,-6.02611144499997,0],[105.938943022,-6.02610237799996,0],[105.938952568,-6.02608943099995,0],[105.938971999,-6.02607260499997,0],[105.938999284,-6.02606430199995,0],[105.939016001,-6.02606440599993,0],[105.939034421,-6.02606452099997,0],[105.939056523,-6.02606796999993,0],[105.939065592,-6.02607464699997,0],[105.939076546,-6.02608552499993,0],[105.939089387,-6.02610060299997,0],[105.939099182,-6.02611021499996,0],[105.939105931,-6.02611436299998,0],[105.939109526,-6.02611299599994,0],[105.93910997,-6.02610611699993,0],[105.93911783,-6.02609795799998,0],[105.939133105,-6.02608852199995,0],[105.939131974,-6.02607459099994,0],[105.939114436,-6.02605616499994,0],[105.939104326,-6.02604208899993,0],[105.939101647,-6.02603236299996,0],[105.939097093,-6.02602454599997,0],[105.939090666,-6.02601864199994,0],[105.939086761,-6.02601134899993,0],[105.939085376,-6.02600266799993,0],[105.939086341,-6.02599145599993,0],[105.939087803,-6.02598538999996,0],[105.939089653,-6.02597771499995,0],[105.939096933,-6.02596832999996,0],[105.939107661,-6.02596353699994,0],[105.93910818,-6.02596330499995,0],[105.939116052,-6.02595643699993,0],[105.939118608,-6.02595148899997,0],[105.939120551,-6.02594772999993,0],[105.939129884,-6.02593607899996,0],[105.939144053,-6.02592148499997,0],[105.939151925,-6.02591119999994,0],[105.939153503,-6.02590522599996,0],[105.939157666,-6.02590256299993,0],[105.939162633,-6.02590304099994,0],[105.939164414,-6.02590321299994,0],[105.939167434,-6.02589775799993,0],[105.939167476,-6.02589768199994,0],[105.939167624,-6.02589754899998,0],[105.939276882,-6.02579925599997,0],[105.939288129,-6.02578722599998,0],[105.939299926,-6.02577813299996,0],[105.939312276,-6.02577197299996,0],[105.93931925,-6.02576551899995,0],[105.939320849,-6.02575877099997,0],[105.939325922,-6.02575254999994,0],[105.939334466,-6.02574685699994,0],[105.939345364,-6.02573661199995,0],[105.939358614,-6.02572181499994,0],[105.939370353,-6.02571341499993,0],[105.939380581,-6.02571141199996,0],[105.939383697,-6.02570854299995,0],[105.939379704,-6.02570480799994,0],[105.939381461,-6.02569795099993,0],[105.939388969,-6.02568796999998,0],[105.939394972,-6.02568294699995,0],[105.939399471,-6.02568288599997,0],[105.939416342,-6.02566936799997,0],[105.939445584,-6.02564239299994,0],[105.939467772,-6.02562116499996,0],[105.939482906,-6.02560568299998,0],[105.939497527,-6.02559220899997,0],[105.939511634,-6.02558074299998,0],[105.939529934,-6.02556777399997,0],[105.939552427,-6.02555330199993,0],[105.939566183,-6.02554804799996,0],[105.9395712,-6.02555200999996,0],[105.939573449,-6.02554698499995,0],[105.939573383,-6.02554518899996,0],[105.939592155,-6.02553914799995,0],[105.93959945,-6.02552470699993,0],[105.93959945,-6.02549891799993,0],[105.9395984,-6.02547844899993,0],[105.93959827,-6.02547590399996,0],[105.939600332,-6.02547214999993,0],[105.939601211,-6.02545404099993,0],[105.939599172,-6.02543347099993,0],[105.939594217,-6.02541044199995,0],[105.93958778,-6.02539726199996,0],[105.939579864,-6.02539393199993,0],[105.939576006,-6.02538048899993,0],[105.939576208,-6.02535693099998,0],[105.939578774,-6.02534714399997,0],[105.939583704,-6.02535112399994,0],[105.939587292,-6.02534531199996,0],[105.939589542,-6.02532970699997,0],[105.939589478,-6.02532837799993,0],[105.939599652,-6.02525390399995,0],[105.939601127,-6.02525301799994,0],[105.939602603,-6.02524266699993,0],[105.939600792,-6.02522625599994,0],[105.939604338,-6.02516108799995,0],[105.939604593,-6.02516011299997,0],[105.939604576,-6.02511309699997,0],[105.939606715,-6.02508833499996,0],[105.939611012,-6.02508583199995,0],[105.939612093,-6.02507902599996,0],[105.939609958,-6.02506792099996,0],[105.939608868,-6.02505121199994,0],[105.939608824,-6.02502890399995,0],[105.939613266,-6.02501768299993,0],[105.939622192,-6.02501755199995,0],[105.939622294,-6.02501414199997,0],[105.939613569,-6.02500745599997,0],[105.93960957,-6.02499398999993,0],[105.9396103,-6.02497374599994,0],[105.939612549,-6.02495026399993,0],[105.939616319,-6.02492354399993,0],[105.93961663,-6.02490779899995,0],[105.939613485,-6.02490302699994,0],[105.939612743,-6.02489225099993,0],[105.939614404,-6.02487546799995,0],[105.939618384,-6.02486505199994,0],[105.939624683,-6.02486100199997,0],[105.939624271,-6.02485364699993,0],[105.939617145,-6.02484298899998,0],[105.939614874,-6.02482614099995,0],[105.939617457,-6.02480310299995,0],[105.939618068,-6.02477948399996,0],[105.939616705,-6.02475528599996,0],[105.939617791,-6.02474070399995,0],[105.939621323,-6.02473573999993,0],[105.939620137,-6.02472833799993,0],[105.939614232,-6.02471849699998,0],[105.93961559,-6.02471357199994,0],[105.939624209,-6.02471356399997,0],[105.93962587,-6.02470859399995,0],[105.939620572,-6.02469866499996,0],[105.939621279,-6.02469149999996,0],[105.939627992,-6.02468709799996,0],[105.93962808,-6.02468147499997,0],[105.939621542,-6.02467462999994,0],[105.939619245,-6.02466441999997,0],[105.939621187,-6.02465084399995,0],[105.939620233,-6.02464072299995,0],[105.939616385,-6.02463405299994,0],[105.939616385,-6.02460021599995,0],[105.939620233,-6.02453921099993,0],[105.939626656,-6.02450655199993,0],[105.939635654,-6.02450223799997,0],[105.939631024,-6.02449436999996,0],[105.939612765,-6.02448294699997,0],[105.939606017,-6.02447212599998,0],[105.939610779,-6.02446190699993,0],[105.93961541,-6.02446064599997,0],[105.939619908,-6.02446834299997,0],[105.939622505,-6.02446311499995,0],[105.939623199,-6.02444496199996,0],[105.939626288,-6.02443144899996,0],[105.93963177,-6.02442257499996,0],[105.93963159,-6.02441729799995,0],[105.939625747,-6.02441561999996,0],[105.93962304,-6.02440465899997,0],[105.939623471,-6.02438441499993,0],[105.93962717,-6.02437091899998,0],[105.939634138,-6.02436417099995,0],[105.939634432,-6.02435854699996,0],[105.939628054,-6.02435404799996,0],[105.939625312,-6.02433856199997,0],[105.939626208,-6.02431208799993,0],[105.939624407,-6.02430276099994,0],[105.939619908,-6.02431058099995,0],[105.939617286,-6.02430882399995,0],[105.939616539,-6.02429748999998,0],[105.93962008,-6.02429123799993,0],[105.939627908,-6.02429006899996,0],[105.93963069,-6.02428481899994,0],[105.939628423,-6.02427548799994,0],[105.939628348,-6.02426294999998,0],[105.939630465,-6.02424720399995,0],[105.939630997,-6.02422877399994,0],[105.939629942,-6.02420765999995,0],[105.939630593,-6.02420016999997,0],[105.939632948,-6.02420630299997,0],[105.939645007,-6.02420635999994,0],[105.939666771,-6.02420034099993,0],[105.939681111,-6.02418825099994,0],[105.939688026,-6.02417008899994,0],[105.939691976,-6.02415454999993,0],[105.93969296,-6.02414163399993,0],[105.939733154,-6.02409714699996,0],[105.939887745,-6.02396507199995,0],[105.939899272,-6.02395334199997,0],[105.939911512,-6.02394605799998,0],[105.939918936,-6.02393661299993,0],[105.939921546,-6.02392500499997,0],[105.939928092,-6.02391656999993,0],[105.939938574,-6.02391130699993,0],[105.940002167,-6.02385690099993,0],[105.940006402,-6.02384828099997,0],[105.940016762,-6.02383821599994,0],[105.940033245,-6.02382670599997,0],[105.940043499,-6.02381561799996,0],[105.940047523,-6.02380494999994,0],[105.940052127,-6.02380045199993,0],[105.940057312,-6.02380212099996,0],[105.940066309,-6.02379430099995,0],[105.94007912,-6.02377699199997,0],[105.940090845,-6.02376686999997,0],[105.940101486,-6.02376393499998,0],[105.940106257,-6.02376021799995,0],[105.940105159,-6.02375571999994,0],[105.940113914,-6.02374505199998,0],[105.940132524,-6.02372821799997,0],[105.940145146,-6.02371861799998,0],[105.94015178,-6.02371625499995,0],[105.940157949,-6.02371078499993,0],[105.94016365,-6.02370220899996,0],[105.940170152,-6.02369606399998,0],[105.940177454,-6.02369234599996,0],[105.940198823,-6.02367414999998,0],[105.940234259,-6.02364147299994,0],[105.940254965,-6.02362836299994,0],[105.940255549,-6.02362899399998,0],[105.940281275,-6.02360641899998,0],[105.940290387,-6.02360016699993,0],[105.9403063,-6.02357940399997,0],[105.940314432,-6.02356520099994,0],[105.940314784,-6.02355755599996,0],[105.940321308,-6.02355530699998,0],[105.940334004,-6.02355845299996,0],[105.940341877,-6.02355498699995,0],[105.940344926,-6.02354490799996,0],[105.940350681,-6.02354405099993,0],[105.940359143,-6.02355241599997,0],[105.940365548,-6.02355373799998,0],[105.940369897,-6.02354801899997,0],[105.940376439,-6.02354615199994,0],[105.940385173,-6.02354813699998,0],[105.940406884,-6.02355542999993,0],[105.940441573,-6.02356802999998,0],[105.940456496,-6.02357439399998,0],[105.940481498,-6.02359197799996,0],[105.940484786,-6.02359234299996,0],[105.940500531,-6.02360260499995,0],[105.940513192,-6.02360705499996,0],[105.94052277,-6.02360569399997,0],[105.940547316,-6.02361400999996,0],[105.940586828,-6.02363200499997,0],[105.940610157,-6.02364825999996,0],[105.9406173,-6.02366277499993,0],[105.940623121,-6.02366731299998,0],[105.94062762,-6.02366187499996,0],[105.940634935,-6.02366305599998,0],[105.940645066,-6.02367085899994,0],[105.940658562,-6.02367735599995,0],[105.940675423,-6.02368254899994,0],[105.940686701,-6.02369045299997,0],[105.940692394,-6.02370106699993,0],[105.940699723,-6.02370915099993,0],[105.940708684,-6.02371470399993,0],[105.940712336,-6.02371435699996,0],[105.940710675,-6.02370810999997,0],[105.940714303,-6.02370698499993,0],[105.940723222,-6.02371098299994,0],[105.940727475,-6.02371585899994,0],[105.940727062,-6.02372161499994,0],[105.940732281,-6.02372455799997,0],[105.940743132,-6.02372468999994,0],[105.940757125,-6.02372833699997,0],[105.940774259,-6.02373549699996,0],[105.940795197,-6.02374773199995,0],[105.94081994,-6.02376504199998,0],[105.940838294,-6.02377390299995,0],[105.940850262,-6.02377431599996,0],[105.940868639,-6.02377976399993,0],[105.940893426,-6.02379024599998,0],[105.940911061,-6.02379289999993,0],[105.940921543,-6.02378772399993,0],[105.940930158,-6.02378688999994,0],[105.940936186,-6.02379002199996,0],[105.940936906,-6.02379039599998,0],[105.940937793,-6.02378977999996,0],[105.940953175,-6.02377910499996,0],[105.940978963,-6.02375301799998,0],[105.940998394,-6.02373578699996,0],[105.941011469,-6.02372741399995,0],[105.941021095,-6.02371729199996,0],[105.941027272,-6.02370542099993,0],[105.941041058,-6.02368884099997,0],[105.941062453,-6.02366755099996,0],[105.941075879,-6.02364951199996,0],[105.941081335,-6.02363472499997,0],[105.941086357,-6.02362908799995,0],[105.941088588,-6.02363079699995,0],[105.941090943,-6.02363260199996,0],[105.941101829,-6.02361690099997,0],[105.9411185,-6.02358303099993,0],[105.941119016,-6.02358198299993,0],[105.941131722,-6.02356148399997,0],[105.941132227,-6.02356111099994,0],[105.941139946,-6.02355540399998,0],[105.94114636,-6.02354454399995,0],[105.941149698,-6.02353320299994,0],[105.941150964,-6.02352890299994,0],[105.941157466,-6.02351282399997,0],[105.941165866,-6.02349630499998,0],[105.941173823,-6.02348401699993,0],[105.941181335,-6.02347596099997,0],[105.941189818,-6.02345978899996,0],[105.941199272,-6.02343550199993,0],[105.941211363,-6.02341610199994,0],[105.941226089,-6.02340158699997,0],[105.94123347,-6.02339188999997,0],[105.941233505,-6.02338701399998,0],[105.941244884,-6.02336915099994,0],[105.941262509,-6.02334522299998,0],[105.941267606,-6.02333830199996,0],[105.941267669,-6.02333818599993,0],[105.9412784,-6.02331830299994,0],[105.941277266,-6.02330915699997,0],[105.941279195,-6.02330056299996,0],[105.941284186,-6.02329252399994,0],[105.941288931,-6.02328975599994,0],[105.941293429,-6.02329225999995,0],[105.941297827,-6.02328356099997,0],[105.941302123,-6.02326365999994,0],[105.941305497,-6.02325660399993,0],[105.941307949,-6.02326239399997,0],[105.941313208,-6.02325396399993,0],[105.941321274,-6.02323131199995,0],[105.941330618,-6.02321649399994,0],[105.941341241,-6.02320950899997,0],[105.941347181,-6.02319779599998,0],[105.941348437,-6.02318135599995,0],[105.941351912,-6.02317313599997,0],[105.941357606,-6.02317313599997,0],[105.94136265,-6.02316638799994,0],[105.941367043,-6.02315289199993,0],[105.941378184,-6.02313973899993,0],[105.941396074,-6.02312692799995,0],[105.941406165,-6.02311568099998,0],[105.941408459,-6.02310599799995,0],[105.941412728,-6.02310228099998,0],[105.941418976,-6.02310453099994,0],[105.941427609,-6.02309724299994,0],[105.941438627,-6.02308041599997,0],[105.941446008,-6.02307629499995,0],[105.94144975,-6.02308487999994,0],[105.941454249,-6.02308596499995,0],[105.941459504,-6.02307955099997,0],[105.941466076,-6.02307860199994,0],[105.941473966,-6.02308311799993,0],[105.941484141,-6.02308144899996,0],[105.941496601,-6.02307359399992,0],[105.941506982,-6.02306487299995,0],[105.941515285,-6.02305528699998,0],[105.941534352,-6.02303771299995,0],[105.941564182,-6.02301215399996,0],[105.941585428,-6.02299291099996,0],[105.94159809,-6.02297998599994,0],[105.94160246,-6.02296719299994,0],[105.941598542,-6.02295453099993,0],[105.941598727,-6.02294121899996,0],[105.941603014,-6.02292725799992,0],[105.941608022,-6.02292050999995,0],[105.941613752,-6.02292097599997,0],[105.941613374,-6.02291619499994,0],[105.941606889,-6.02290616999994,0],[105.941600322,-6.02290054699995,0],[105.94159367,-6.02289932599996,0],[105.941591315,-6.02289534099998,0],[105.941593257,-6.02288859299995,0],[105.941587387,-6.02287172299998,0],[105.941573707,-6.02284472999997,0],[105.941563229,-6.02282116399994,0],[105.941555953,-6.02280102599997,0],[105.941551139,-6.02278399799997,0],[105.941548784,-6.02277007999993,0],[105.941550655,-6.02275428099995,0],[105.941556753,-6.02273660299994,0],[105.941555282,-6.02272586199996,0],[105.94154624,-6.02272205699995,0],[105.941539097,-6.02271418399994,0],[105.941533851,-6.02270224299997,0],[105.941536114,-6.02270077199995,0],[105.941545885,-6.02270976899996,0],[105.941549561,-6.02270822699995,0],[105.941547145,-6.02269614499994,0],[105.941541856,-6.02268597999995,0],[105.941533693,-6.02267772899995,0],[105.941533069,-6.02266923199994,0],[105.941539984,-6.02266048999996,0],[105.941539523,-6.02265041199996,0],[105.941531685,-6.02263899799993,0],[105.941529804,-6.02262766799993,0],[105.941533882,-6.02261642099995,0],[105.941527595,-6.02260502899998,0],[105.94154346,-6.02250507699995,0],[105.941505091,-6.02234493299994,0],[105.941509064,-6.02232635899998,0],[105.941508344,-6.02230304399995,0],[105.941501798,-6.02228027799993,0],[105.941505172,-6.02225922099996,0],[105.941507202,-6.02225626499995,0],[105.941502301,-6.02220315899996,0],[105.941505436,-6.02219474499998,0],[105.941506042,-6.02218679399994,0],[105.941502166,-6.02218454499996,0],[105.941506372,-6.02217892099998,0],[105.941518655,-6.02216992399997,0],[105.941522876,-6.02216179999994,0],[105.941519037,-6.02215455199996,0],[105.941521366,-6.02214975399994,0],[105.941529862,-6.02214740799997,0],[105.941535235,-6.02213830499994,0],[105.941537484,-6.02212244499998,0],[105.941543613,-6.02211200299996,0],[105.94155362,-6.02210697599998,0],[105.941558458,-6.02210024599998,0],[105.941558124,-6.02209181099994,0],[105.941562117,-6.02208821699998,0],[105.941570438,-6.02208946499997,0],[105.941574625,-6.02208752699994,0],[105.941574678,-6.02208240499994,0],[105.941579321,-6.02207888999993,0],[105.941588556,-6.02207698399997,0],[105.94159342,-6.02207065299996,0],[105.941593912,-6.02205989799995,0],[105.941596328,-6.02204963199995,0],[105.941600669,-6.02203985199998,0],[105.941608264,-6.02203057699995,0],[105.941619115,-6.02202180799998,0],[105.941623707,-6.02201393599995,0],[105.941622037,-6.02200695899995,0],[105.941625455,-6.02200137999995,0],[105.941633961,-6.02199719699996,0],[105.941637778,-6.02198932499994,0],[105.941636908,-6.02197776099996,0],[105.941641588,-6.02196523199996,0],[105.941651815,-6.02195173599995,0],[105.941657091,-6.02194273799995,0],[105.941657417,-6.02193823999994,0],[105.94166275,-6.02193256799995,0],[105.941673092,-6.02192572299998,0],[105.941680464,-6.02191864599996,0],[105.941684866,-6.02191133599996,0],[105.941684536,-6.02190604099997,0],[105.941679475,-6.02190276399995,0],[105.941683086,-6.02189409599993,0],[105.941695369,-6.02188003799995,0],[105.941702742,-6.02186850999993,0],[105.941705202,-6.02185951299998,0],[105.941704965,-6.02185145099997,0],[105.94170203,-6.02184432499996,0],[105.941703304,-6.02183033599994,0],[105.941708787,-6.02180948599994,0],[105.941714533,-6.02179617899998,0],[105.941720543,-6.02179041499994,0],[105.941726049,-6.02177853599994,0],[105.941731047,-6.02176054099994,0],[105.941736781,-6.02174727699997,0],[105.941743248,-6.02173874499994,0],[105.941744855,-6.02172947999998,0],[105.941741605,-6.02171948099993,0],[105.941742049,-6.02170192999995,0],[105.941746187,-6.02167682699996,0],[105.941750953,-6.02165815999996,0],[105.941756349,-6.02164592899993,0],[105.941763544,-6.02163764699998,0],[105.941772542,-6.02163331599996,0],[105.941777985,-6.02162395399995,0],[105.941779875,-6.02160956099993,0],[105.941786622,-6.02159537499995,0],[105.94179823,-6.02158139599993,0],[105.941806867,-6.02157370299994,0],[105.941812534,-6.02157229799997,0],[105.941814691,-6.02156812799996,0],[105.941813338,-6.02156119499995,0],[105.941816128,-6.02155707099996,0],[105.94182306,-6.02155575299997,0],[105.941825038,-6.02155134599997,0],[105.941822058,-6.02154385099993,0],[105.941824681,-6.02151873499997,0],[105.941832906,-6.02147599699992,0],[105.94184316,-6.02144314899994,0],[105.941855443,-6.02142018899997,0],[105.941866031,-6.02140669399995,0],[105.941874923,-6.02140265999998,0],[105.941878855,-6.02139726999997,0],[105.941877827,-6.02139052099994,0],[105.941881175,-6.02138602299993,0],[105.941888898,-6.02138377399996,0],[105.941892689,-6.02137814999998,0],[105.941892549,-6.02136915299997,0],[105.941897869,-6.02136015499997,0],[105.94190865,-6.02135115799996,0],[105.941919844,-6.02133722699995,0],[105.941931451,-6.02131836199993,0],[105.94193983,-6.02130250699997,0],[105.941944978,-6.02128966099997,0],[105.941954767,-6.02128222299996,0],[105.941969194,-6.02128019299994,0],[105.941978754,-6.02127692899995,0],[105.941983446,-6.02127243099994,0],[105.94198309,-6.02126650399993,0],[105.941977686,-6.02125914999993,0],[105.941990308,-6.02124902699995,0],[105.942020956,-6.02123613699996,0],[105.942035576,-6.02122584899996,0],[105.94203417,-6.02121815999993,0],[105.942040532,-6.02121366199998,0],[105.942054661,-6.02121235199996,0],[105.942065908,-6.02120810399992,0],[105.942074272,-6.02120091699993,0],[105.942078521,-6.02119416799997,0],[105.942078652,-6.02118785999994,0],[105.942083151,-6.02118508299998,0],[105.942092017,-6.02118583899994,0],[105.942099823,-6.02117959599997,0],[105.942106571,-6.02116635499993,0],[105.942115714,-6.02115824899994,0],[105.94212725,-6.02115527999996,0],[105.942135163,-6.02114918999996,0],[105.94213945,-6.02113998199997,0],[105.942148448,-6.02113421299993,0],[105.942162155,-6.02113188499993,0],[105.942174487,-6.02112435099997,0],[105.942185444,-6.02111161099998,0],[105.942194296,-6.02110567099993,0],[105.942201044,-6.02110653199998,0],[105.942205543,-6.02110033699995,0],[105.942207793,-6.02108708699996,0],[105.942214541,-6.02107608599994,0],[105.942225787,-6.02106733499994,0],[105.942238159,-6.02106202299996,0],[105.942251655,-6.02106015199996,0],[105.942266267,-6.02105234999993,0],[105.942281995,-6.02103861599994,0],[105.942303131,-6.02102949999994,0],[105.942329675,-6.02102500199993,0],[105.942344304,-6.02101957499997,0],[105.942347019,-6.02101322299995,0],[105.94235368,-6.02100647499998,0],[105.942364285,-6.02099933099993,0],[105.942373643,-6.02099724499993,0],[105.942381753,-6.02100021399997,0],[105.942391071,-6.02099826899996,0],[105.942401598,-6.02099140599995,0],[105.942418107,-6.02098806699996,0],[105.942440601,-6.02098825099995,0],[105.942457471,-6.02098701299997,0],[105.942468718,-6.02098435099998,0],[105.94247884,-6.02098467499997,0],[105.942487837,-6.02098798799994,0],[105.942507186,-6.02098756999993,0],[105.942536884,-6.02098342299996,0],[105.942556003,-6.02098402999997,0],[105.942564543,-6.02098938999995,0],[105.942572188,-6.02099066299996,0],[105.942578936,-6.02098785099997,0],[105.942590183,-6.02098937599993,0],[105.942605929,-6.02099523699997,0],[105.942617176,-6.02099579899993,0],[105.942623923,-6.02099106299994,0],[105.94263517,-6.02099119099995,0],[105.942650916,-6.02099618199998,0],[105.942669675,-6.02099794699996,0],[105.942691448,-6.02099648899997,0],[105.942703819,-6.02099794299994,0],[105.942706789,-6.02100230999997,0],[105.942711649,-6.02100037699995,0],[105.942718396,-6.02099214399993,0],[105.942724019,-6.02098978899994,0],[105.942728519,-6.02099331199997,0],[105.942737309,-6.02099320299993,0],[105.942750393,-6.02098945899996,0],[105.942765013,-6.02098196399993,0],[105.942781172,-6.02097071799994,0],[105.9427915,-6.02096733099995,0],[105.942796,-6.02097180299995,0],[105.942811077,-6.02097317799996,0],[105.942836734,-6.02097145599993,0],[105.942853916,-6.02096370199996,0],[105.942862623,-6.02094991499996,0],[105.942872288,-6.02094264899995,0],[105.942882911,-6.02094190299994,0],[105.942889348,-6.02093802299993,0],[105.942891597,-6.02093101199995,0],[105.94289722,-6.02092870099995,0],[105.942906218,-6.02093108999998,0],[105.94291634,-6.02093009299995,0],[105.942927586,-6.02092570899993,0],[105.942936606,-6.02092018699994,0],[105.942943398,-6.02091352699995,0],[105.942950146,-6.02091088999993,0],[105.94295685,-6.02091227899996,0],[105.942968703,-6.02091005099993,0],[105.942985705,-6.02090420899998,0],[105.942994443,-6.02089877799995,0],[105.942994918,-6.02089376099997,0],[105.943015658,-6.02088393299994,0],[105.943056665,-6.02086929499995,0],[105.943081641,-6.02086283199998,0],[105.943090586,-6.02086454499994,0],[105.943101833,-6.02086082499994,0],[105.943115381,-6.02085166899997,0],[105.943128904,-6.02084544799993,0],[105.9431424,-6.02084216199995,0],[105.943156981,-6.02083434199994,0],[105.943172648,-6.02082198799997,0],[105.943188596,-6.02081376399997,0],[105.943204824,-6.02080966899996,0],[105.943217235,-6.02080462599997,0],[105.943225828,-6.02079863299997,0],[105.943236082,-6.02079539099998,0],[105.943247997,-6.02079489899995,0],[105.943258119,-6.02079019299993,0],[105.943266448,-6.02078127599998,0],[105.943276236,-6.02077745399993,0],[105.943287484,-6.02077872799993,0],[105.943298229,-6.02077672799993,0],[105.943308475,-6.02077145599998,0],[105.943314581,-6.02076594699997,0],[105.943316549,-6.02076020099997,0],[105.943324923,-6.02075534199997,0],[105.943339701,-6.02075136999997,0],[105.943352715,-6.02074942499996,0],[105.943363962,-6.02074950399998,0],[105.943378415,-6.02074007499994,0],[105.943396076,-6.02072114099997,0],[105.943415495,-6.02071101399997,0],[105.943436671,-6.02070969599993,0],[105.943451744,-6.02070648899996,0],[105.943460715,-6.02070139299997,0],[105.943467471,-6.02069403799993,0],[105.943472015,-6.02068442599995,0],[105.943481205,-6.02067928099996,0],[105.943495044,-6.02067860499994,0],[105.943502069,-6.02067495399996,0],[105.94350228,-6.02066832899993,0],[105.943505926,-6.02066522699994,0],[105.943513008,-6.02066564899997,0],[105.943520111,-6.02066060999994,0],[105.943527237,-6.02065010999996,0],[105.943537733,-6.02064180299993,0],[105.943551598,-6.02063568699998,0],[105.943560797,-6.02063570399997,0],[105.943565332,-6.02064185499995,0],[105.943571201,-6.02064515799998,0],[105.943578406,-6.02064561499998,0],[105.943587711,-6.02064254899994,0],[105.943599116,-6.02063595899995,0],[105.943609255,-6.02063260299997,0],[105.94361813,-6.02063247999996,0],[105.943625678,-6.02062905699995,0],[105.943631898,-6.02062233599997,0],[105.943638383,-6.02062102599996,0],[105.943645131,-6.02062512899994,0],[105.94365169,-6.02062578899995,0],[105.94365806,-6.02062300299997,0],[105.943672308,-6.02062255099997,0],[105.943694433,-6.02062443099993,0],[105.943714865,-6.02062060899993,0],[105.943733607,-6.02061108499993,0],[105.943749049,-6.02060651099993,0],[105.943761192,-6.02060688899996,0],[105.943769066,-6.02060917399996,0],[105.943772668,-6.02061336499997,0],[105.943780092,-6.02061140499995,0],[105.94379134,-6.02060329499994,0],[105.943805081,-6.02060189399998,0],[105.943821319,-6.02060720099996,0],[105.943837029,-6.02060510999996,0],[105.943852213,-6.02059561999994,0],[105.943859839,-6.02058922299994,0],[105.943859909,-6.02058591999997,0],[105.94386675,-6.02058591999997,0],[105.94388036,-6.02058922299994,0],[105.943892732,-6.02058711099994,0],[105.943903865,-6.02057957999995,0],[105.94391385,-6.02057628499995,0],[105.94392269,-6.02057722599994,0],[105.943932701,-6.02057525699996,0],[105.943943887,-6.02057038099997,0],[105.943951738,-6.02056927799993,0],[105.943956254,-6.02057194999998,0],[105.943966209,-6.02057008599996,0],[105.943981603,-6.02056368999996,0],[105.944006539,-6.02055562399994,0],[105.944041018,-6.02054588899995,0],[105.94406164,-6.02054121399993,0],[105.944068406,-6.02054159999994,0],[105.944077052,-6.02053693499994,0],[105.944087578,-6.02052721699994,0],[105.944098886,-6.02052261699993,0],[105.944110976,-6.02052313599995,0],[105.944119908,-6.02052081999994,0],[105.94412568,-6.02051567199993,0],[105.944131141,-6.02051462999998,0],[105.94413629,-6.02051769699995,0],[105.944142239,-6.02051532499996,0],[105.944148987,-6.02050751299993,0],[105.944159109,-6.02050365499997,0],[105.944172605,-6.02050375199997,0],[105.944184976,-6.02049988699997,0],[105.944196223,-6.02049205799995,0],[105.944202971,-6.02048521299997,0],[105.944205221,-6.02047935199994,0],[105.944210818,-6.02047804299997,0],[105.944219763,-6.02048128499996,0],[105.944234383,-6.02047609199997,0],[105.94425468,-6.02046246399993,0],[105.944268203,-6.02045609799995,0],[105.944274951,-6.02045699499996,0],[105.944281699,-6.02045337499993,0],[105.944288447,-6.02044523799998,0],[105.944297445,-6.02044179899997,0],[105.944308691,-6.02044305499993,0],[105.944318813,-6.02043887299993,0],[105.94432781,-6.02042925199993,0],[105.944335262,-6.02042443699997,0],[105.944341166,-6.02042442699997,0],[105.944349039,-6.02041963399995,0],[105.94435888,-6.02041005699994,0],[105.944376172,-6.02040174499996,0],[105.944400915,-6.02039469799996,0],[105.944421743,-6.02038994899993,0],[105.944438657,-6.02038749699994,0],[105.944451863,-6.02038202399996,0],[105.944461362,-6.02037352699995,0],[105.944477648,-6.02036596999994,0],[105.944500721,-6.02035935499993,0],[105.944520021,-6.02035637999995,0],[105.944535547,-6.02035704799994,0],[105.944549043,-6.02035253199995,0],[105.944560509,-6.02034283199993,0],[105.94457216,-6.02033680399995,0],[105.944583995,-6.02033444899996,0],[105.944595242,-6.02032933499993,0],[105.9446059,-6.02032146299996,0],[105.944621352,-6.02031788199997,0],[105.944641596,-6.02031859299996,0],[105.944658593,-6.02031732799998,0],[105.944672345,-6.02031408599993,0],[105.944679378,-6.02030783899994,0],[105.944679694,-6.02029858599997,0],[105.944676334,-6.02029171099997,0],[105.944669296,-6.02028721199997,0],[105.944671215,-6.02028388199994,0],[105.944682093,-6.02028171999996,0],[105.944688358,-6.02027722199995,0],[105.944690009,-6.02027038599994,0],[105.944696802,-6.02026547399993,0],[105.944708734,-6.02026248699997,0],[105.944730445,-6.02025321199994,0],[105.944761936,-6.02023765199993,0],[105.944788937,-6.02022676599995,0],[105.944811448,-6.02022055299994,0],[105.944820705,-6.02021096699997,0],[105.944857179,-6.02020864799994,0],[105.94491792,-6.02020478599997,0],[105.944930264,-6.02019738699994,0],[105.944939486,-6.02020001899996,0],[105.944945584,-6.02021268099998,0],[105.944950882,-6.02021215299993,0],[105.944955381,-6.02019843699998,0],[105.944975827,-6.02018997999994,0],[105.945012221,-6.02018678199994,0],[105.945041485,-6.02018538599998,0],[105.945063618,-6.02018578899992,0],[105.945079477,-6.02018454999995,0],[105.945089064,-6.02018166899995,0],[105.945105859,-6.02018049099996,0],[105.945129864,-6.02018101799996,0],[105.945149793,-6.02018291599995,0],[105.945165643,-6.02018618399995,0],[105.945178067,-6.02018689599993,0],[105.945187065,-6.02018505099994,0],[105.945202033,-6.02018537199996,0],[105.945222971,-6.02018785899998,0],[105.945249208,-6.02018795499993,0],[105.945280742,-6.02018566199996,0],[105.9452993,-6.02018509999994,0],[105.945304879,-6.02018626799997,0],[105.945348325,-6.02018321499997,0],[105.945429635,-6.02017593899996,0],[105.945474837,-6.02017495099994,0],[105.945483932,-6.02018024899996,0],[105.94550635,-6.02018266999994,0],[105.945542094,-6.02018221399993,0],[105.945560867,-6.02018636099996,0],[105.945562668,-6.02019511099996,0],[105.94556663,-6.02020061199994,0],[105.945572755,-6.02020286199996,0],[105.945576475,-6.02020031699993,0],[105.945577794,-6.02019298099998,0],[105.945587582,-6.02018722599996,0],[105.94560584,-6.02018305199994,0],[105.945618163,-6.02018226999996,0],[105.945624551,-6.02018487999993,0],[105.945636791,-6.02018324199997,0],[105.945654882,-6.02017735399994,0],[105.945674331,-6.02017477499993,0],[105.945695138,-6.02017550499994,0],[105.945713133,-6.02017833799994,0],[105.945728316,-6.02018327699994,0],[105.945756152,-6.02018258199996,0],[105.94579664,-6.02017625599996,0],[105.945817016,-6.02016381399994,0],[105.94581728,-6.02014525699997,0],[105.945814626,-6.02013458099998,0],[105.945809056,-6.02013178799996,0],[105.945808924,-6.02012682299994,0],[105.945814231,-6.02011968799997,0],[105.945819912,-6.02012346599997,0],[105.945825965,-6.02013815799995,0],[105.945826492,-6.02014008899994,0],[105.94582934,-6.02015051999996,0],[105.945830034,-6.02016055399997,0],[105.945835046,-6.02016376099994,0],[105.945844378,-6.02016014099996,0],[105.945855625,-6.02016014999998,0],[105.945868787,-6.02016378799993,0],[105.945888113,-6.02016358199995,0],[105.945913602,-6.02015952999994,0],[105.945931281,-6.02015756199995,0],[105.945941148,-6.02015767599994,0],[105.945955919,-6.02015519899993,0],[105.945975592,-6.02015012899994,0],[105.945990528,-6.02014846899993,0],[105.94600073,-6.02015021699998,0],[105.946017605,-6.02014909699994,0],[105.946041152,-6.02014510799995,0],[105.946054459,-6.02014689499993,0],[105.946057526,-6.02015446099995,0],[105.946060887,-6.02015557199996,0],[105.946064542,-6.02015022999996,0],[105.946078227,-6.02014941299996,0],[105.946101942,-6.02015312099996,0],[105.946122797,-6.02015012899994,0],[105.946140792,-6.02014043799994,0],[105.946161937,-6.02013447199994,0],[105.946186232,-6.02013223099993,0],[105.9462076,-6.02013320599997,0],[105.946226044,-6.02013739699993,0],[105.946238639,-6.02013762099995,0],[105.946245387,-6.02013387799997,0],[105.946249161,-6.02013538099993,0],[105.94624996,-6.02014212899996,0],[105.946270204,-6.02014488299994,0],[105.946309893,-6.02014364499996,0],[105.946339909,-6.02014139899995,0],[105.946339944,-6.02014139499994,0],[105.946360354,-6.02013813599996,0],[105.946370915,-6.02013417799998,0],[105.946374975,-6.02013265699998,0],[105.946383805,-6.02012495999998,0],[105.946393844,-6.02012085699994,0],[105.946405091,-6.02012034699993,0],[105.946415213,-6.02011798399997,0],[105.946424211,-6.02011376599995,0],[105.946434201,-6.02011323799996,0],[105.946445184,-6.02011640199993,0],[105.94646093,-6.02011717099998,0],[105.946476308,-6.02011595199997,0],[105.946481437,-6.02011554499995,0],[105.946483758,-6.02011506399998,0],[105.946492619,-6.02011322999994,0],[105.946494472,-6.02011022499994,0],[105.946506844,-6.02010744399996,0],[105.946529733,-6.02010488699995,0],[105.946569294,-6.02010571299996,0],[105.946625528,-6.02010992199996,0],[105.946666017,-6.02011045399996,0],[105.946690759,-6.02010730699993,0],[105.946701128,-6.02010305899995,0],[105.94669712,-6.02009770899997,0],[105.946704994,-6.02009684699993,0],[105.946724745,-6.02010047599993,0],[105.946737995,-6.02009746699997,0],[105.946744744,-6.02008781899997,0],[105.946762928,-6.02008175199995,0],[105.946792547,-6.02007926599993,0],[105.946810203,-6.02007914699993,0],[105.946815898,-6.02008139599997,0],[105.946831454,-6.02007988499997,0],[105.946856873,-6.02007461299996,0],[105.946878207,-6.02007198999996,0],[105.946895456,-6.02007201699996,0],[105.946916776,-6.02006790499996,0],[105.946942169,-6.02005965399997,0],[105.946957738,-6.02005102999993,0],[105.946963485,-6.02004203199994,0],[105.946971406,-6.02003679199993,0],[105.946981502,-6.02003530699994,0],[105.946987675,-6.02003148499995,0],[105.946989924,-6.02002532499995,0],[105.946995547,-6.02002275099994,0],[105.947004544,-6.02002376099995,0],[105.947015791,-6.02001934599997,0],[105.947029287,-6.02000950499996,0],[105.947037735,-6.02000662299997,0],[105.947041136,-6.02001069899995,0],[105.947047554,-6.02000960999993,0],[105.947056991,-6.02000335399993,0],[105.947071036,-6.01999906599997,0],[105.94708969,-6.01999674699994,0],[105.947102392,-6.01999309199994,0],[105.94710914,-6.01998810099997,0],[105.947117012,-6.01998667299995,0],[105.947126009,-6.01998880899993,0],[105.947132358,-6.01998789399994,0],[105.947136057,-6.01998393099996,0],[105.947142805,-6.01998292099995,0],[105.947152603,-6.01998486299993,0],[105.947162997,-6.01998288599998,0],[105.947173988,-6.01997698999998,0],[105.947182986,-6.01997434999993,0],[105.947189989,-6.01997496499996,0],[105.94719574,-6.01997253599995,0],[105.947200239,-6.01996706099993,0],[105.947217109,-6.01996087099997,0],[105.947246351,-6.01995396499996,0],[105.947275781,-6.01994883799995,0],[105.9473054,-6.01994548999994,0],[105.94732452,-6.01994068399995,0],[105.947333139,-6.01993441899998,0],[105.947341751,-6.01993198099996,0],[105.947350353,-6.01993336999993,0],[105.947360475,-6.01993138399996,0],[105.947372117,-6.01992602299993,0],[105.947379695,-6.01991976699998,0],[105.947383209,-6.01991261599994,0],[105.947388459,-6.01991079699997,0],[105.947395445,-6.01991431099998,0],[105.947403809,-6.01991519399996,0],[105.947413554,-6.01991344599998,0],[105.947423939,-6.01990883699995,0],[105.947434967,-6.01990136899997,0],[105.947443964,-6.01989939999993,0],[105.947450932,-6.01990293299997,0],[105.947457789,-6.01990232199995,0],[105.947464538,-6.01989756799998,0],[105.947489206,-6.01989133799998,0],[105.947497039,-6.01988992099996,0],[105.947531795,-6.01988363299995,0],[105.947565535,-6.01988216999996,0],[105.947590427,-6.01988694999994,0],[105.947602045,-6.01988577899994,0],[105.94761187,-6.01988478799996,0],[105.947629865,-6.01987568599998,0],[105.947639768,-6.01987246599998,0],[105.947641578,-6.01987512699998,0],[105.947655074,-6.01987313299998,0],[105.947680256,-6.01986648199994,0],[105.947704094,-6.01986380599993,0],[105.947726588,-6.01986510699993,0],[105.947745435,-6.01986821299994,0],[105.947760635,-6.01987312399996,0],[105.947773007,-6.01988049199997,0],[105.947782549,-6.01989031499994,0],[105.9477908,-6.01988929599997,0],[105.947797759,-6.01987743399997,0]]],[[[105.927854289,-6.00818484099995,0],[105.927836463,-6.00813165599993,0],[105.927782985,-6.00808438199994,0],[105.927711681,-6.00802824299996,0],[105.927610667,-6.00799278699998,0],[105.927515595,-6.00797210399998,0],[105.927465088,-6.00793369299993,0],[105.927432407,-6.00785982599996,0],[105.927429124,-6.00780758099995,0],[105.927423494,-6.00771800199993,0],[105.927447262,-6.00761754199993,0],[105.927494798,-6.00754958499994,0],[105.92753045,-6.00749935499994,0],[105.927536392,-6.00742844299998,0],[105.927566102,-6.00735753099997,0],[105.927684942,-6.00728661799997,0],[105.927876626,-6.00724896199995,0],[105.927943418,-6.00726888999998,0],[105.927999867,-6.00732502899996,0],[105.928050374,-6.00735457599995,0],[105.928124649,-6.00738116799994,0],[105.928234576,-6.00742253399994,0],[105.928353416,-6.00750821899993,0],[105.928457401,-6.00758208599996,0],[105.928516821,-6.00766186299995,0],[105.928558415,-6.00773572999998,0],[105.92854356,-6.00782141499997,0],[105.928457401,-6.00795437599993,0],[105.928282112,-6.00813165599993,0],[105.928121678,-6.00828234499994,0],[105.927996896,-6.00833552899996,0],[105.927907766,-6.00831484599996,0],[105.927851318,-6.00827643599996,0],[105.927854289,-6.00818484099995,0]]]]}}]}