{"type":"FeatureCollection","name":"Kecamatan Pulomerak","crs":{"type":"name","properties":{"name":"urn:ogc:def:crs:OGC:1.3:CRS84"}},"features":[{"type":"Feature","properties":{"kode_kec":"36.72.03","kode_kk":"36.72","kode_prov":"36","kecamatan":"Pulomerak","kab_kota":"Kota Cilegon","provinsi":"Banten","fid":"36.72.03","nama":"Kecamatan Pulomerak","label":"Kecamatan Pulomerak, Kota Cilegon, Provinsi Banten, 36.72.03"},"geometry":{"type":"MultiPolygon","coordinates":[[[[106.033728487,-5.93788164899996,0],[106.034571969,-5.93905264499995,0],[106.035146336,-5.94047399499993,0],[106.035801955,-5.94290069499993,0],[106.035906308,-5.94328694299998,0],[106.035911127,-5.94330477999995,0],[106.035592653,-5.94368828999995,0],[106.035354932,-5.94397455499995,0],[106.035151063,-5.94429772699993,0],[106.034802927,-5.94468683599996,0],[106.034370275,-5.94499885899995,0],[106.03358131,-5.94556153999997,0],[106.033296105,-5.94567941499997,0],[106.03302096,-5.94572584699995,0],[106.032771281,-5.94576202699994,0],[106.032299667,-5.94580809999997,0],[106.031993325,-5.94590433399998,0],[106.031870379,-5.94634097199997,0],[106.03171238,-5.94736574799992,0],[106.031484167,-5.94823899099993,0],[106.030834764,-5.95035341199997,0],[106.030613268,-5.95190049199994,0],[106.029954422,-5.95305115799994,0],[106.028620822,-5.95355587099993,0],[106.027161818,-5.95486153599995,0],[106.026505443,-5.95619498199994,0],[106.025668526,-5.95673559499994,0],[106.024834526,-5.95683942899996,0],[106.024711419,-5.95662241799994,0],[106.024246718,-5.95576739299997,0],[106.023552745,-5.95565061699995,0],[106.023542415,-5.95534822799993,0],[106.023770514,-5.95397229299994,0],[106.023806246,-5.95384880799998,0],[106.023784878,-5.95370108299994,0],[106.023730772,-5.95360479699997,0],[106.023548973,-5.95337234499993,0],[106.023196181,-5.95327799999995,0],[106.022376298,-5.95361880399997,0],[106.021467813,-5.95325358799994,0],[106.021177259,-5.95349616199996,0],[106.020398096,-5.95407332799994,0],[106.019967608,-5.95424656299997,0],[106.019789603,-5.95408522999998,0],[106.019152952,-5.95342898199993,0],[106.017615192,-5.95305302699995,0],[106.016784908,-5.95301292199997,0],[106.016535283,-5.95299584999998,0],[106.016342779,-5.95277732899996,0],[106.016528532,-5.95246472999997,0],[106.017157193,-5.95223092399993,0],[106.019002647,-5.95129796999993,0],[106.019202814,-5.95089005799997,0],[106.018695244,-5.95004067099995,0],[106.017886097,-5.94795366999995,0],[106.016388271,-5.94705315599998,0],[106.014429258,-5.94644073399996,0],[106.013079739,-5.94646248599997,0],[106.01119106,-5.94672106599995,0],[106.009181223,-5.94672537299994,0],[106.008045883,-5.94667092899994,0],[106.007483252,-5.94744015199996,0],[106.007200619,-5.94767326699997,0],[106.007023199,-5.94773717399994,0],[106.006604796,-5.94784841899997,0],[106.006605005,-5.94858540199994,0],[106.00610239,-5.94854599099995,0],[106.005536063,-5.94816966799993,0],[106.005817791,-5.94756836799996,0],[106.005256122,-5.94737518899996,0],[106.004639385,-5.94764676799997,0],[106.003994175,-5.94729585899995,0],[106.002629665,-5.94718797499996,0],[106.002620615,-5.94718654999997,0],[106.002619967,-5.94718501599993,0],[106.002624404,-5.94718402799998,0],[106.002626034,-5.94717778499995,0],[106.002624857,-5.94716628799995,0],[106.002620393,-5.94715996999997,0],[106.002612644,-5.94715883299995,0],[106.002612301,-5.94715511299995,0],[106.002619366,-5.94714881299996,0],[106.002619946,-5.94713585999995,0],[106.002614041,-5.94711625299993,0],[106.002611791,-5.94709899799994,0],[106.002613198,-5.94708409599997,0],[106.002611282,-5.94707233999998,0],[106.002606045,-5.94706372799993,0],[106.002604006,-5.94705452299996,0],[106.002605166,-5.94704472099994,0],[106.002603839,-5.94703160499995,0],[106.002600026,-5.94701517399994,0],[106.002598744,-5.94700120099998,0],[106.002599991,-5.94698968599994,0],[106.00259703,-5.94698252499995,0],[106.00258986,-5.94697971799997,0],[106.002589794,-5.94697627599993,0],[106.002596832,-5.94697219899996,0],[106.002598145,-5.94696773299995,0],[106.002593735,-5.94696287899995,0],[106.002590743,-5.94694526899997,0],[106.002589171,-5.94691490199995,0],[106.002586328,-5.94689091299995,0],[106.002582216,-5.94687329999994,0],[106.002580862,-5.94685553199997,0],[106.002582269,-5.94683760699996,0],[106.002581038,-5.94682063299996,0],[106.002577172,-5.94680461199994,0],[106.002577001,-5.94679578799997,0],[106.002580524,-5.94679416199995,0],[106.002580362,-5.94678402699998,0],[106.002576514,-5.94676538099998,0],[106.002572054,-5.94675429699993,0],[106.002566985,-5.94675077399995,0],[106.002567301,-5.94674676299996,0],[106.002573003,-5.94674226399997,0],[106.002573697,-5.94673799399993,0],[106.002569383,-5.94673395199993,0],[106.002565614,-5.94672495499998,0],[106.002562389,-5.94671100099993,0],[106.002562573,-5.94669723099997,0],[106.002566168,-5.94668364199993,0],[106.002565605,-5.94667255199994,0],[106.002560886,-5.94666395799993,0],[106.002558927,-5.94665300399993,0],[106.002559726,-5.94663968699996,0],[106.002558576,-5.94662828499997,0],[106.002555474,-5.94661879599994,0],[106.002554244,-5.94660842699994,0],[106.002554885,-5.94659717999997,0],[106.002551243,-5.94655556699996,0],[106.002548956,-5.94653479699997,0],[106.002543318,-5.94648358799998,0],[106.002539803,-5.94644304199994,0],[106.002540699,-5.94643393099994,0],[106.00253845,-5.94642043499994,0],[106.002533055,-5.94640255399997,0],[106.002527458,-5.94639133799996,0],[106.002521659,-5.94638678699994,0],[106.002518737,-5.94637778299995,0],[106.002518694,-5.94636432599998,0],[106.002515345,-5.94635754899997,0],[106.002508695,-5.94635745299996,0],[106.002505347,-5.94634961999998,0],[106.002505303,-5.94633404999996,0],[106.002508615,-5.94632624099995,0],[106.002515284,-5.94632619199996,0],[106.002517854,-5.94632018299995,0],[106.002516326,-5.94630821099997,0],[106.002513,-5.94630254099997,0],[106.002507877,-5.94630317399998,0],[106.00250775,-5.94629812599993,0],[106.002512618,-5.94628739799998,0],[106.002511708,-5.94627618799996,0],[106.002505021,-5.94626449799995,0],[106.002504797,-5.94625506099993,0],[106.002511036,-5.94624787799995,0],[106.002509476,-5.94624243499993,0],[106.002500119,-5.94623873099994,0],[106.002499275,-5.94623585599993,0],[106.002506946,-5.94623380899998,0],[106.002507052,-5.94623032899995,0],[106.002499592,-5.94622541699994,0],[106.002496701,-5.94621388899998,0],[106.002498379,-5.94619574599994,0],[106.002490589,-5.94617541599996,0],[106.002473333,-5.94615289999996,0],[106.002457917,-5.94614162299996,0],[106.002444342,-5.94614158299993,0],[106.002428754,-5.94614367799994,0],[106.002411155,-5.94614790999998,0],[106.002403475,-5.94614697999998,0],[106.002405716,-5.94614089099997,0],[106.0024033,-5.94613489199998,0],[106.002396226,-5.94612898299994,0],[106.002392386,-5.94612964199996,0],[106.002391781,-5.94613686899993,0],[106.002386228,-5.94614295999997,0],[106.002375728,-5.94614791599997,0],[106.002366181,-5.94614681999997,0],[106.002357588,-5.94613967199996,0],[106.002354183,-5.94613299599996,0],[106.002355967,-5.94612679299996,0],[106.00234175,-5.94612189199995,0],[106.002326503,-5.94612007699993,0],[106.002311533,-5.94611829399997,0],[106.002294624,-5.94611253899996,0],[106.002291021,-5.94610462699995,0],[106.002284114,-5.94609517899994,0],[106.002273904,-5.94608419499997,0],[106.002259284,-5.94606547299998,0],[106.002240253,-5.94603901299996,0],[106.002225763,-5.94602391599994,0],[106.002215817,-5.94602018199993,0],[106.002215922,-5.94601541699996,0],[106.00222608,-5.94600962199996,0],[106.002224902,-5.94600162799998,0],[106.00221239,-5.94599143599993,0],[106.002201134,-5.94598028599995,0],[106.002191136,-5.94596817799993,0],[106.002187164,-5.94595838499993,0],[106.00218922,-5.94595090799993,0],[106.00217698,-5.94593146299997,0],[106.002150445,-5.94590005199996,0],[106.002133856,-5.94588119999997,0],[106.002127213,-5.94587490899994,0],[106.002122776,-5.94586697499994,0],[106.002120544,-5.94585739799993,0],[106.00211464,-5.94584566499998,0],[106.002105063,-5.94583177799996,0],[106.002097282,-5.94582419499994,0],[106.002091298,-5.94582291699993,0],[106.002085279,-5.94581592299994,0],[106.002079225,-5.94580321299998,0],[106.002075738,-5.94578945099994,0],[106.002074815,-5.94577463699994,0],[106.002071937,-5.94576412199996,0],[106.002067105,-5.94575790499994,0],[106.002061297,-5.94574579999994,0],[106.002054514,-5.94572780399994,0],[106.002052163,-5.94571281899994,0],[106.002054245,-5.94570084299994,0],[106.002051912,-5.94569463099998,0],[106.002045164,-5.94569418299994,0],[106.002041136,-5.94568554999995,0],[106.002039826,-5.94566873299993,0],[106.002042419,-5.94565616999995,0],[106.002048912,-5.94564786199993,0],[106.002051815,-5.94563811799998,0],[106.00205113,-5.94562693699993,0],[106.00205115,-5.94562680199994,0],[106.002052488,-5.94561759499993,0],[106.002055889,-5.94561009099993,0],[106.002055889,-5.94560265999996,0],[106.002052488,-5.94559530099997,0],[106.002055255,-5.94558967799998,0],[106.002064192,-5.94558578999994,0],[106.002065224,-5.94557934699998,0],[106.002058353,-5.94557034999997,0],[106.002046351,-5.94556472599993,0],[106.002029217,-5.94556247699995,0],[106.002027704,-5.94555910299994,0],[106.002024173,-5.94555122999998,0],[106.002029178,-5.94553685199998,0],[106.00203122,-5.94553098599994,0],[106.002032407,-5.94551523999996,0],[106.002030857,-5.94551151099995,0],[106.002027732,-5.94550399299993,0],[106.00202756,-5.94548599899997,0],[106.002031892,-5.94546125599993,0],[106.002033948,-5.94544213599994,0],[106.002033729,-5.94542864099998,0],[106.002031163,-5.94541729599996,0],[106.002026251,-5.94540810599995,0],[106.00202677,-5.94539910899994,0],[106.002032718,-5.94539030399994,0],[106.002033544,-5.94538365299996,0],[106.002029248,-5.94537915499996,0],[106.002028523,-5.94537348499995,0],[106.00203137,-5.94536664399993,0],[106.002037471,-5.94536084299995,0],[106.002040956,-5.94535906999994,0],[106.00204683,-5.94535608099994,0],[106.002051868,-5.94534825399995,0],[106.002052589,-5.94533736299996,0],[106.00204791,-5.94533062199997,0],[106.002042925,-5.94532933899995,0],[106.002037832,-5.94532802899994,0],[106.002033237,-5.94532353199997,0],[106.002034124,-5.94531712599996,0],[106.002030267,-5.94530717499993,0],[106.002021665,-5.94529367899997,0],[106.00201935,-5.94528393399997,0],[106.002023321,-5.94527794199996,0],[106.002023497,-5.94526894499995,0],[106.002019876,-5.94525694199996,0],[106.002020781,-5.94524081899993,0],[106.002026212,-5.94522057399996,0],[106.002027398,-5.94520795499994,0],[106.00202434,-5.94520295999996,0],[106.002025272,-5.94519733699997,0],[106.002030192,-5.94519108499998,0],[106.002028922,-5.94518683499996,0],[106.002021463,-5.94518458499994,0],[106.002015817,-5.94517328099994,0],[106.002011986,-5.94515292299997,0],[106.00201529,-5.94513267899993,0],[106.002025728,-5.94511254799994,0],[106.002027618,-5.94509840199993,0],[106.002020958,-5.94509023999996,0],[106.002016735,-5.94507656099995,0],[106.002014952,-5.94505736699995,0],[106.002010629,-5.94503670499995,0],[106.002003766,-5.94501457599995,0],[106.002002379,-5.94499001599996,0],[106.002006465,-5.94496302399995,0],[106.00200584,-5.94494502799995,0],[106.002000507,-5.94493603099994,0],[106.001998974,-5.94492114499997,0],[106.002001241,-5.94490036899998,0],[106.001999211,-5.94487787499997,0],[106.001992884,-5.94485366399994,0],[106.00199089,-5.94484043399996,0],[106.001993227,-5.94483818399993,0],[106.001993074,-5.94482548599996,0],[106.001990429,-5.94480233699994,0],[106.001986532,-5.94478816599997,0],[106.001981383,-5.94478297399996,0],[106.001982863,-5.94476980499996,0],[106.001990973,-5.94474866099995,0],[106.001991224,-5.94473246399997,0],[106.001983615,-5.94472121799993,0],[106.001980025,-5.94470772099993,0],[106.001980456,-5.94469197599994,0],[106.001983391,-5.94468503699994,0],[106.00198883,-5.94468690399998,0],[106.001993517,-5.94468465499995,0],[106.001996855,-5.94467925599997,0],[106.001997453,-5.94467828899997,0],[106.001996628,-5.94467648699998,0],[106.001993143,-5.94466887399994,0],[106.001980588,-5.94465640999994,0],[106.001970936,-5.94465049299993,0],[106.001964187,-5.94465112099994,0],[106.001961038,-5.94464632999996,0],[106.001961485,-5.94463611999993,0],[106.001959039,-5.94462047299993,0],[106.001953697,-5.94459938999995,0],[106.001952348,-5.94458620199993,0],[106.001954992,-5.94458090699993,0],[106.001954391,-5.94457210599995,0],[106.001950542,-5.94455979499998,0],[106.001951061,-5.94455026599996,0],[106.001955946,-5.94454351799993,0],[106.001956012,-5.94453339699993,0],[106.001951259,-5.94451989999993,0],[106.001951864,-5.94450527999993,0],[106.001957831,-5.94448953399996,0],[106.001958564,-5.94448116699994,0],[106.001954066,-5.94448017899992,0],[106.001947045,-5.94447230599997,0],[106.001937503,-5.94445754899994,0],[106.001934849,-5.94444567199997,0],[106.001939084,-5.94443667399997,0],[106.001938689,-5.94442992599994,0],[106.001933664,-5.94442542699994,0],[106.001933716,-5.94441305599997,0],[106.001938847,-5.94439281199993,0],[106.001939137,-5.94437819099994,0],[106.001934585,-5.94436919299994,0],[106.001935131,-5.94436244599996,0],[106.001940771,-5.94435794599997,0],[106.001939506,-5.94433770199993,0],[106.001931335,-5.94430171299996,0],[106.001928466,-5.94427696999998,0],[106.0019309,-5.94426347399997,0],[106.001929525,-5.94425335199998,0],[106.001924341,-5.94424660399994,0],[106.001920905,-5.94423648099996,0],[106.001919218,-5.94422298599994,0],[106.001923431,-5.94420498999995,0],[106.001933545,-5.94418249699993,0],[106.001937323,-5.94416554299994,0],[106.001934765,-5.94415412999996,0],[106.001936563,-5.94414400799997,0],[106.001942713,-5.94413517699996,0],[106.001951794,-5.94412977599995,0],[106.001963805,-5.94412780299996,0],[106.001977684,-5.94412925899996,0],[106.001993429,-5.94413414399997,0],[106.002060569,-5.94412551099992,0],[106.002101829,-5.94412020599998,0],[106.002134945,-5.94411546299995,0],[106.002160906,-5.94411174399994,0],[106.002272244,-5.94406702199996,0],[106.002272244,-5.94405852999995,0],[106.002278737,-5.94405039099996,0],[106.002291724,-5.94404260599993,0],[106.00230384,-5.94403932399996,0],[106.002315087,-5.94404054599994,0],[106.002330095,-5.94404482499993,0],[106.002348863,-5.94405216199993,0],[106.002363167,-5.94405575999997,0],[106.002373008,-5.94405561899993,0],[106.002386153,-5.94405857099997,0],[106.002402601,-5.94406461699998,0],[106.002404999,-5.94406459999993,0],[106.002411049,-5.94406455699993,0],[106.002411497,-5.94405839399997,0],[106.002418386,-5.94405280499996,0],[106.002431715,-5.94404779299992,0],[106.002436324,-5.94404416199995,0],[106.002432212,-5.94404191299998,0],[106.00243129,-5.94403628899994,0],[106.002433556,-5.94402729199993,0],[106.002433591,-5.94401716899995,0],[106.002431395,-5.94400592199997,0],[106.002431702,-5.94399579999993,0],[106.002434514,-5.94398680299997,0],[106.002437211,-5.94396993299995,0],[106.002439794,-5.94394518999997,0],[106.002440291,-5.94392725199998,0],[106.002438701,-5.94391611999993,0],[106.002435682,-5.94391040999994,0],[106.002431237,-5.94391012499995,0],[106.002426852,-5.94390123899996,0],[106.002422529,-5.94388375399996,0],[106.002423659,-5.94387138299993,0],[106.002430239,-5.94386412499995,0],[106.002431685,-5.94385720799994,0],[106.002427994,-5.94385063099998,0],[106.002428996,-5.94384509299994,0],[106.00243469,-5.94384059499993,0],[106.002436474,-5.94381700499997,0],[106.002434347,-5.94377432499994,0],[106.002429976,-5.94375061599993,0],[106.002423359,-5.94374587999994,0],[106.002418883,-5.94373240599998,0],[106.002416546,-5.94371019399995,0],[106.002413167,-5.94369782599995,0],[106.002408747,-5.94369530499995,0],[106.002408699,-5.94369058199993,0],[106.002413022,-5.94368365799994,0],[106.002408448,-5.94365901399993,0],[106.002394979,-5.94361664999997,0],[106.002384883,-5.94359317699997,0],[106.002378161,-5.94358859399995,0],[106.002373667,-5.94357847599997,0],[106.0023714,-5.94356282399997,0],[106.00236575,-5.94354541999996,0],[106.002356718,-5.94352626499995,0],[106.002346503,-5.94351154899994,0],[106.002335107,-5.94350127299998,0],[106.002325033,-5.94349616199997,0],[106.002316283,-5.94349621499993,0],[106.002308524,-5.94349183399993,0],[106.002301758,-5.94348302099996,0],[106.002286149,-5.94347951599997,0],[106.002261696,-5.94348131799995,0],[106.002249346,-5.94348021499997,0],[106.0022491,-5.94347620699995,0],[106.002243446,-5.94347286199996,0],[106.002232383,-5.94347017899997,0],[106.0022222,-5.94346349799997,0],[106.002212895,-5.94345282199993,0],[106.002203757,-5.94344734199996,0],[106.002194786,-5.94344705599997,0],[106.0021865,-5.94344242599993,0],[106.0021789,-5.94343345099998,0],[106.002163142,-5.94343486699995,0],[106.002139224,-5.94344667599995,0],[106.002114561,-5.94345534199994,0],[106.00208915,-5.94346086399997,0],[106.002081984,-5.94346346299994,0],[106.00207228,-5.94346698199996,0],[106.00206395,-5.94347369499997,0],[106.002045164,-5.94348163199993,0],[106.002015923,-5.94349079099993,0],[106.001990407,-5.94349676399997,0],[106.001968616,-5.94349954899997,0],[106.001955863,-5.94350431599997,0],[106.001952146,-5.94351106399995,0],[106.001942819,-5.94351333499998,0],[106.001927881,-5.94351112999993,0],[106.001916899,-5.94351326099996,0],[106.001909869,-5.94351972699997,0],[106.001902014,-5.94352191499996,0],[106.001893333,-5.94351982399996,0],[106.001892147,-5.94352313699994,0],[106.001898456,-5.94353185299997,0],[106.001891809,-5.94353737499995,0],[106.001872206,-5.94353970399993,0],[106.001861051,-5.94354446799997,0],[106.001858345,-5.94355166899993,0],[106.001861183,-5.94355630899997,0],[106.001869565,-5.94355838599995,0],[106.001873142,-5.94356380799996,0],[106.001871911,-5.94357257199994,0],[106.001865041,-5.94358442299995,0],[106.001852528,-5.94359935999995,0],[106.001843056,-5.94361373699996,0],[106.001836625,-5.94362755399993,0],[106.00182927,-5.94363576199993,0],[106.001820993,-5.94363836299993,0],[106.001812593,-5.94363647499995,0],[106.00180407,-5.94363009499995,0],[106.001791989,-5.94362436499995,0],[106.001776349,-5.94361928199993,0],[106.00176606,-5.94361133799993,0],[106.001761121,-5.94360053499997,0],[106.001759751,-5.94359066199996,0],[106.001761947,-5.94358171699997,0],[106.001755033,-5.94357963199997,0],[106.001739006,-5.94358440799994,0],[106.001727676,-5.94358336599993,0],[106.001721042,-5.94357650899997,0],[106.001713174,-5.94357313199993,0],[106.001704071,-5.94357323799994,0],[106.001701421,-5.94356869999996,0],[106.001705226,-5.94355951699993,0],[106.001705085,-5.94355178799998,0],[106.001701,-5.94354550999998,0],[106.001701105,-5.94353617599995,0],[106.001705401,-5.94352378699995,0],[106.001700789,-5.94351230499996,0],[106.001687266,-5.94350173099997,0],[106.001680839,-5.94348968199995,0],[106.001681507,-5.94347615899994,0],[106.001679262,-5.94346603799994,0],[106.001674104,-5.94345931599997,0],[106.001666245,-5.94345554799997,0],[106.001655683,-5.94345473599998,0],[106.00164651,-5.94345136199996,0],[106.001638725,-5.94344542599993,0],[106.001634766,-5.94343629499997,0],[106.001634635,-5.94342396699994,0],[106.001631656,-5.94341734199998,0],[106.001625831,-5.94341641999995,0],[106.001621517,-5.94341093399993,0],[106.001618714,-5.94340088699994,0],[106.001620985,-5.94339053899995,0],[106.001628331,-5.94337988999996,0],[106.001632104,-5.94337091199998,0],[106.001632306,-5.94336360599993,0],[106.001628541,-5.94335632899993,0],[106.001620809,-5.94334907999996,0],[106.001620981,-5.94334175799997,0],[106.001629055,-5.94333436399995,0],[106.001626174,-5.94332748699998,0],[106.001612335,-5.94332112499995,0],[106.001607928,-5.94331057199997,0],[106.001612955,-5.94329582899996,0],[106.001605714,-5.94328759299998,0],[106.001586208,-5.94328586699993,0],[106.001572207,-5.94328187299993,0],[106.00156371,-5.94327561299997,0],[106.00155817,-5.94326620699997,0],[106.001555587,-5.94325365599997,0],[106.001555828,-5.94324573499995,0],[106.001558895,-5.94324244399996,0],[106.001557054,-5.94323660999993,0],[106.001550306,-5.94322823199997,0],[106.001545306,-5.94322691099995,0],[106.001542056,-5.94323264899998,0],[106.001537108,-5.94323439299995,0],[106.001530466,-5.94323214399998,0],[106.001527263,-5.94322764499998,0],[106.001527501,-5.94322089699995,0],[106.001524509,-5.94321633199996,0],[106.001518288,-5.94321395099996,0],[106.001517431,-5.94319938999996,0],[106.001521939,-5.94317264799997,0],[106.001520151,-5.94315471899995,0],[106.001512067,-5.94314560299995,0],[106.001511302,-5.94313767099993,0],[106.001517858,-5.94313092199997,0],[106.001517462,-5.94312605099998,0],[106.001510116,-5.94312305499994,0],[106.00150307,-5.94311450499993,0],[106.001496321,-5.94310040299996,0],[106.001493769,-5.94308840499997,0],[106.001495412,-5.94307851099995,0],[106.001491353,-5.94307131499994,0],[106.001481591,-5.94306681599994,0],[106.001475326,-5.94306119299995,0],[106.001472558,-5.94305444499997,0],[106.001473784,-5.94304769599995,0],[106.001479003,-5.94304094799998,0],[106.001479891,-5.94303526799996,0],[106.001476446,-5.94303065499997,0],[106.001482869,-5.94302728199995,0],[106.001499159,-5.94302514599997,0],[106.001508636,-5.94302112399993,0],[106.001511298,-5.94301521499995,0],[106.001516401,-5.94301127999995,0],[106.00152005,-5.94300846699997,0],[106.00153489,-5.94300087999994,0],[106.001535528,-5.94299428699998,0],[106.001535593,-5.94299361099996,0],[106.001539312,-5.94298927699998,0],[106.001542054,-5.94298678799993,0],[106.001632658,-5.94297853399996,0],[106.00167793,-5.94297663699996,0],[106.001785386,-5.94297213499993,0],[106.001803425,-5.94296783399994,0],[106.00182142,-5.94296132199997,0],[106.001839371,-5.94295260199993,0],[106.001852708,-5.94294920599998,0],[106.001861434,-5.94295113499993,0],[106.001871555,-5.94295028899995,0],[106.001883075,-5.94294666899998,0],[106.00189368,-5.94294554499993,0],[106.001903372,-5.94294691499994,0],[106.00191077,-5.94294310099997,0],[106.001915875,-5.94293410399996,0],[106.00191649,-5.94292623099994,0],[106.001912615,-5.94291948299997,0],[106.001899743,-5.94291385999998,0],[106.001877873,-5.94290936199997,0],[106.001853381,-5.94291039599995,0],[106.001826265,-5.94291696299996,0],[106.001810673,-5.94291696399995,0],[106.001806605,-5.94291039599995,0],[106.001802071,-5.94289029699996,0],[106.001797072,-5.94285666599995,0],[106.001796,-5.94283304799995,0],[106.001798855,-5.94281944199997,0],[106.001797041,-5.94279977999997,0],[106.001790556,-5.94277406099997,0],[106.001784648,-5.94275831599998,0],[106.001779314,-5.94275254299993,0],[106.001777518,-5.94274290899995,0],[106.001779258,-5.94272941199995,0],[106.001785531,-5.94271888599997,0],[106.001796338,-5.94271132999995,0],[106.001799251,-5.94265669799995,0],[106.001791334,-5.94266280399995,0],[106.001786651,-5.94267041799998,0],[106.001780369,-5.94267058899993,0],[106.001772488,-5.94266331899996,0],[106.00176823,-5.94265630899997,0],[106.001767597,-5.94264956099994,0],[106.001760775,-5.94264596899995,0],[106.001747762,-5.94264553399995,0],[106.001737991,-5.94264182899997,0],[106.001731462,-5.94263485199997,0],[106.001731147,-5.94262822499996,0],[106.001737043,-5.94262194699996,0],[106.001733426,-5.94261881699993,0],[106.001722335,-5.94261883099995,0],[106.001720299,-5.94261883399997,0],[106.001712656,-5.94261006699998,0],[106.001710494,-5.94259251699998,0],[106.001711993,-5.94258529099994,0],[106.001712554,-5.94258258499997,0],[106.001718837,-5.94258027399997,0],[106.001719829,-5.94257349299994,0],[106.001715533,-5.94256224199995,0],[106.001713455,-5.94254632299993,0],[106.001713595,-5.94252573599994,0],[106.001706856,-5.94250987899994,0],[106.001693237,-5.94249874999997,0],[106.001686229,-5.94248551599998,0],[106.001685834,-5.94247017499993,0],[106.00167783,-5.94245544199993,0],[106.001662216,-5.94244131799996,0],[106.001653764,-5.94242762999994,0],[106.001652471,-5.94241437999995,0],[106.001647916,-5.94240307799993,0],[106.001640096,-5.94239372499993,0],[106.001635079,-5.94237797999995,0],[106.001632865,-5.94235584199993,0],[106.001627479,-5.94233684499994,0],[106.001618921,-5.94232098999993,0],[106.001609976,-5.94231075999994,0],[106.001600644,-5.94230615599997,0],[106.00158811,-5.94229281799994,0],[106.001572373,-5.94227074699995,0],[106.001564611,-5.94225675999996,0],[106.001564822,-5.94225085999994,0],[106.001561553,-5.94224040699993,0],[106.001554805,-5.94222539899994,0],[106.001546932,-5.94221626999996,0],[106.001537935,-5.94221301899995,0],[106.001530062,-5.94221271999993,0],[106.001523314,-5.94221537399994,0],[106.001520172,-5.94220958499994,0],[106.001520638,-5.94219535499997,0],[106.001516139,-5.94217744199995,0],[106.001506677,-5.94215584399996,0],[106.001491823,-5.94213685699998,0],[106.001471578,-5.94212047899993,0],[106.001460332,-5.94211330199994,0],[106.001458083,-5.94211532799994,0],[106.00145126,-5.94210603999994,0],[106.001439863,-5.94208543999997,0],[106.0014316,-5.94206494499997,0],[106.001426468,-5.94204455599993,0],[106.001419795,-5.94202841799995,0],[106.00141158,-5.94201652899994,0],[106.001399204,-5.94200640699995,0],[106.001382668,-5.94199805099993,0],[106.001372822,-5.94199134699994,0],[106.001369668,-5.94198629499994,0],[106.001353557,-5.94197018199998,0],[106.001324491,-5.94194300999993,0],[106.001305206,-5.94192754099993,0],[106.001295698,-5.94192377699994,0],[106.001280955,-5.94191040499993,0],[106.001260974,-5.94188742799997,0],[106.001242303,-5.94186999199997,0],[106.00122494,-5.94185809499993,0],[106.001215776,-5.94185053599995,0],[106.00121481,-5.94184731599995,0],[106.001205008,-5.94184201399997,0],[106.001186371,-5.94183462799998,0],[106.001171676,-5.94182703399997,0],[106.001160921,-5.94181923199994,0],[106.001148695,-5.94180710599994,0],[106.001134996,-5.94179065799995,0],[106.001119946,-5.94177724099995,0],[106.001103541,-5.94176685499997,0],[106.001087896,-5.94175312599998,0],[106.001073012,-5.94173605399993,0],[106.001062956,-5.94172662599993,0],[106.001057728,-5.94172484199993,0],[106.001052105,-5.94171862599995,0],[106.001046086,-5.94170797599998,0],[106.001036328,-5.94169941799993,0],[106.001022832,-5.94169295199993,0],[106.001010381,-5.94168357599995,0],[106.000998977,-5.94167129299996,0],[106.00098548,-5.94165975099997,0],[106.000969893,-5.94164895299997,0],[106.000958791,-5.94164446899993,0],[106.000952175,-5.94164630199998,0],[106.000947088,-5.94164165799998,0],[106.000943529,-5.94163053899996,0],[106.000934699,-5.94162024999997,0],[106.000920596,-5.94161079099996,0],[106.000900602,-5.94160066899997,0],[106.000874717,-5.94158988299995,0],[106.000852241,-5.94157661799994,0],[106.000833174,-5.94156087299996,0],[106.000827639,-5.94154512699993,0],[106.000835635,-5.94152938199994,0],[106.000833135,-5.94151983499995,0],[106.00082014,-5.94151648699994,0],[106.000812658,-5.94151775199992,0],[106.00081069,-5.94152363099994,0],[106.000802817,-5.94152572399997,0],[106.00078904,-5.94152403299995,0],[106.000778219,-5.94152051699996,0],[106.000770355,-5.94151517999995,0],[106.00077173,-5.94151001399996,0],[106.000782344,-5.94150501899998,0],[106.000782903,-5.94149855799998,0],[106.000773404,-5.94149063299994,0],[106.000757004,-5.94148373099995,0],[106.000733702,-5.94147785199993,0],[106.000726862,-5.94148102899993,0],[106.000736483,-5.94149325999996,0],[106.000734374,-5.94149591099995,0],[106.000720535,-5.94148898299994,0],[106.000715448,-5.94148258899997,0],[106.000719112,-5.94147672799994,0],[106.000715878,-5.94146672699998,0],[106.000705748,-5.94145258399993,0],[106.000697769,-5.94144505399993,0],[106.000691944,-5.94144413699996,0],[106.000687511,-5.94143957399996,0],[106.000684471,-5.94143136699995,0],[106.00067626,-5.94142703599994,0],[106.000662878,-5.94142657899994,0],[106.00065251,-5.94142457299995,0],[106.000645156,-5.94142101899996,0],[106.00063882,-5.94141402899993,0],[106.000633504,-5.94140360399996,0],[106.000621125,-5.94138868299996,0],[106.00060168,-5.94136926399995,0],[106.000585579,-5.94134937799993,0],[106.00057282,-5.94132902399997,0],[106.000554342,-5.94130877999993,0],[106.000530144,-5.94128864499993,0],[106.00051551,-5.94127290799997,0],[106.00051044,-5.94126156999994,0],[106.000503363,-5.94125662699997,0],[106.000494278,-5.94125808099994,0],[106.00048741,-5.94126270299995,0],[106.00048412,-5.94126821699996,0],[106.000482762,-5.94127049299993,0],[106.000485012,-5.94127284899997,0],[106.000487258,-5.94127209399994,0],[106.000494159,-5.94126977399998,0],[106.00049853,-5.94127287099997,0],[106.000498126,-5.94128214099993,0],[106.00049634,-5.94128343399996,0],[106.000491211,-5.94128714499993,0],[106.000477785,-5.94128788299997,0],[106.000469293,-5.94129002899996,0],[106.000465734,-5.94129358399994,0],[106.000456069,-5.94128750099998,0],[106.000440298,-5.94127178199994,0],[106.000428984,-5.94125657399996,0],[106.000422131,-5.94124187899996,0],[106.000421551,-5.94122192399993,0],[106.000427027,-5.94119767799998,0],[106.000427245,-5.94119671199996,0],[106.00042496,-5.94117378099997,0],[106.000414697,-5.94115313199995,0],[106.000405345,-5.94113851199995,0],[106.000396901,-5.94112991799994,0],[106.000397823,-5.94112431499997,0],[106.000408112,-5.94112170099993,0],[106.000406921,-5.94111157899994,0],[106.000394251,-5.94109394799995,0],[106.000385118,-5.94108513299994,0],[106.00037952,-5.94108513399993,0],[106.00037308,-5.94107163699994,0],[106.000365796,-5.94104464499998,0],[106.000357528,-5.94102043599997,0],[106.000348276,-5.94099900899994,0],[106.000343215,-5.94097764099996,0],[106.000342345,-5.94095632999995,0],[106.000337846,-5.94093892499995,0],[106.000329718,-5.94092542999994,0],[106.000326305,-5.94091631599997,0],[106.000327605,-5.94091158399993,0],[106.000322641,-5.94090158699993,0],[106.000311411,-5.94088632499995,0],[106.000308749,-5.94087631899993,0],[106.000314654,-5.94087156999996,0],[106.000315093,-5.94086357199996,0],[106.000310067,-5.94085232499998,0],[106.000303473,-5.94084206199994,0],[106.00029531,-5.94083278299996,0],[106.000295802,-5.94082378599995,0],[106.000304949,-5.94081506999993,0],[106.000303965,-5.94081122399996,0],[106.00029285,-5.94081224799993,0],[106.000293017,-5.94080887399997,0],[106.000304466,-5.94080110099998,0],[106.000307405,-5.94079315199997,0],[106.000301835,-5.94078502399998,0],[106.000299334,-5.94077715099996,0],[106.000299906,-5.94076953399997,0],[106.000294366,-5.94076425099996,0],[106.000282715,-5.94076130299993,0],[106.000277939,-5.94075750499997,0],[106.000280039,-5.94075285699995,0],[106.000290408,-5.94074533399993,0],[106.000309043,-5.94073493399998,0],[106.000312844,-5.94072949599996,0],[106.000301808,-5.94072901699997,0],[106.000294041,-5.94072672599998,0],[106.000289542,-5.94072262199995,0],[106.000285043,-5.94072473399996,0],[106.000280544,-5.94073305899997,0],[106.000274188,-5.94073310099998,0],[106.000265972,-5.94072485799995,0],[106.00026298,-5.94071248299997,0],[106.000265212,-5.94069597299995,0],[106.000262914,-5.94068585099996,0],[106.000256087,-5.94068211599995,0],[106.000250363,-5.94067237699994,0],[106.000245741,-5.94065663099997,0],[106.000240662,-5.94064650899998,0],[106.000229108,-5.94063076299994,0],[106.000226907,-5.94060377199997,0],[106.00021704,-5.94059444399994,0],[106.000198773,-5.94059378499998,0],[106.000190491,-5.94058484299995,0],[106.000192195,-5.94056761699994,0],[106.000195715,-5.94055894899998,0],[106.000201049,-5.94055883999994,0],[106.000204255,-5.94055203599993,0],[106.000205336,-5.94053853999998,0],[106.000204624,-5.94052841699994,0],[106.00020212,-5.94052166999995,0],[106.000202722,-5.94051492099993,0],[106.00020643,-5.94050817299996,0],[106.000207792,-5.94049946399997,0],[106.000206808,-5.94048879299993,0],[106.000202995,-5.94048424399995,0],[106.000196352,-5.94048581599998,0],[106.00019296,-5.94047988799997,0],[106.00019282,-5.94046645699996,0],[106.00020122,-5.94045975999995,0],[106.00021816,-5.94045979499998,0],[106.000228242,-5.94046312999996,0],[106.000231468,-5.94046976299995,0],[106.000243601,-5.94047313699997,0],[106.000264645,-5.94047325099996,0],[106.000270642,-5.94047186699993,0],[106.000261592,-5.94046898599993,0],[106.000252257,-5.94046223999993,0],[106.000242635,-5.94045162999993,0],[106.000243443,-5.94044478499995,0],[106.000254681,-5.94044170599994,0],[106.00026399,-5.94043527199995,0],[106.000271371,-5.94042548299996,0],[106.000269917,-5.94041835299993,0],[106.000259628,-5.94041388099993,0],[106.000252291,-5.94040681599995,0],[106.000247907,-5.94039715999997,0],[106.000241238,-5.94039320599995,0],[106.000232285,-5.94039495499993,0],[106.000223103,-5.94040170299996,0],[106.000213692,-5.94041344999994,0],[106.000209444,-5.94042127499995,0],[106.000210358,-5.94042517599996,0],[106.000205191,-5.94042903999997,0],[106.000193944,-5.94043286699997,0],[106.000181761,-5.94044235199993,0],[106.000168644,-5.94045749499998,0],[106.000150648,-5.94046312499995,0],[106.000127777,-5.94045924099993,0],[106.000127307,-5.94045923699997,0],[106.000103803,-5.94045905199994,0],[106.000078726,-5.94046255799998,0],[106.000066355,-5.94046084699994,0],[106.000066689,-5.94045391899994,0],[106.000078102,-5.94045012999993,0],[106.000100596,-5.94044947899994,0],[106.000114931,-5.94044365799994,0],[106.000119072,-5.94043628999998,0],[106.000121109,-5.94043266599994,0],[106.000122488,-5.94042208799993,0],[106.000119069,-5.94041192199995,0],[106.00012841,-5.94040101899998,0],[106.000150508,-5.94038938199998,0],[106.000162709,-5.94038021499995,0],[106.00016501,-5.94037351999998,0],[106.000171701,-5.94036894599998,0],[106.000182781,-5.94036649499998,0],[106.000173963,-5.94036416199998,0],[106.000145249,-5.94036194799997,0],[106.000131872,-5.94035758399997,0],[106.000133832,-5.94035106799993,0],[106.00013258,-5.94033856099998,0],[106.000128115,-5.94032005999998,0],[106.00011675,-5.94031291899995,0],[106.000098483,-5.94031713699997,0],[106.000088224,-5.94031780699993,0],[106.000085975,-5.94031492899995,0],[106.000076046,-5.94031639999997,0],[106.000074957,-5.94031656099997,0],[106.000055169,-5.94032270299994,0],[106.00003605,-5.94032653799997,0],[106.000017598,-5.94032806699994,0],[106.000006742,-5.94032282999996,0],[106.000003483,-5.94031082799995,0],[106.00000441,-5.94030103299997,0],[106.000009524,-5.94029344599994,0],[106.000011188,-5.94028274099998,0],[106.000009405,-5.94026891999994,0],[106.000003268,-5.94025410199993,0],[105.999992776,-5.94023828599995,0],[105.999987966,-5.94022728299996,0],[105.999988836,-5.94022109299993,0],[105.999985176,-5.94021322099996,0],[105.999976987,-5.94020366499996,0],[105.999968504,-5.94018740299992,0],[105.999959726,-5.94016443499993,0],[105.999947952,-5.94014081699993,0],[105.999933182,-5.94011654899998,0],[105.999925638,-5.94010216399994,0],[105.999925322,-5.94009766599993,0],[105.999917968,-5.94008304499994,0],[105.999903576,-5.94005830299994,0],[105.999895456,-5.94004223699994,0],[105.999893611,-5.94003484999996,0],[105.999888067,-5.94002565499994,0],[105.999878824,-5.94001465199995,0],[105.999868381,-5.93999838899992,0],[105.999856739,-5.93997686699993,0],[105.999851214,-5.93997213699993,0],[105.999846173,-5.93996782099993,0],[105.999836683,-5.93997125199996,0],[105.999831126,-5.93997175799996,0],[105.999827497,-5.93997208899998,0],[105.999818613,-5.93997033099993,0],[105.999808738,-5.93995916099993,0],[105.999797868,-5.93993857899994,0],[105.999788296,-5.93992769299996,0],[105.999780019,-5.93992650199993,0],[105.999767766,-5.93992791499994,0],[105.999751538,-5.93993193299997,0],[105.999746423,-5.93993131899992,0],[105.999752425,-5.93992607299998,0],[105.999755513,-5.93991695699998,0],[105.999755689,-5.93990396799995,0],[105.999751445,-5.93989312499997,0],[105.999743794,-5.93988544499996,0],[105.999739368,-5.93984620399993,0],[105.999736676,-5.93982757699996,0],[105.999732194,-5.93982199699997,0],[105.999721368,-5.93980431899996,0],[105.999711457,-5.93979870099997,0],[105.99970246,-5.93980514399993,0],[105.999693463,-5.93980683199993,0],[105.999684465,-5.93980376799993,0],[105.999687158,-5.93979973399996,0],[105.999701542,-5.93979472999996,0],[105.999701542,-5.93978339799997,0],[105.99969047,-5.93976980299993,0],[105.999687158,-5.93976573699996,0],[105.999682644,-5.93975779899995,0],[105.999681654,-5.93975605799994,0],[105.999681849,-5.93975595999996,0],[105.999685027,-5.93975436199997,0],[105.999679958,-5.93974001899994,0],[105.999666444,-5.93971302599994,0],[105.999650325,-5.93967909599996,0],[105.999631601,-5.93963822699993,0],[105.999621597,-5.93961056399996,0],[105.999620315,-5.93959610599995,0],[105.999613707,-5.93958279899994,0],[105.999603322,-5.93957222099993,0],[105.999601775,-5.93957064499995,0],[105.999601352,-5.93956739699996,0],[105.99960069,-5.93956231999994,0],[105.999610451,-5.93955782099994,0],[105.999614972,-5.93955219699995,0],[105.999614252,-5.93954544899998,0],[105.999608106,-5.93954301199994,0],[105.999596533,-5.93954488599996,0],[105.999589435,-5.93953570999997,0],[105.999586807,-5.93951548299998,0],[105.999580995,-5.93950041199997,0],[105.999571998,-5.93949049599996,0],[105.999569787,-5.93949011799998,0],[105.999564124,-5.93948915099998,0],[105.999557377,-5.93949637899993,0],[105.999549978,-5.93949878899997,0],[105.99954193,-5.93949638399994,0],[105.999536306,-5.93949159299996,0],[105.999533108,-5.93948441699996,0],[105.999523815,-5.93948075699996,0],[105.999519974,-5.93947924399993,0],[105.999514031,-5.93947806599994,0],[105.999375412,-5.93948310299993,0],[105.999298937,-5.93948802699992,0],[105.999251074,-5.93945460999993,0],[105.999212771,-5.93942117499995,0],[105.999203168,-5.93939725999996,0],[105.999131481,-5.93940696299995,0],[105.999093265,-5.93942139099994,0],[105.99907944,-5.93942757199994,0],[105.999080272,-5.93943197099998,0],[105.999080842,-5.93945138899994,0],[105.999082973,-5.93946618999996,0],[105.999086663,-5.93947637299993,0],[105.999089757,-5.93949364999997,0],[105.999089848,-5.93949454199998,0],[105.999092252,-5.93951801999998,0],[105.999101326,-5.93953484899993,0],[105.999017074,-5.93958426299997,0],[105.998949488,-5.93960444599998,0],[105.998888076,-5.93962278599997,0],[105.99884986,-5.93963721399996,0],[105.998867856,-5.93966285799996,0],[105.998863846,-5.93966974699993,0],[105.998863222,-5.93967497699992,0],[105.998867264,-5.93967634999996,0],[105.998871235,-5.93968715899996,0],[105.998875137,-5.93970740299994,0],[105.99888141,-5.93972385099994,0],[105.998890056,-5.93973650099997,0],[105.998892318,-5.93974437399993,0],[105.998888197,-5.93974746799995,0],[105.998891,-5.93975576399993,0],[105.998900727,-5.93976925999993,0],[105.998905599,-5.93978036799996,0],[105.998905617,-5.93978908599996,0],[105.998910133,-5.93980370699995,0],[105.998919148,-5.93982422999994,0],[105.998924912,-5.93984158499995,0],[105.998927425,-5.93985576999995,0],[105.998930706,-5.93986364299997,0],[105.998934757,-5.93986520199996,0],[105.998938883,-5.93987385499997,0],[105.998943082,-5.93988960099995,0],[105.998944036,-5.93990084699993,0],[105.998941743,-5.93990759499997,0],[105.998944888,-5.93991771699996,0],[105.998953473,-5.93993121399996,0],[105.998955876,-5.93994045399995,0],[105.998952097,-5.93994543799994,0],[105.998954949,-5.93995147399994,0],[105.998964429,-5.93995856299995,0],[105.998973669,-5.93996108099998,0],[105.998982666,-5.93995902999995,0],[105.998998411,-5.93996140099995,0],[105.999020906,-5.93996819499995,0],[105.999035526,-5.93996960699997,0],[105.999042274,-5.93996563799993,0],[105.999050147,-5.93996785599995,0],[105.999059144,-5.93997625999998,0],[105.999072403,-5.93997883499998,0],[105.999089924,-5.93997557899996,0],[105.999099694,-5.93997732499997,0],[105.999101715,-5.93998407399994,0],[105.99909933,-5.93999231899994,0],[105.999092538,-5.94000206099997,0],[105.999095055,-5.94001105799993,0],[105.999106882,-5.94001931099996,0],[105.999107172,-5.94001988699995,0],[105.999111819,-5.94002912899998,0],[105.999109868,-5.94004051199994,0],[105.999098724,-5.94004839999997,0],[105.999078382,-5.94005279399994,0],[105.999059355,-5.94005963199993,0],[105.999041641,-5.94006891399994,0],[105.999023629,-5.94007609699997,0],[105.999005318,-5.94008117699997,0],[105.998993913,-5.94008621799998,0],[105.998989414,-5.94009121999994,0],[105.998975918,-5.94009152699994,0],[105.998953424,-5.94008713799997,0],[105.998941053,-5.94008667299994,0],[105.998938804,-5.94009013299996,0],[105.998929806,-5.94009003099995,0],[105.998914061,-5.94008636699994,0],[105.998892626,-5.94008388099996,0],[105.998865502,-5.94008257399997,0],[105.998845183,-5.94007854599994,0],[105.998831669,-5.94007179899995,0],[105.998815989,-5.94006683899994,0],[105.998798144,-5.94006366599996,0],[105.998780224,-5.94005846599993,0],[105.998762229,-5.94005123699998,0],[105.998738611,-5.94004553699995,0],[105.99870937,-5.94004136799992,0],[105.998686586,-5.94004011099997,0],[105.99867026,-5.94004176499993,0],[105.998652265,-5.94003965199994,0],[105.998632601,-5.94003377099995,0],[105.998617101,-5.94002673399996,0],[105.998605768,-5.94001853799995,0],[105.998593523,-5.94001218999995,0],[105.99858037,-5.94000769199994,0],[105.998570292,-5.94000703399996,0],[105.998563288,-5.94001021699995,0],[105.998550614,-5.94000666499994,0],[105.998532267,-5.93999637799993,0],[105.998515397,-5.93999187399993,0],[105.998500004,-5.93999315199994,0],[105.998491181,-5.93999213499995,0],[105.998488932,-5.93998882299996,0],[105.998479816,-5.93998847899996,0],[105.998463834,-5.93999110399994,0],[105.998460578,-5.93999668099997,0],[105.99847005,-5.94000521099997,0],[105.998479166,-5.94001021599996,0],[105.998487927,-5.94001169599994,0],[105.99849793,-5.94001736899997,0],[105.998509176,-5.94002723399996,0],[105.998520142,-5.94003223299995,0],[105.998530826,-5.94003236799995,0],[105.998544881,-5.94003693399998,0],[105.998562305,-5.94004593099993,0],[105.998572049,-5.94005764199994,0],[105.998574114,-5.94007206799995,0],[105.998563478,-5.94007314699996,0],[105.998540141,-5.94006088199995,0],[105.998518306,-5.94005153399996,0],[105.998497973,-5.94004510699995,0],[105.998483621,-5.94004177899996,0],[105.998475248,-5.94004154799995,0],[105.998466781,-5.94003752399993,0],[105.998458223,-5.94002970899993,0],[105.998448914,-5.94002398399994,0],[105.998438854,-5.94002034799996,0],[105.9984282,-5.94001116499993,0],[105.998416953,-5.93999643399997,0],[105.998401322,-5.93998067699994,0],[105.998381306,-5.93996389499995,0],[105.998362771,-5.93995390599997,0],[105.998345716,-5.93995070999995,0],[105.998333978,-5.93994670099994,0],[105.998327554,-5.93994187999994,0],[105.998321347,-5.93993111899994,0],[105.998315354,-5.93991442099997,0],[105.99830919,-5.93990504699997,0],[105.998302855,-5.93990299699993,0],[105.998296278,-5.93989729999993,0],[105.99828946,-5.93988795599995,0],[105.998284544,-5.93987691999996,0],[105.99828153,-5.93986419199996,0],[105.998275046,-5.93984749499998,0],[105.998265091,-5.93982682899997,0],[105.99826021,-5.93981199799993,0],[105.998260403,-5.93980299999993,0],[105.998257719,-5.93978637199996,0],[105.998252157,-5.93976211199993,0],[105.998244684,-5.93974299299992,0],[105.9982353,-5.93972901299998,0],[105.998227564,-5.93971190199994,0],[105.998221475,-5.93969165699997,0],[105.998217274,-5.93966803899997,0],[105.998214963,-5.93964104699995,0],[105.998208686,-5.93961180499997,0],[105.99819844,-5.93958031399995,0],[105.998192668,-5.93955219799994,0],[105.998191367,-5.93952745499996,0],[105.998184738,-5.93951058399995,0],[105.998172779,-5.93950158699994,0],[105.998163826,-5.93949077899993,0],[105.998157877,-5.93947816199994,0],[105.998144781,-5.93946833799993,0],[105.998124537,-5.93946130899997,0],[105.998107666,-5.93945900499995,0],[105.99809417,-5.93946142499993,0],[105.998079312,-5.93945887799993,0],[105.998063093,-5.93945136099995,0],[105.99805696,-5.93944422799996,0],[105.998060913,-5.93943747999998,0],[105.99806047,-5.93941948499997,0],[105.998055628,-5.93939024399998,0],[105.99804986,-5.93936821999995,0],[105.998043164,-5.93935341399992,0],[105.998036605,-5.93933541999996,0],[105.998030182,-5.93931423599997,0],[105.9980239,-5.93929933499993,0],[105.998017758,-5.93929071699995,0],[105.998012626,-5.93927921599993,0],[105.998008506,-5.93926482999996,0],[105.998002663,-5.93925226899995,0],[105.997995098,-5.93924153099994,0],[105.997990599,-5.93922696799996,0],[105.997989166,-5.93920857799998,0],[105.997990875,-5.93919845499994,0],[105.997995726,-5.93919660099994,0],[105.997995915,-5.93918911499998,0],[105.997991442,-5.93917599699995,0],[105.99798154,-5.93916250099994,0],[105.997966207,-5.93914862599996,0],[105.997956266,-5.93913719099993,0],[105.997951714,-5.93912819399998,0],[105.997952536,-5.93911703899994,0],[105.99795873,-5.93910372799996,0],[105.997960448,-5.93909456799997,0],[105.997957689,-5.93908955899997,0],[105.997959499,-5.93907112499994,0],[105.997965878,-5.93903926499996,0],[105.997974985,-5.93901355999998,0],[105.997986821,-5.93899400999993,0],[105.997993375,-5.93897973599996,0],[105.99799465,-5.93897073899996,0],[105.997992545,-5.93896174099996,0],[105.997987063,-5.93895274399995,0],[105.99797973,-5.93894688699993,0],[105.997970548,-5.93894416899997,0],[105.997961735,-5.93893826699997,0],[105.997953292,-5.93892917899996,0],[105.997947,-5.93891479299998,0],[105.997942862,-5.93889510699995,0],[105.997944465,-5.93887589799994,0],[105.997951811,-5.93885716699998,0],[105.997960044,-5.93883917199997,0],[105.997969164,-5.93882191299997,0],[105.997970996,-5.93881103399997,0],[105.99796554,-5.93880653599996,0],[105.997968097,-5.93880163399996,0],[105.997978667,-5.93879632899996,0],[105.997983021,-5.93878733199995,0],[105.997981158,-5.93877464199994,0],[105.997983407,-5.93876206599998,0],[105.997989768,-5.93874960399995,0],[105.997993661,-5.93873160899994,0],[105.997995084,-5.93870808099996,0],[105.997994637,-5.93869137299993,0],[105.997992317,-5.93868148299993,0],[105.997991605,-5.93866816199994,0],[105.997992501,-5.93865140799994,0],[105.997991504,-5.93864173199995,0],[105.997988613,-5.93863913299998,0],[105.997988236,-5.93862883599996,0],[105.997990371,-5.93861084199995,0],[105.997994131,-5.93859390599994,0],[105.997999518,-5.93857802799994,0],[105.997999447,-5.93856903099993,0],[105.99799392,-5.93856691299993,0],[105.997995102,-5.93855697899994,0],[105.998002993,-5.93853922799997,0],[105.998007566,-5.93852235799994,0],[105.998008822,-5.93850636899998,0],[105.998007574,-5.93849346999997,0],[105.998003823,-5.93848366199995,0],[105.998008844,-5.93847564099997,0],[105.998022639,-5.93846940699996,0],[105.998028368,-5.93846193999997,0],[105.998026031,-5.93845323799997,0],[105.998025882,-5.93844336999996,0],[105.99802792,-5.93843233499996,0],[105.99803223,-5.93842446099995,0],[105.998038811,-5.93841975199996,0],[105.998039592,-5.93841402299995,0],[105.998034576,-5.93840727499997,0],[105.998035784,-5.93840095999997,0],[105.998043217,-5.93839507699994,0],[105.998049425,-5.93838158099993,0],[105.998054407,-5.93836047099995,0],[105.998057636,-5.93833866999995,0],[105.998059112,-5.93831617599994,0],[105.998066198,-5.93829368299993,0],[105.998078895,-5.93827118899998,0],[105.998087269,-5.93825094499994,0],[105.998091319,-5.93823294999993,0],[105.998091477,-5.93822208899996,0],[105.998087743,-5.93821836099994,0],[105.998089636,-5.93821161499994,0],[105.998097158,-5.93820185099997,0],[105.998099873,-5.93819359199995,0],[105.998097781,-5.93818684099995,0],[105.998098529,-5.93817183999994,0],[105.998102114,-5.93814859099996,0],[105.998105523,-5.93813295799993,0],[105.998108756,-5.93812494199994,0],[105.998108721,-5.93811857199995,0],[105.998105417,-5.93811384699995,0],[105.998107324,-5.93810361199996,0],[105.998114441,-5.93808786599993,0],[105.998117797,-5.93807704799997,0],[105.998117393,-5.93807115699997,0],[105.998121474,-5.93805926399995,0],[105.998130041,-5.93804137099994,0],[105.998135705,-5.93802446199993,0],[105.998138464,-5.93800853799996,0],[105.998144539,-5.93799324599996,0],[105.998153932,-5.93797858599993,0],[105.998160834,-5.93796469999995,0],[105.998165245,-5.93795158799998,0],[105.998167138,-5.93793378599997,0],[105.998166514,-5.93791129199997,0],[105.998171347,-5.93789002199998,0],[105.998181636,-5.93786997499996,0],[105.998184587,-5.93786131799993,0],[105.99818635,-5.93785614499996,0],[105.998185489,-5.93784853199998,0],[105.998187699,-5.93784280999995,0],[105.99819298,-5.93783897799995,0],[105.998194763,-5.93783031599997,0],[105.99819305,-5.93781681899998,0],[105.998195581,-5.93780444699996,0],[105.998202354,-5.93779320099998,0],[105.998205131,-5.93778393199995,0],[105.99820391,-5.93777664099997,0],[105.998207183,-5.93776876799996,0],[105.99821495,-5.93776031299996,0],[105.998218623,-5.93775161599996,0],[105.998218201,-5.93774267599997,0],[105.998221057,-5.93773705199993,0],[105.99822719,-5.93773474599993,0],[105.998230538,-5.93772388999997,0],[105.9982311,-5.93770448499993,0],[105.998235075,-5.93769468399995,0],[105.998242465,-5.93769448599994,0],[105.998257134,-5.93768614399994,0],[105.998279083,-5.93766965799995,0],[105.998294451,-5.93766151999995,0],[105.998303237,-5.93766172799997,0],[105.99831781,-5.93765963599998,0],[105.998324735,-5.93765814199998,0],[105.998338168,-5.93765524299994,0],[105.99835622,-5.93764934999996,0],[105.998371966,-5.93764195599994,0],[105.998385594,-5.93763834399994,0],[105.998397104,-5.93763851599994,0],[105.998403838,-5.93764745699997,0],[105.998403962,-5.93764762099994,0],[105.998406167,-5.93766565999994,0],[105.998411501,-5.93768844099998,0],[105.998419963,-5.93771596499994,0],[105.998424817,-5.93773631599993,0],[105.998426065,-5.93774949599998,0],[105.99842986,-5.93776170999996,0],[105.998436205,-5.93777295699994,0],[105.998441898,-5.93778982599997,0],[105.998446941,-5.93781231999998,0],[105.99844692,-5.93783280599996,0],[105.998441832,-5.93785128499997,0],[105.998432777,-5.93786430399996,0],[105.998419756,-5.93787186499998,0],[105.998393647,-5.93788287999996,0],[105.99835445,-5.93789734899997,0],[105.998325854,-5.93791079599993,0],[105.998307859,-5.93792321999996,0],[105.998297869,-5.93793459099993,0],[105.998295884,-5.93794490899995,0],[105.99828747,-5.93795218199995,0],[105.998272629,-5.93795641299994,0],[105.998264898,-5.93796302699997,0],[105.998264273,-5.93797202499997,0],[105.998261181,-5.93798327099995,0],[105.998255619,-5.93799676699996,0],[105.998254472,-5.93801051299994,0],[105.998257741,-5.93802450799996,0],[105.998259331,-5.93803779899997,0],[105.998259244,-5.93805038499994,0],[105.998263052,-5.93806182099996,0],[105.998270758,-5.93807210599994,0],[105.99827541,-5.93808468199995,0],[105.99827701,-5.93809955099994,0],[105.998282413,-5.93811935699995,0],[105.998291622,-5.93814409999993,0],[105.998296533,-5.93817031799995,0],[105.998297149,-5.93819801099994,0],[105.998301427,-5.93822138199994,0],[105.998309371,-5.93824043199993,0],[105.998312811,-5.93825245299996,0],[105.998311747,-5.93825744599997,0],[105.998319256,-5.93828592799997,0],[105.998335335,-5.93833790099995,0],[105.998342632,-5.93837164099995,0],[105.998341148,-5.93838714899994,0],[105.99834239,-5.93840609099993,0],[105.998346362,-5.93842846599995,0],[105.998352622,-5.93845433399997,0],[105.998361172,-5.93848369399996,0],[105.998367577,-5.93850849599994,0],[105.998371838,-5.93852873999998,0],[105.998373517,-5.93854785999997,0],[105.998372612,-5.93856585499998,0],[105.998378349,-5.93858047599997,0],[105.99839073,-5.93859172299994,0],[105.99839935,-5.93859617399994,0],[105.998404208,-5.93859382999995,0],[105.998411185,-5.93859597399995,0],[105.998420278,-5.93860260599996,0],[105.998425933,-5.93860377799996,0],[105.998428147,-5.93859948999994,0],[105.998432646,-5.93860834399993,0],[105.998439429,-5.93863034099996,0],[105.998446582,-5.93863933899996,0],[105.998454103,-5.93863533599995,0],[105.99846079,-5.93863783399996,0],[105.998466641,-5.93864683099997,0],[105.998475252,-5.93865177299995,0],[105.998486621,-5.93865265799997,0],[105.998495882,-5.93865848199994,0],[105.998503035,-5.93866924599996,0],[105.998507995,-5.93868005099995,0],[105.998510763,-5.93869089499998,0],[105.998519558,-5.93870777699993,0],[105.998534381,-5.93873069599994,0],[105.998547772,-5.93874158599994,0],[105.99855973,-5.93874044399996,0],[105.998569382,-5.93874407599998,0],[105.998576728,-5.93875248199993,0],[105.998580137,-5.93875357299993,0],[105.998579609,-5.93874734699995,0],[105.998583585,-5.93874568499996,0],[105.998614075,-5.93877610299995,0],[105.998728758,-5.93875196499994,0],[105.998794684,-5.93874194199998,0],[105.998824337,-5.93873743299997,0],[105.998872191,-5.93876606499992,0],[105.99888661,-5.93880911499997,0],[105.99891542,-5.93888085799995,0],[105.999042144,-5.93883982099993,0],[105.99904919,-5.93883753899996,0],[105.999035851,-5.93879891199992,0],[105.998996332,-5.93868447299997,0],[105.998996307,-5.93867085899996,0],[105.998996228,-5.93862703699995,0],[105.999010552,-5.93861743899993,0],[105.999024797,-5.93856476399998,0],[105.998859422,-5.93802887799995,0],[105.998856505,-5.93801942699997,0],[105.998852333,-5.93800490299998,0],[105.998904256,-5.93799062299996,0],[105.998961619,-5.93799051999997,0],[105.998966944,-5.93799649699997,0],[105.998999939,-5.93803352699996,0],[105.99908122,-5.93804295399997,0],[105.99914811,-5.93802368699994,0],[105.999212026,-5.93800756499996,0],[105.999224558,-5.93800440399997,0],[105.999377483,-5.93798019599996,0],[105.9994683,-5.93797524499996,0],[105.999587797,-5.93797024399993,0],[105.999669061,-5.93797009699995,0],[105.999774192,-5.93795076099997,0],[105.999831512,-5.93792672599994,0],[105.999847444,-5.93792581099996,0],[105.99990797,-5.93791222899995,0],[105.999941509,-5.93795524599994,0],[105.999946394,-5.93801267199996,0],[105.999951363,-5.93811796199998,0],[105.999951432,-5.93815632199994,0],[105.999950425,-5.93815827799995,0],[105.999943699,-5.93816602499993,0],[105.999935502,-5.93817131799995,0],[105.999927707,-5.93817971499993,0],[105.999920318,-5.93819121099995,0],[105.999917067,-5.93820145799998,0],[105.999917955,-5.93821045299995,0],[105.999913452,-5.93822844799996,0],[105.999903558,-5.93825544199996,0],[105.999898975,-5.93827239699993,0],[105.999899705,-5.93827931199996,0],[105.999904652,-5.93827999499996,0],[105.999904779,-5.93827991699993,0],[105.999884846,-5.93834303899996,0],[105.999884942,-5.93839634399995,0],[105.999884949,-5.93840047499998,0],[105.999894639,-5.93847225199994,0],[105.999899489,-5.93851053299994,0],[105.999913881,-5.93853922499994,0],[105.999917737,-5.93853748899994,0],[105.999962371,-5.93851739899998,0],[106.000021284,-5.93849088299993,0],[106.000035433,-5.93848451399998,0],[106.000033221,-5.93848029999998,0],[106.00002631,-5.93847483799993,0],[106.000017129,-5.93847275299993,0],[106.00001154,-5.93846371199993,0],[106.000009546,-5.93844771399995,0],[106.000005486,-5.93843525999995,0],[105.999999362,-5.93842634999993,0],[105.999999331,-5.93842188099995,0],[106.000005393,-5.93842185299997,0],[106.000006378,-5.93841847899995,0],[106.000002283,-5.93841175899996,0],[105.999997772,-5.93841034599996,0],[105.999992842,-5.93841423799995,0],[105.999990377,-5.93841107799994,0],[105.999990378,-5.93840086299997,0],[105.99998754,-5.93839945199994,0],[105.999981864,-5.93840684399993,0],[105.999978982,-5.93840847599995,0],[105.999976284,-5.93841000399993,0],[105.999970801,-5.93840893399994,0],[105.99996914,-5.93840402199993,0],[105.999971302,-5.93839526599993,0],[105.999975756,-5.93838893299994,0],[105.999980286,-5.93838630899995,0],[105.999982505,-5.93838502299997,0],[105.999988137,-5.93838601599998,0],[105.999992654,-5.93839191199993,0],[106.000000821,-5.93839487099996,0],[106.000012639,-5.93839489199996,0],[106.000018253,-5.93838639099994,0],[106.000017664,-5.93836936799994,0],[106.000021868,-5.93836202799997,0],[106.000030866,-5.93836437099998,0],[106.000037614,-5.93836875499994,0],[106.000042113,-5.93837517799994,0],[106.000048887,-5.93837461999993,0],[106.000057938,-5.93836708099997,0],[106.000064136,-5.93835828799996,0],[106.000067484,-5.93834823999993,0],[106.000074101,-5.93833712499998,0],[106.000083985,-5.93832493999997,0],[106.000085163,-5.93831374699994,0],[106.000077633,-5.93830354499994,0],[106.000081454,-5.93829028599993,0],[106.000096629,-5.93827396999995,0],[106.000112322,-5.93826659299998,0],[106.000128533,-5.93826815799997,0],[106.00014231,-5.93826556599993,0],[106.000153653,-5.93825881799995,0],[106.000158165,-5.93825206899993,0],[106.000155846,-5.93824532099995,0],[106.000156667,-5.93823744899993,0],[106.00016063,-5.93822845099993,0],[106.000158943,-5.93821948099998,0],[106.000151606,-5.93821053599993,0],[106.000152411,-5.93820431799998,0],[106.000161355,-5.93820083099996,0],[106.000165674,-5.93819390399995,0],[106.000165366,-5.93818353799998,0],[106.000173331,-5.93816960199996,0],[106.000189569,-5.93815209699994,0],[106.000207441,-5.93814802699995,0],[106.000226947,-5.93815739099995,0],[106.000244204,-5.93816356699995,0],[106.000259211,-5.93816655399996,0],[106.000268094,-5.93817527599998,0],[106.000270853,-5.93818973199996,0],[106.000275606,-5.93819808499995,0],[106.000282355,-5.93820033399993,0],[106.000289222,-5.93819920899995,0],[106.000296206,-5.93819470999995,0],[106.000301254,-5.93818699399998,0],[106.000304365,-5.93817605899994,0],[106.000309879,-5.93816667999994,0],[106.000317795,-5.93815885499993,0],[106.00032435,-5.93814629199994,0],[106.000329543,-5.93812899199997,0],[106.000337798,-5.93811619699994,0],[106.000349115,-5.93810790999993,0],[106.00035668,-5.93809860199997,0],[106.000360493,-5.93808827599997,0],[106.000360849,-5.93807931299995,0],[106.000357748,-5.93807171599997,0],[106.000360383,-5.93806751799997,0],[106.000368757,-5.93806671999994,0],[106.000378787,-5.93805174499994,0],[106.000390473,-5.93802259099994,0],[106.000395125,-5.93800371099996,0],[106.000392745,-5.93799510499997,0],[106.000386857,-5.93798798099994,0],[106.000377465,-5.93798233999996,0],[106.00036863,-5.93797953599994,0],[106.000360353,-5.93797956899994,0],[106.000353675,-5.93797537699993,0],[106.000348597,-5.93796695899994,0],[106.00034285,-5.93796258199995,0],[106.000336436,-5.93796224299996,0],[106.000333255,-5.93795807799995,0],[106.000333308,-5.93795008699993,0],[106.000336528,-5.93794478299998,0],[106.000342916,-5.93794216699996,0],[106.000349524,-5.93793503199993,0],[106.00035635,-5.93792337899993,0],[106.000362198,-5.93790755199996,0],[106.000367066,-5.93788755199995,0],[106.00036472,-5.93787645199995,0],[106.00035516,-5.93787425299996,0],[106.000348697,-5.93786584899993,0],[106.000345332,-5.93785123999993,0],[106.000346548,-5.93784548699995,0],[106.000346764,-5.93784446599994,0],[106.000347303,-5.93784455799994,0],[106.000352994,-5.93784552899996,0],[106.000359461,-5.93784237399996,0],[106.000366166,-5.93783500199993,0],[106.00036808,-5.93782587699997,0],[106.000366707,-5.93782067599994,0],[106.000365207,-5.93781499699998,0],[106.000370941,-5.93781193499996,0],[106.000372766,-5.93781253999992,0],[106.00038528,-5.93781669099997,0],[106.000393983,-5.93781569399994,0],[106.000397049,-5.93780894599996,0],[106.000395121,-5.93780482799997,0],[106.000388197,-5.93780333899997,0],[106.000382868,-5.93779888099994,0],[106.000382771,-5.93779868799993,0],[106.000379134,-5.93779145599996,0],[106.000375017,-5.93778938899993,0],[106.000370519,-5.93779267699995,0],[106.000359272,-5.93779233799995,0],[106.000356313,-5.93779168499998,0],[106.000361817,-5.93775824599993,0],[106.00036183,-5.93775803399996,0],[106.000378606,-5.93776031699997,0],[106.00039003,-5.93775795099998,0],[106.000390987,-5.93775024099995,0],[106.000384362,-5.93774318699997,0],[106.000370155,-5.93773679099996,0],[106.000364355,-5.93773179499993,0],[106.000366965,-5.93772819899993,0],[106.000380536,-5.93773055399993,0],[106.000405068,-5.93773885899998,0],[106.000417439,-5.93773985099995,0],[106.00041765,-5.93773352999995,0],[106.000422917,-5.93772555099997,0],[106.000433242,-5.93771591599995,0],[106.000430184,-5.93770965599998,0],[106.000413744,-5.93770676999998,0],[106.000399861,-5.93770114599994,0],[106.000388535,-5.93769278599996,0],[106.000392332,-5.93769011699993,0],[106.000411249,-5.93769313999996,0],[106.000425909,-5.93769682799996,0],[106.000436313,-5.93770118199996,0],[106.000442832,-5.93769854599998,0],[106.000445469,-5.93768891999997,0],[106.000445323,-5.93767848299996,0],[106.000442397,-5.93766723699997,0],[106.000449967,-5.93764719899997,0],[106.000468032,-5.93761837099993,0],[106.000478066,-5.93759691699995,0],[106.00048007,-5.93758283799997,0],[106.000488553,-5.93756351299993,0],[106.000499989,-5.93754473299992,0],[106.000503517,-5.93753893899998,0],[106.000508722,-5.93751765499997,0],[106.000507858,-5.93751423999993,0],[106.000505789,-5.93750605799994,0],[106.00051738,-5.93741580999995,0],[106.000518926,-5.93740377499995,0],[106.000522538,-5.93739285999993,0],[106.000518633,-5.93738720199997,0],[106.000518028,-5.93738667099996,0],[106.000508388,-5.93737822399993,0],[106.000504346,-5.93737150999993,0],[106.000506508,-5.93736705999993,0],[106.000505375,-5.93735051399995,0],[106.000500946,-5.93732187199993,0],[106.000496004,-5.93730609199997,0],[106.000490547,-5.93730317499995,0],[106.000486185,-5.93729496799995,0],[106.000482916,-5.93728147299993,0],[106.000476304,-5.93727281699995,0],[106.000468837,-5.93726995399993,0],[106.000461235,-5.93722199899997,0],[106.000440228,-5.93718476499993,0],[106.000440196,-5.93717313099995,0],[106.00043481,-5.93715757499996,0],[106.000424072,-5.93713907499995,0],[106.000417052,-5.93711852299998,0],[106.000413749,-5.93709591999993,0],[106.000413652,-5.93707829999994,0],[106.000416762,-5.93706566199995,0],[106.000421718,-5.93705470599997,0],[106.000421951,-5.93705438799998,0],[106.000428519,-5.93704542899997,0],[106.000430571,-5.93703623299996,0],[106.000427873,-5.93702711699996,0],[106.000427781,-5.93701482199998,0],[106.000430294,-5.93699934999995,0],[106.00043485,-5.93698709599994,0],[106.000441448,-5.93697805999994,0],[106.000451214,-5.93695970799996,0],[106.000464148,-5.93693203599997,0],[106.000467874,-5.93691812799995,0],[106.000462391,-5.93691798399993,0],[106.00045947,-5.93691376599998,0],[106.000459109,-5.93690547599994,0],[106.000453921,-5.93690549199994,0],[106.000443904,-5.93691381599996,0],[106.00043593,-5.93692738299995,0],[106.000429999,-5.93694619499996,0],[106.00042395,-5.93695890399994,0],[106.000417782,-5.93696550899995,0],[106.000412392,-5.93697698799997,0],[106.000407778,-5.93699333899997,0],[106.000396382,-5.93700908499994,0],[106.000386354,-5.93701743699995,0],[106.000378203,-5.93702422499996,0],[106.000369148,-5.93703629199996,0],[106.000369219,-5.93704528999996,0],[106.000365247,-5.93705203799993,0],[106.000357234,-5.93705653699993,0],[106.000350551,-5.93706328499997,0],[106.0003452,-5.93707228199997,0],[106.000333216,-5.93708676599994,0],[106.000314596,-5.93710673499993,0],[106.000312387,-5.93711798199996,0],[106.000326586,-5.93712050599993,0],[106.000328414,-5.93712471799995,0],[106.00031787,-5.93713061899996,0],[106.000304826,-5.93713592099994,0],[106.000289282,-5.93714062599997,0],[106.000282855,-5.93714882399996,0],[106.000285544,-5.93716051499996,0],[106.00028474,-5.93716735799995,0],[106.000280443,-5.93716935399993,0],[106.000274948,-5.93716605199995,0],[106.000268252,-5.93715744999997,0],[106.000263815,-5.93714749199995,0],[106.000261636,-5.93713617699996,0],[106.000255108,-5.93713420099994,0],[106.00024423,-5.93714156399994,0],[106.000236067,-5.93714252299998,0],[106.000230619,-5.93713707699993,0],[106.000232438,-5.93713458199994,0],[106.000241524,-5.93713503699996,0],[106.000244001,-5.93712935699995,0],[106.000239872,-5.93711754399993,0],[106.000233185,-5.93710954899996,0],[106.000223942,-5.93710537399994,0],[106.000218556,-5.93709689599996,0],[106.000217027,-5.93708411499995,0],[106.000224025,-5.93706637099996,0],[106.000239551,-5.93704366199995,0],[106.000249506,-5.93702437499996,0],[106.000251526,-5.93701706499996,0],[106.000253891,-5.93700850799996,0],[106.000260028,-5.93699938299994,0],[106.000267918,-5.93699699699994,0],[106.000278269,-5.93698485799996,0],[106.000291079,-5.93696296699994,0],[106.000300402,-5.93694256299995,0],[106.000306236,-5.93692364799995,0],[106.000315427,-5.93690760199996,0],[106.000327974,-5.93689442399995,0],[106.000332979,-5.93688186399993,0],[106.000330439,-5.93686992399995,0],[106.00032495,-5.93686533999994,0],[106.000323704,-5.93686429999997,0],[106.000312774,-5.93686499499995,0],[106.000308569,-5.93686260599998,0],[106.000311091,-5.93685713699995,0],[106.000321657,-5.93685246199993,0],[106.000334615,-5.93684976099996,0],[106.000340267,-5.93684858299997,0],[106.000349607,-5.93684133399995,0],[106.000349677,-5.93683071599997,0],[106.000353227,-5.93682513499994,0],[106.000360256,-5.93682459299993,0],[106.000370787,-5.93681320799993,0],[106.000384819,-5.93679097999996,0],[106.000385048,-5.93677851199993,0],[106.000379501,-5.93677740599998,0],[106.000371473,-5.93677580599996,0],[106.000362431,-5.93677243299993,0],[106.000357923,-5.93676838999994,0],[106.000359737,-5.93675195399993,0],[106.000367874,-5.93672312299998,0],[106.00036765,-5.93670743999996,0],[106.000359065,-5.93670490499994,0],[106.000356179,-5.93669682799998,0],[106.000358991,-5.93668320599994,0],[106.000358161,-5.93667414599997,0],[106.000353688,-5.93666964799996,0],[106.000353407,-5.93666268599998,0],[106.000357317,-5.93665326199994,0],[106.000360906,-5.93665101399995,0],[106.000364175,-5.93665593799994,0],[106.000371568,-5.93665615099997,0],[106.000383088,-5.93665165299996,0],[106.000389406,-5.93664257699993,0],[106.000390521,-5.93662892499998,0],[106.000387969,-5.93661914499995,0],[106.000381748,-5.93661323899994,0],[106.000381743,-5.93660889499995,0],[106.000387955,-5.93660611399997,0],[106.000392235,-5.93658789799997,0],[106.000392257,-5.93658758399994,0],[106.000394581,-5.93655424799994,0],[106.00039306,-5.93653505199995,0],[106.000387675,-5.93653030899998,0],[106.000384876,-5.93652231399994,0],[106.000384758,-5.93651597899998,0],[106.000384666,-5.93651106699997,0],[106.000386993,-5.93650254899995,0],[106.000387389,-5.93650109999993,0],[106.000393047,-5.93649241299994,0],[106.000395125,-5.93648004099992,0],[106.000393623,-5.93646398699997,0],[106.00038695,-5.93645797699998,0],[106.000375105,-5.93646201499996,0],[106.000368028,-5.93645996399994,0],[106.000365717,-5.93645182499995,0],[106.000366749,-5.93644544399996,0],[106.000371125,-5.93644082099996,0],[106.000373318,-5.93643289099998,0],[106.000373326,-5.93642165799997,0],[106.000377337,-5.93640465199996,0],[106.00038535,-5.93638187199997,0],[106.000390346,-5.93636035999998,0],[106.000392323,-5.93634011699993,0],[106.000390578,-5.93632983999993,0],[106.000385113,-5.93632953299993,0],[106.000372386,-5.93631913199994,0],[106.000366954,-5.93631356099996,0],[106.000352397,-5.93629863499996,0],[106.000349783,-5.93628775299993,0],[106.000364544,-5.93628648799995,0],[106.000370234,-5.93628373899998,0],[106.00036685,-5.93627950599995,0],[106.000371393,-5.93627591999996,0],[106.00037962,-5.93627397999995,0],[106.000383861,-5.93627297999996,0],[106.000392077,-5.93625982999993,0],[106.000396039,-5.93623646599997,0],[106.000399901,-5.93622071999994,0],[106.000403661,-5.93621259299994,0],[106.000400999,-5.93619728299996,0],[106.000391914,-5.93617478899995,0],[106.00038861,-5.93616280799995,0],[106.000391088,-5.93616133799998,0],[106.000390987,-5.93614766799993,0],[106.000388308,-5.93612179799993,0],[106.00038032,-5.93610003999993,0],[106.000372548,-5.93608972299995,0],[106.000367026,-5.93608239199995,0],[106.000361424,-5.93605801999996,0],[106.000362691,-5.93603918499997,0],[106.000363516,-5.93602692499996,0],[106.00036175,-5.93601041899996,0],[106.000356126,-5.93600850399997,0],[106.000355392,-5.93599818399997,0],[106.000359549,-5.93597945999994,0],[106.000358517,-5.93596784899995,0],[106.000352295,-5.93596334999995,0],[106.000345358,-5.93596784799996,0],[106.000337705,-5.93598134399997,0],[106.00033724,-5.93599034199997,0],[106.000343962,-5.93599484099997,0],[106.000341229,-5.93600496199997,0],[106.000329042,-5.93602070799994,0],[106.000325282,-5.93602903899995,0],[106.000329947,-5.93602995499998,0],[106.000331603,-5.93603490099997,0],[106.00033025,-5.93604387599993,0],[106.000326146,-5.93604976899996,0],[106.000319293,-5.93605257799993,0],[106.000310709,-5.93606761499996,0],[106.000300394,-5.93609487999993,0],[106.000295359,-5.93611552199997,0],[106.000295604,-5.93612953999997,0],[106.000292556,-5.93615116999996,0],[106.000286212,-5.93618041299993,0],[106.000282179,-5.93620740499995,0],[106.000280457,-5.93623214799993,0],[106.000277425,-5.93625126699993,0],[106.000273085,-5.93626476399993,0],[106.000271486,-5.93628500699998,0],[106.000272628,-5.93631199999993,0],[106.000270796,-5.93632999499994,0],[106.00026599,-5.93633899199995,0],[106.000263445,-5.93635023899998,0],[106.000263165,-5.93636373499993,0],[106.000261043,-5.93637385699998,0],[106.00025708,-5.93638060499995,0],[106.000256091,-5.93639072799994,0],[106.000258078,-5.93640422399994,0],[106.000253341,-5.93642221799996,0],[106.000241884,-5.93644471199997,0],[106.000236274,-5.93646158199994,0],[106.000236511,-5.93647282899997,0],[106.000230176,-5.93649280299996,0],[106.000217268,-5.93652150399993,0],[106.00021074,-5.93654279799995,0],[106.00021059,-5.93655668499997,0],[106.000212107,-5.93656634399997,0],[106.000215287,-5.93657177399996,0],[106.000214237,-5.93658066999996,0],[106.000208956,-5.93659303299995,0],[106.000207722,-5.93660051499995,0],[106.000210533,-5.93660311599996,0],[106.000209286,-5.93661216499993,0],[106.000203979,-5.93662766199998,0],[106.000205934,-5.93663890899995,0],[106.000215151,-5.93664590499998,0],[106.000218372,-5.93665320199995,0],[106.000218647,-5.93665382499995,0],[106.000216616,-5.93666190899995,0],[106.000216425,-5.93666266899993,0],[106.00020973,-5.93666941699996,0],[106.000198562,-5.93667406899993,0],[106.000193294,-5.93668462299996,0],[106.000193927,-5.93670107799994,0],[106.000192508,-5.93671319299995,0],[106.000189037,-5.93672096999995,0],[106.000190631,-5.93672931399993,0],[106.000197292,-5.93673822499994,0],[106.000198307,-5.93674410499995,0],[106.000193676,-5.93674695099998,0],[106.000186959,-5.93677060299996,0],[106.000178155,-5.93681505799998,0],[106.000169478,-5.93686787499996,0],[106.000160929,-5.93692905399996,0],[106.000153609,-5.93696868299998,0],[106.000147521,-5.93698676399993,0],[106.000136028,-5.93700367699995,0],[106.000119131,-5.93701942199993,0],[106.000103101,-5.93702908299997,0],[106.000087934,-5.93703265899995,0],[106.000076899,-5.93703265899995,0],[106.000069993,-5.93702908299997,0],[106.000060995,-5.93702872399996,0],[106.000049907,-5.93703158199997,0],[106.000043237,-5.93703109499995,0],[106.000040988,-5.93702726499993,0],[106.000032083,-5.93702349299997,0],[106.000016522,-5.93701978099995,0],[106.000000693,-5.93701793499997,0],[105.999984596,-5.93701795699997,0],[105.999968758,-5.93701380199997,0],[105.99995318,-5.93700546699995,0],[105.999939372,-5.93700105099992,0],[105.999927334,-5.93700055199997,0],[105.999918473,-5.93699791899996,0],[105.999912788,-5.93699315299995,0],[105.999899204,-5.93699026399997,0],[105.999877721,-5.93698925299998,0],[105.999861004,-5.93698572599993,0],[105.999849055,-5.93697967999998,0],[105.999839416,-5.93697755399995,0],[105.999832088,-5.93697934699998,0],[105.999825485,-5.93697807599995,0],[105.999819606,-5.93697374199996,0],[105.999810609,-5.93697154999995,0],[105.999798493,-5.93697149899998,0],[105.999786811,-5.93696813199995,0],[105.999775564,-5.93696144699993,0],[105.999758285,-5.93695628299997,0],[105.999734975,-5.93695263899997,0],[105.999721426,-5.93694739199998,0],[105.999717639,-5.93694053999997,0],[105.999705636,-5.93693599899996,0],[105.999685419,-5.93693376999994,0],[105.999666716,-5.93692895999993,0],[105.99964953,-5.93692157099997,0],[105.99963617,-5.93691823799998,0],[105.999626636,-5.93691896399997,0],[105.999611651,-5.93691681099995,0],[105.999591214,-5.93691178099994,0],[105.99957762,-5.93690694499998,0],[105.999570873,-5.93690230699997,0],[105.999558809,-5.93689807399994,0],[105.999541429,-5.93689424699994,0],[105.999515561,-5.93689054699996,0],[105.999481206,-5.93688697299996,0],[105.999452782,-5.93688294199995,0],[105.999430288,-5.93687845399995,0],[105.999416792,-5.93687388299998,0],[105.999412293,-5.93686922799998,0],[105.999405545,-5.93686924899993,0],[105.999396548,-5.93687394499995,0],[105.999389268,-5.93687355599997,0],[105.999383706,-5.93686807899996,0],[105.999362338,-5.93686275299996,0],[105.999325162,-5.93685757499998,0],[105.999302364,-5.93685786599997,0],[105.999293947,-5.93686362599993,0],[105.999285218,-5.93686508999997,0],[105.999276177,-5.93686225899995,0],[105.999270706,-5.93685746899996,0],[105.999268809,-5.93685072099993,0],[105.999262157,-5.93684959599994,0],[105.999250752,-5.93685409499994,0],[105.999241364,-5.93685521999993,0],[105.999233992,-5.93685296999996,0],[105.999234427,-5.93684847099996,0],[105.999242669,-5.93684172299993,0],[105.999240367,-5.93683460399996,0],[105.999227521,-5.93682711299994,0],[105.999219973,-5.93682688999996,0],[105.999217724,-5.93683393199996,0],[105.999211577,-5.93683827999996,0],[105.999201535,-5.93683993399998,0],[105.999197827,-5.93683565999993,0],[105.999200454,-5.93682545599995,0],[105.999199342,-5.93681473099997,0],[105.999194493,-5.93680348399994,0],[105.999193631,-5.93679336199995,0],[105.999196759,-5.93678436499994,0],[105.999191645,-5.93677270499995,0],[105.99917829,-5.93675838299993,0],[105.999163915,-5.93674808499998,0],[105.999148521,-5.93674181099993,0],[105.999133557,-5.93673997499997,0],[105.999119024,-5.93674257499993,0],[105.999118675,-5.93674248799994,0],[105.999109851,-5.93674028599997,0],[105.999106038,-5.93673310499997,0],[105.999100002,-5.93672936299993,0],[105.999091742,-5.93672905999995,0],[105.999071498,-5.93672541299998,0],[105.999039269,-5.93671842399993,0],[105.999014157,-5.93671181399998,0],[105.998996162,-5.93670558399998,0],[105.998980417,-5.93670430999993,0],[105.99896692,-5.93670799199998,0],[105.99895581,-5.93670709599996,0],[105.998947085,-5.93670162499996,0],[105.998934714,-5.93669728399993,0],[105.998918695,-5.93669407199997,0],[105.998906504,-5.93669375399998,0],[105.99889814,-5.93669633099995,0],[105.998891607,-5.93669322099993,0],[105.998886906,-5.93668442299997,0],[105.998875488,-5.93667672399994,0],[105.998857352,-5.93667012299994,0],[105.998840047,-5.93666674699995,0],[105.998823572,-5.93666659599995,0],[105.99881218,-5.93666323499997,0],[105.998805872,-5.93665666699997,0],[105.998793721,-5.93665330899995,0],[105.998775726,-5.93665315999993,0],[105.998764479,-5.93665073699998,0],[105.99875998,-5.93664603999997,0],[105.998748628,-5.93664409999997,0],[105.998730422,-5.93664491699997,0],[105.998716926,-5.93664151199994,0],[105.998708139,-5.93663388299996,0],[105.99869713,-5.93663026999997,0],[105.998683897,-5.93663067499995,0],[105.998671007,-5.93662824099994,0],[105.99865846,-5.93662296899993,0],[105.998648206,-5.93662399099998,0],[105.998640246,-5.93663130799996,0],[105.998636955,-5.93663070299993,0],[105.998638335,-5.93662217599996,0],[105.99863301,-5.93661536499997,0],[105.998620981,-5.93661027099995,0],[105.998607946,-5.93660799799994,0],[105.998593905,-5.93660854399997,0],[105.998582601,-5.93660747599995,0],[105.998574034,-5.93660479099998,0],[105.998561637,-5.93659778499995,0],[105.998545408,-5.93658645399995,0],[105.998533972,-5.93658102099994,0],[105.99852733,-5.93658148399993,0],[105.998511061,-5.93657389499998,0],[105.998485167,-5.93655825199994,0],[105.998471618,-5.93654797899995,0],[105.998470414,-5.93654307299994,0],[105.998458737,-5.93653727999992,0],[105.998436587,-5.93653059499997,0],[105.998420635,-5.93652384299997,0],[105.998410882,-5.93651702599993,0],[105.998403962,-5.93651599499998,0],[105.998399877,-5.93652075299997,0],[105.998395021,-5.93652095899995,0],[105.998389398,-5.93651661399997,0],[105.998387865,-5.93651178299996,0],[105.998390422,-5.93650646399993,0],[105.998398136,-5.93649899699994,0],[105.998411009,-5.93648937699993,0],[105.998417138,-5.93647751199995,0],[105.998416522,-5.93646340099997,0],[105.998418174,-5.93645644299994,0],[105.998422093,-5.93645663799992,0],[105.998434688,-5.93644160299993,0],[105.998455961,-5.93641133499995,0],[105.998465477,-5.93639346799995,0],[105.998463236,-5.93638800399998,0],[105.998466738,-5.93638157399994,0],[105.998475981,-5.93637417999997,0],[105.998483503,-5.93636370899998,0],[105.998489301,-5.93635015999996,0],[105.99849116,-5.93633897099994,0],[105.998489077,-5.93633014199997,0],[105.998496291,-5.93631892299993,0],[105.998512801,-5.93630530999997,0],[105.998522668,-5.93629175499996,0],[105.998525893,-5.93627825899995,0],[105.998534657,-5.93626159599995,0],[105.998548962,-5.93624176399993,0],[105.998557432,-5.93622674499994,0],[105.998560068,-5.93621653699995,0],[105.998557841,-5.93621047999994,0],[105.99855075,-5.93620857299993,0],[105.998547705,-5.93620295499994,0],[105.998548708,-5.93619362299995,0],[105.998554431,-5.93618518199997,0],[105.998564879,-5.93617762899993,0],[105.998573911,-5.93617352499996,0],[105.99858153,-5.93617286799997,0],[105.998585316,-5.93616804099997,0],[105.998585273,-5.93615904399996,0],[105.998589376,-5.93615229499994,0],[105.998597627,-5.93614779699993,0],[105.998608574,-5.93613024399997,0],[105.99862222,-5.93609963799997,0],[105.998623195,-5.93608029899997,0],[105.998617375,-5.93607628199993,0],[105.998996223,-5.93534866099998,0],[105.999002155,-5.93532471899994,0],[105.998887383,-5.93527959599993,0],[105.998878071,-5.93527248999993,0],[105.998857827,-5.93526589099997,0],[105.998844194,-5.93525965699996,0],[105.998837174,-5.93525378699997,0],[105.998832253,-5.93524621699993,0],[105.998829433,-5.93523694499993,0],[105.998832944,-5.93522833499998,0],[105.998842784,-5.93522038799995,0],[105.99884883,-5.93521768199997,0],[105.998851079,-5.93522021999996,0],[105.99885936,-5.93520803799993,0],[105.998873673,-5.93518113799996,0],[105.998881283,-5.93516247499997,0],[105.998882188,-5.93515204699997,0],[105.998888527,-5.93514017299998,0],[105.998900301,-5.93512685299993,0],[105.998913617,-5.93510323499993,0],[105.998928475,-5.93506931799993,0],[105.998938676,-5.93505019199995,0],[105.99894422,-5.93504585599993,0],[105.998949027,-5.93503784499995,0],[105.998953095,-5.93502615899996,0],[105.998959878,-5.93501381899995,0],[105.998969376,-5.93500082599996,0],[105.99897305,-5.93499100699995,0],[105.998970897,-5.93498436299996,0],[105.99897536,-5.93497645399998,0],[105.99898644,-5.93496727999997,0],[105.998992147,-5.93495811799994,0],[105.998992481,-5.93494896699997,0],[105.998995182,-5.93493764299996,0],[105.999000252,-5.93492414699995,0],[105.999008455,-5.93491235199997,0],[105.999019789,-5.93490225899995,0],[105.999029529,-5.93489115999995,0],[105.999037674,-5.93487905699993,0],[105.999043623,-5.93486385899996,0],[105.999047375,-5.93484556799996,0],[105.999052871,-5.93483419399996,0],[105.99906011,-5.93482973699997,0],[105.999064214,-5.93482073899997,0],[105.99906518,-5.93480720099996,0],[105.999069869,-5.93479818299994,0],[105.999078277,-5.93479368399994,0],[105.999081361,-5.93478827899997,0],[105.99907912,-5.93478196599995,0],[105.999082613,-5.93477521699998,0],[105.999091839,-5.93476803399994,0],[105.99910016,-5.93475319599997,0],[105.999107576,-5.93473070199997,0],[105.999113116,-5.93471857599997,0],[105.999116779,-5.93471681599993,0],[105.999121871,-5.93470570299996,0],[105.999128391,-5.93468523699994,0],[105.999135082,-5.93467280999994,0],[105.999141944,-5.93466842099997,0],[105.999148819,-5.93466067199995,0],[105.999155708,-5.93464956399993,0],[105.999158177,-5.93464078499994,0],[105.999156226,-5.93463433599993,0],[105.999158335,-5.93462957899993,0],[105.999164504,-5.93462651399994,0],[105.999174331,-5.93461272699994,0],[105.999187818,-5.93458821399997,0],[105.999194449,-5.93457299399995,0],[105.99919422,-5.93456706499995,0],[105.999190385,-5.93456210199997,0],[105.999182942,-5.93455810399996,0],[105.999176159,-5.93454742099993,0],[105.999170035,-5.93453005499993,0],[105.999161696,-5.93451915699995,0],[105.999151144,-5.93451472899994,0],[105.999144624,-5.93450670099998,0],[105.999142137,-5.93449507099996,0],[105.999135908,-5.93448749199996,0],[105.999125935,-5.93448396199994,0],[105.999117034,-5.93447178199995,0],[105.999109206,-5.93445095099997,0],[105.999097603,-5.93443331399993,0],[105.999082226,-5.93441887099993,0],[105.999075421,-5.93441010699996,0],[105.999077188,-5.93440701999998,0],[105.99907127,-5.93439944099993,0],[105.999057668,-5.93438736799993,0],[105.999050867,-5.93437795899996,0],[105.999050867,-5.93437121299996,0],[105.999046399,-5.93436105899997,0],[105.999037463,-5.93434749699998,0],[105.999029037,-5.93433867899995,0],[105.999017162,-5.93433256599997,0],[105.999009145,-5.93432019499994,0],[105.999005919,-5.93431599399997,0],[105.99900621,-5.93430984099996,0],[105.999000754,-5.93429971899997,0],[105.99898955,-5.93428562699995,0],[105.998981819,-5.93427814499995,0],[105.998977557,-5.93427726999994,0],[105.998971692,-5.93426819599995,0],[105.998964223,-5.93425092199993,0],[105.99895263,-5.93423552199994,0],[105.99893691,-5.93422199699995,0],[105.998919961,-5.93419850099997,0],[105.998901781,-5.93416503299994,0],[105.99888883,-5.93414600499995,0],[105.998881106,-5.93414141599993,0],[105.998877988,-5.93413687199995,0],[105.998879472,-5.93413237399994,0],[105.998874526,-5.93412787499994,0],[105.998863147,-5.93412337699993,0],[105.998858538,-5.93411648399996,0],[105.9988607,-5.93410719599996,0],[105.998856105,-5.93409585799998,0],[105.998844753,-5.93408246899997,0],[105.998836735,-5.93407512299996,0],[105.998832051,-5.93407381799994,0],[105.998825365,-5.93406363499997,0],[105.998816675,-5.93404457199995,0],[105.998809927,-5.93403509899997,0],[105.998805121,-5.93403521599993,0],[105.99880179,-5.93403086899997,0],[105.998799937,-5.93402206099995,0],[105.998793255,-5.93400978399995,0],[105.998781744,-5.93399403799998,0],[105.998769363,-5.93398054199997,0],[105.998756114,-5.93396929599993,0],[105.998747134,-5.93395571499997,0],[105.998742425,-5.93393979999996,0],[105.998734516,-5.93392502699993,0],[105.99872341,-5.93391139399995,0],[105.998706663,-5.93388765499998,0],[105.998684275,-5.93385380999996,0],[105.998668978,-5.93383431999996,0],[105.998660771,-5.93382918599997,0],[105.998655143,-5.93382131499993,0],[105.998652094,-5.93381070499993,0],[105.99864362,-5.93379770199994,0],[105.998629719,-5.93378230499997,0],[105.998620748,-5.93376990899998,0],[105.998616706,-5.93376051099995,0],[105.998609418,-5.93375095699997,0],[105.998598883,-5.93374124599995,0],[105.998585435,-5.93372235599998,0],[105.998569075,-5.93369428699998,0],[105.998559023,-5.93367960099994,0],[105.99855528,-5.93367829499994,0],[105.998549349,-5.93367042299997,0],[105.998541229,-5.93365598199995,0],[105.998529461,-5.93364300499996,0],[105.99851404,-5.93363148999993,0],[105.998506413,-5.93362002799995,0],[105.99850658,-5.93360861799994,0],[105.998498224,-5.93359638099997,0],[105.998481345,-5.93358331499996,0],[105.998474694,-5.93357484699993,0],[105.99847827,-5.93357097399996,0],[105.998475902,-5.93356469299994,0],[105.99846759,-5.93355600599995,0],[105.998457428,-5.93354079799997,0],[105.998445417,-5.93351907099998,0],[105.998434768,-5.93350510799996,0],[105.99842548,-5.93349890599995,0],[105.99841846,-5.93349067399993,0],[105.998413707,-5.93348041199994,0],[105.998407569,-5.93347517599994,0],[105.998400047,-5.93347496699994,0],[105.998393018,-5.93346885199998,0],[105.998386481,-5.93345682899997,0],[105.998384794,-5.93344874599995,0],[105.998387958,-5.93344460199995,0],[105.998387298,-5.93343879199995,0],[105.998382817,-5.93343131899996,0],[105.998377352,-5.93342776799994,0],[105.998370902,-5.93342813999993,0],[105.99836643,-5.93342157799998,0],[105.998363935,-5.93340808099993,0],[105.998356119,-5.93339644299994,0],[105.998342983,-5.93338666399995,0],[105.998337342,-5.93337991499993,0],[105.998339196,-5.93337619899995,0],[105.998336789,-5.93336848399997,0],[105.99833012,-5.93335677199997,0],[105.998321518,-5.93334718699998,0],[105.998310982,-5.93333972899995,0],[105.998302952,-5.93332864099995,0],[105.998297426,-5.93331392099998,0],[105.998289377,-5.93330509999993,0],[105.998278806,-5.93330217899995,0],[105.998271988,-5.93329662999997,0],[105.998268922,-5.93328845499997,0],[105.99826401,-5.93328396799996,0],[105.998257253,-5.93328316999992,0],[105.998251432,-5.93327867099993,0],[105.998246547,-5.93327047199995,0],[105.998245159,-5.93326213499995,0],[105.998247267,-5.93325366299996,0],[105.998244333,-5.93324241699997,0],[105.998236354,-5.93322839499996,0],[105.998225371,-5.93321916699995,0],[105.998211383,-5.93321473199995,0],[105.998201661,-5.93320236099993,0],[105.998196204,-5.93318205299994,0],[105.998184285,-5.93316357599997,0],[105.998165904,-5.93314692999996,0],[105.998156652,-5.93313382299993,0],[105.998156529,-5.93312425599993,0],[105.998147236,-5.93310574499998,0],[105.998128776,-5.93307828999997,0],[105.998110334,-5.93305540599994,0],[105.998091908,-5.93303709499997,0],[105.998080731,-5.93302096199994,0],[105.998076804,-5.93300700699996,0],[105.998071004,-5.93299800999995,0],[105.998063334,-5.93299396999993,0],[105.998057812,-5.93298632699998,0],[105.998054438,-5.93297507999995,0],[105.99804703,-5.93296134999997,0],[105.99803559,-5.93294513699993,0],[105.998026527,-5.93293587299996,0],[105.99801984,-5.93293355999998,0],[105.998012025,-5.93292367199996,0],[105.99800308,-5.93290620899995,0],[105.997989826,-5.93288960399997,0],[105.997972261,-5.93287385899993,0],[105.997965562,-5.93286148699997,0],[105.997969727,-5.93285248999996,0],[105.997968119,-5.93284461799993,0],[105.997960738,-5.93283786899997,0],[105.99795848,-5.93283112099994,0],[105.997961345,-5.93282437399995,0],[105.997959204,-5.93281874999997,0],[105.997952062,-5.93281425099997,0],[105.997949768,-5.93280862699993,0],[105.997952325,-5.93280187899995,0],[105.997950247,-5.93279400699993,0],[105.997943534,-5.93278500899993,0],[105.997941162,-5.93277809899996,0],[105.99794313,-5.93277327499993,0],[105.997940024,-5.93276877599993,0],[105.997931843,-5.93276460199996,0],[105.997929809,-5.93276026599995,0],[105.997933921,-5.93275576799994,0],[105.997933074,-5.93274817199995,0],[105.997927266,-5.93273748199994,0],[105.997923751,-5.93272712399994,0],[105.99792253,-5.93271709799996,0],[105.997919498,-5.93270894699998,0],[105.997914657,-5.93270267099996,0],[105.997912508,-5.93269503499994,0],[105.997913053,-5.93268603799993,0],[105.997909354,-5.93267928999995,0],[105.997901411,-5.93267479099995,0],[105.997899091,-5.93266916799996,0],[105.997902395,-5.93266241999993,0],[105.997899579,-5.93265117299995,0],[105.997890643,-5.93263542699998,0],[105.997884883,-5.93262179999994,0],[105.997882301,-5.93261028899997,0],[105.997876378,-5.93259868399997,0],[105.997867117,-5.93258698499994,0],[105.997856481,-5.93257737899995,0],[105.99784447,-5.93256986599994,0],[105.997838051,-5.93255897799997,0],[105.997837225,-5.93254471299997,0],[105.997829379,-5.93253195699998,0],[105.997814512,-5.93252070999995,0],[105.997806635,-5.93251091399998,0],[105.997805748,-5.93250256899995,0],[105.997801605,-5.93249343999997,0],[105.997794206,-5.93248352699993,0],[105.997783623,-5.93247645199995,0],[105.997769854,-5.93247221699994,0],[105.997763357,-5.93246447699994,0],[105.99776413,-5.93245322899998,0],[105.997762017,-5.93244342299994,0],[105.99774552,-5.93243222099994,0],[105.997738443,-5.93243058599995,0],[105.997734796,-5.93242516499993,0],[105.997732222,-5.93241541199995,0],[105.997725931,-5.93240630699995,0],[105.997715923,-5.93239784999997,0],[105.997710304,-5.93238772899997,0],[105.997709074,-5.93237594399994,0],[105.99770407,-5.93236710499997,0],[105.997695292,-5.93236121099994,0],[105.997689066,-5.93235222899995,0],[105.997685394,-5.93234015899998,0],[105.997673514,-5.93232617099994,0],[105.997653429,-5.93231026799998,0],[105.997644176,-5.93229856599993,0],[105.997645757,-5.93229106399997,0],[105.997644299,-5.93228406199995,0],[105.997639801,-5.93227755999993,0],[105.997634177,-5.93227664499994,0],[105.997627429,-5.93228131699993,0],[105.997621985,-5.93228172399995,0],[105.997617847,-5.93227786399996,0],[105.997615708,-5.93226700699995,0],[105.997615567,-5.93224915299993,0],[105.997612044,-5.93224030399995,0],[105.997605138,-5.93224045899996,0],[105.997600757,-5.93223471699997,0],[105.997598903,-5.93222307399998,0],[105.997591237,-5.93220825099996,0],[105.997577758,-5.93219024499996,0],[105.997567408,-5.93218130399993,0],[105.997560186,-5.93218142999996,0],[105.997554325,-5.93217736499997,0],[105.997549826,-5.93216911299993,0],[105.997542142,-5.93216459899998,0],[105.997531273,-5.93216382299994,0],[105.99752565,-5.93215684099994,0],[105.997525272,-5.93214364899995,0],[105.997519232,-5.93212944399994,0],[105.997507528,-5.93211422299993,0],[105.997499963,-5.93210106799995,0],[105.997496535,-5.93208997699998,0],[105.99749013,-5.93207962799994,0],[105.997480746,-5.93207001899998,0],[105.99747594,-5.93206252799996,0],[105.997475712,-5.93205715299996,0],[105.997470932,-5.93205040499993,0],[105.9974616,-5.93204228399998,0],[105.997453728,-5.93204132499994,0],[105.997447313,-5.93204753099997,0],[105.997441682,-5.93204640699997,0],[105.997436831,-5.93203795199997,0],[105.997435716,-5.93202811099997,0],[105.997438333,-5.93201688399995,0],[105.997433598,-5.93200492699998,0],[105.997421508,-5.93199223799996,0],[105.997417271,-5.93198353299994,0],[105.997416029,-5.93198098199997,0],[105.997417163,-5.93197115699996,0],[105.997412062,-5.93196174499997,0],[105.997400727,-5.93195274699997,0],[105.997390451,-5.93193878199997,0],[105.997381235,-5.93191984999993,0],[105.9973683,-5.93190410399995,0],[105.99735165,-5.93189154599997,0],[105.997344072,-5.93188159799996,0],[105.997345565,-5.93187425799994,0],[105.997342644,-5.93187000799998,0],[105.997335307,-5.93186884599993,0],[105.997330514,-5.93186329099996,0],[105.997328265,-5.93185334499998,0],[105.997322777,-5.93184846299994,0],[105.997314052,-5.93184864599993,0],[105.997309747,-5.93184192999996,0],[105.997309861,-5.93182831799993,0],[105.997307599,-5.93181708199995,0],[105.99730296,-5.93180822399995,0],[105.997297283,-5.93180377899995,0],[105.99729057,-5.93180375099996,0],[105.997287126,-5.93179932599998,0],[105.99728695,-5.93179050399993,0],[105.997281419,-5.93178389399998,0],[105.997270532,-5.93177949599993,0],[105.997266447,-5.93177438999993,0],[105.997269162,-5.93176857599997,0],[105.997262357,-5.93175827999994,0],[105.997248922,-5.93174611799998,0],[105.997244097,-5.93175064299993,0],[105.997240817,-5.93175371899997,0],[105.997239868,-5.93176425699994,0],[105.9972354,-5.93176981699997,0],[105.997227579,-5.93176855399997,0],[105.997226508,-5.93177363999996,0],[105.997232184,-5.93178507599993,0],[105.99722881,-5.93180145899993,0],[105.997216386,-5.93182278799998,0],[105.997205675,-5.93183249299994,0],[105.997196677,-5.93183057299996,0],[105.997188805,-5.93183367999995,0],[105.997182057,-5.93184181399994,0],[105.997172128,-5.93184428799998,0],[105.997159018,-5.93184110399994,0],[105.997145522,-5.93184142499996,0],[105.997131639,-5.93184525399994,0],[105.997121675,-5.93184059499993,0],[105.997115631,-5.93182744799998,0],[105.997108061,-5.93181754899996,0],[105.997098967,-5.93181089699993,0],[105.997093202,-5.93180337699994,0],[105.997090769,-5.93179498899997,0],[105.997083634,-5.93178741999998,0],[105.997071798,-5.93178067199995,0],[105.997064282,-5.93177167499994,0],[105.997061084,-5.93176042799996,0],[105.997051045,-5.93174904899996,0],[105.997034166,-5.93173753899993,0],[105.997022761,-5.93172250899994,0],[105.99701683,-5.93170395699997,0],[105.997009234,-5.93169368799994,0],[105.996999973,-5.93169170099998,0],[105.996991705,-5.93168761099997,0],[105.996984429,-5.93168142099995,0],[105.996982189,-5.93167186299996,0],[105.996984983,-5.93165893499997,0],[105.996980651,-5.93164863399994,0],[105.996969194,-5.93164095999992,0],[105.996962735,-5.93163167699993,0],[105.996961277,-5.93162078799998,0],[105.996957933,-5.93161513499996,0],[105.996952706,-5.93161471399998,0],[105.996946507,-5.93160951799996,0],[105.996939337,-5.93159954599997,0],[105.996932519,-5.93159511699997,0],[105.996926052,-5.93159622999997,0],[105.996920604,-5.93159130399994,0],[105.996916175,-5.93158033899994,0],[105.996916307,-5.93157287899993,0],[105.996920999,-5.93156892499997,0],[105.996919699,-5.93156275999996,0],[105.996912406,-5.93155438499997,0],[105.996904885,-5.93155011399995,0],[105.996897135,-5.93154994899993,0],[105.996892636,-5.93154432199998,0],[105.996891389,-5.93153323399997,0],[105.996885142,-5.93151889699993,0],[105.996873895,-5.93150130999993,0],[105.996863773,-5.93149372399995,0],[105.996854775,-5.93149613799994,0],[105.996845778,-5.93149589699993,0],[105.996836781,-5.93149299899994,0],[105.996831064,-5.93148650899997,0],[105.996828631,-5.93147642599996,0],[105.996819558,-5.93146695899998,0],[105.996803849,-5.93145810699997,0],[105.996790783,-5.93144461099996,0],[105.996780362,-5.93142647099995,0],[105.99677737,-5.93141208399993,0],[105.996781807,-5.93140144999995,0],[105.996774277,-5.93138952299995,0],[105.99675478,-5.93137630399997,0],[105.9967421,-5.93136547699993,0],[105.996736241,-5.93135704099996,0],[105.996725872,-5.93134941499994,0],[105.996710996,-5.93134259699997,0],[105.996698836,-5.93133174799993,0],[105.996689391,-5.93131687099998,0],[105.996687624,-5.93130493299998,0],[105.996693537,-5.93129593499998,0],[105.996692866,-5.93128852399997,0],[105.996685608,-5.93128269899995,0],[105.996680587,-5.93127409799996,0],[105.996677801,-5.93126272099994,0],[105.996679387,-5.93125412699993,0],[105.996685344,-5.93124831399996,0],[105.996686153,-5.93124333999998,0],[105.996681812,-5.93123920399995,0],[105.996678438,-5.93122892299994,0],[105.996676031,-5.93121249599994,0],[105.996672038,-5.93120082899998,0],[105.996671729,-5.93119992599998,0],[105.996665534,-5.93119121199993,0],[105.996659802,-5.93118814799993,0],[105.99665453,-5.93119073299994,0],[105.996651674,-5.93119775899993,0],[105.996651235,-5.93120922599996,0],[105.996646846,-5.93121860799994,0],[105.996638507,-5.93122590499996,0],[105.996631061,-5.93122693299995,0],[105.996624506,-5.93122169199995,0],[105.996609885,-5.93122570999998,0],[105.996587198,-5.93123898799996,0],[105.996570342,-5.93125044399994,0],[105.996559315,-5.93126007399997,0],[105.996550537,-5.93126499799996,0],[105.996544339,-5.93126520699997,0],[105.996393108,-5.93136944099996,0],[105.996317437,-5.93143939899994,0],[105.996316054,-5.93143856799998,0],[105.996300309,-5.93145157199996,0],[105.996279622,-5.93146706699997,0],[105.99627894,-5.93146757799997,0],[105.996251948,-5.93148658499996,0],[105.996250376,-5.93148679099994,0],[105.996231189,-5.93148930199993,0],[105.996216665,-5.93147572899994,0],[105.996208793,-5.93146575299994,0],[105.996207571,-5.93145937499997,0],[105.996201337,-5.93145622299994,0],[105.996193301,-5.93145627799993,0],[105.99619009,-5.93145629999998,0],[105.996178844,-5.93145224399996,0],[105.996167597,-5.93144405499993,0],[105.996158599,-5.93144396099996,0],[105.996157952,-5.93144472999995,0],[105.996151314,-5.93143861599998,0],[105.996149438,-5.93143688799995,0],[105.99609896,-5.93134538099997,0],[105.996096684,-5.93134125599994,0],[105.99602008,-5.93127438599993,0],[105.995986542,-5.93123136999998,0],[105.995939324,-5.93119898999993,0],[105.995909965,-5.93117885699996,0],[105.99586206,-5.93112150799993,0],[105.995770508,-5.93095086299996,0],[105.995751747,-5.93091589499994,0],[105.995722867,-5.93080586199994,0],[105.995665449,-5.93073630399994,0],[105.995655799,-5.93072461399993,0],[105.995459974,-5.93081590699995,0],[105.99540345,-5.93077832199998,0],[105.995402543,-5.93077771899993,0],[105.995395354,-5.93076696299994,0],[105.995394382,-5.93076454299995,0],[105.995376893,-5.93072099199998,0],[105.995386578,-5.93071998499994,0],[105.995388036,-5.93070822399994,0],[105.995377036,-5.93068615099997,0],[105.995371434,-5.93067173899993,0],[105.995371233,-5.93066499099996,0],[105.995361901,-5.93065299199998,0],[105.995343441,-5.93063574199994,0],[105.995324089,-5.93062705299997,0],[105.995303844,-5.93062692499996,0],[105.995290348,-5.93062271799994,0],[105.9952836,-5.93061442999993,0],[105.995271967,-5.93061001099994,0],[105.995255448,-5.93060946199995,0],[105.995247162,-5.93060317499993,0],[105.995247109,-5.93059115099993,0],[105.995240576,-5.93058626399994,0],[105.995227564,-5.93058851299998,0],[105.995217855,-5.93059487599993,0],[105.995211449,-5.93060535199993,0],[105.995204872,-5.93060778599994,0],[105.995198124,-5.93060217699997,0],[105.995186688,-5.93060050199995,0],[105.995170565,-5.93060275999994,0],[105.995160443,-5.93060190899996,0],[105.995156322,-5.93059794899995,0],[105.995145466,-5.93059551099998,0],[105.995127876,-5.93059459399996,0],[105.995114112,-5.93059188699993,0],[105.995104174,-5.93058738799994,0],[105.995099447,-5.93058066699996,0],[105.99509993,-5.93057172199997,0],[105.995089593,-5.93056272399997,0],[105.995068435,-5.93055367399995,0],[105.99505609,-5.93055312099995,0],[105.995052558,-5.93056106399996,0],[105.995051719,-5.93056150899997,0],[105.995046398,-5.93056433099997,0],[105.995037612,-5.93056291999994,0],[105.995032604,-5.93055782399995,0],[105.995032224,-5.93055511199998,0],[105.995031374,-5.93054904199994,0],[105.995027893,-5.93054420399994,0],[105.995022165,-5.93054330899997,0],[105.995014801,-5.93054729599993,0],[105.995013204,-5.93054887099993,0],[105.995005805,-5.93055616499993,0],[105.994996188,-5.93055886099995,0],[105.994985951,-5.93055538499993,0],[105.994984638,-5.93054914899994,0],[105.994991027,-5.93054159399998,0],[105.994992247,-5.93054015199994,0],[105.994992866,-5.93053517399994,0],[105.994986496,-5.93053421399998,0],[105.994981071,-5.93053832699997,0],[105.994979568,-5.93053946599997,0],[105.994972082,-5.93055092899993,0],[105.994964069,-5.93055380199996,0],[105.994955528,-5.93054808199997,0],[105.994951513,-5.93054046499998,0],[105.994952022,-5.93053095099998,0],[105.994947927,-5.93052745099993,0],[105.994946232,-5.93052600399994,0],[105.994943227,-5.93052590999997,0],[105.994934141,-5.93052562399993,0],[105.994924301,-5.93052911399997,0],[105.994916709,-5.93053647299996,0],[105.994914743,-5.93054406599992,0],[105.99490075,-5.93054409099994,0],[105.994885862,-5.93054411799994,0],[105.994872793,-5.93054196099996,0],[105.994857173,-5.93053938399993,0],[105.99479159,-5.93044806899997,0],[105.994627149,-5.93021911299996,0],[105.994377927,-5.92989781899996,0],[105.994012453,-5.92942665799995,0],[105.994004285,-5.92941612799996,0],[105.993956501,-5.92942578699996,0],[105.993923082,-5.92944977899998,0],[105.993880086,-5.92946421499994,0],[105.993851422,-5.92947383899997,0],[105.993822759,-5.92948346299994,0],[105.993810703,-5.92948348499993,0],[105.993800541,-5.92946980099993,0],[105.993797281,-5.92947048699995,0],[105.993789214,-5.92946005399995,0],[105.993776342,-5.92943850599994,0],[105.99375627,-5.92940875199997,0],[105.993728996,-5.92937079399996,0],[105.993713641,-5.92935128199997,0],[105.993710206,-5.92935021399995,0],[105.993694289,-5.92933024399997,0],[105.993665891,-5.92929137299996,0],[105.993650936,-5.92927595999993,0],[105.993649425,-5.92928400599993,0],[105.993647175,-5.92928072199993,0],[105.993644188,-5.92926610799998,0],[105.993637335,-5.92925271999997,0],[105.993626616,-5.92924055999993,0],[105.993615702,-5.92922540999996,0],[105.993604596,-5.92920726999995,0],[105.993591961,-5.92918985499995,0],[105.993577797,-5.92917316499995,0],[105.993568676,-5.92916091699993,0],[105.9935646,-5.92915311299993,0],[105.993550555,-5.92913424799997,0],[105.993526541,-5.92910432299993,0],[105.993509104,-5.92908026899994,0],[105.993495964,-5.92906214299995,0],[105.993458823,-5.92900770899996,0],[105.993433114,-5.92897564499998,0],[105.993418835,-5.92896595099995,0],[105.993415876,-5.92895754399996,0],[105.993415149,-5.92895547999996,0],[105.993422056,-5.92894423399997,0],[105.993425021,-5.92893378899993,0],[105.993424046,-5.92892414499994,0],[105.993420553,-5.92891064899993,0],[105.993414543,-5.92889330099996,0],[105.993412215,-5.92887812399994,0],[105.993413567,-5.92886511999995,0],[105.993410774,-5.92884472599997,0],[105.993403833,-5.92881694299996,0],[105.993401543,-5.92879757699995,0],[105.993403907,-5.92878662899994,0],[105.993400709,-5.92877440699993,0],[105.993391948,-5.92876091099993,0],[105.993387547,-5.92873729299993,0],[105.993387502,-5.92870355199994,0],[105.993385245,-5.92868668199998,0],[105.993380772,-5.92868668299997,0],[105.99337981,-5.92867880999995,0],[105.993382358,-5.92866306399998,0],[105.993381075,-5.92865406699997,0],[105.993375962,-5.92865181799993,0],[105.993373945,-5.92864576599993,0],[105.993375026,-5.92863591499997,0],[105.99337394,-5.92862016899994,0],[105.993370689,-5.92859852999993,0],[105.993381238,-5.92858640299994,0],[105.993405585,-5.92858378699998,0],[105.993476023,-5.92845626599996,0],[105.993476833,-5.92845540199994,0],[105.993540386,-5.92838761199994,0],[105.993561683,-5.92836489399997,0],[105.993568583,-5.92836089999997,0],[105.993703291,-5.92828291399996,0],[105.99370989,-5.92828502599997,0],[105.993713929,-5.92828255699993,0],[105.993718316,-5.92827987499993,0],[105.993723144,-5.92827167599995,0],[105.993724374,-5.92826042899998,0],[105.993727001,-5.92825358899995,0],[105.993731026,-5.92825115499994,0],[105.993740177,-5.92823203599994,0],[105.993754455,-5.92819622999997,0],[105.993764494,-5.92817494599996,0],[105.993770293,-5.92816817899995,0],[105.993773456,-5.92816057799996,0],[105.993773983,-5.92815214099994,0],[105.993778548,-5.92814210199998,0],[105.993787149,-5.92813046199996,0],[105.993795119,-5.92811593899995,0],[105.993802456,-5.92809853299997,0],[105.993809209,-5.92808825699996,0],[105.993815376,-5.92808511199996,0],[105.993821839,-5.92807470199995,0],[105.993828596,-5.92805702799996,0],[105.993840251,-5.92803798699993,0],[105.993856806,-5.92801757999996,0],[105.993869466,-5.92800062899994,0],[105.993878235,-5.92798713299993,0],[105.993887263,-5.92797813499993,0],[105.993896552,-5.92797363599993,0],[105.993903655,-5.92796536699996,0],[105.993908576,-5.92795332799994,0],[105.993922678,-5.92793698699995,0],[105.993945962,-5.92791634499997,0],[105.993968794,-5.92788974899997,0],[105.993991173,-5.92785719899996,0],[105.994009217,-5.92783417599998,0],[105.994022923,-5.92782067999997,0],[105.994032215,-5.92780854599994,0],[105.994037092,-5.92779777399994,0],[105.994044916,-5.92778749899998,0],[105.994055688,-5.92777772199997,0],[105.99406705,-5.92776209199997,0],[105.994078999,-5.92774060799997,0],[105.994086806,-5.92772951399996,0],[105.994090471,-5.92772880899997,0],[105.994095149,-5.92772230199995,0],[105.994100207,-5.92771136399995,0],[105.994100842,-5.92770999199996,0],[105.994103207,-5.92770750699998,0],[105.994111031,-5.92769928499996,0],[105.994125713,-5.92769017899997,0],[105.994134913,-5.92768058799993,0],[105.994138629,-5.92767051299995,0],[105.994145575,-5.92766097599997,0],[105.99415575,-5.92765197899996,0],[105.994162801,-5.92764185599998,0],[105.994166409,-5.92763152699996,0],[105.994166729,-5.92763060999994,0],[105.9941757,-5.92761598899995,0],[105.994189714,-5.92759799399994,0],[105.994196677,-5.92758562299997,0],[105.994196589,-5.92757887399995,0],[105.994202042,-5.92756832699996,0],[105.994213034,-5.92755398099996,0],[105.99422077,-5.92754047599993,0],[105.994225251,-5.92752781299993,0],[105.994234302,-5.92751018899997,0],[105.994247921,-5.92748760599994,0],[105.994253081,-5.92747601799994,0],[105.994254928,-5.92747186899993,0],[105.994255323,-5.92746297899993,0],[105.994253303,-5.92745628499995,0],[105.994248865,-5.92745178599995,0],[105.994251989,-5.92744424999995,0],[105.994262673,-5.92743367799994,0],[105.994271583,-5.92742692999997,0],[105.994278718,-5.92742400599997,0],[105.994285734,-5.92741552699994,0],[105.994373626,-5.92738078399998,0],[105.994414402,-5.92736466499997,0],[105.994441132,-5.92735409899996,0],[105.994595321,-5.92736552199995,0],[105.994710783,-5.92722601999998,0],[105.994724516,-5.92722080099998,0],[105.994738206,-5.92720974499997,0],[105.994751851,-5.92719285299995,0],[105.994774591,-5.92717421099996,0],[105.994806424,-5.92715381999994,0],[105.994822095,-5.92713904499993,0],[105.994821959,-5.92713650599995,0],[105.994821603,-5.92712988499994,0],[105.994831813,-5.92711447399995,0],[105.994852725,-5.92709281599997,0],[105.994855582,-5.92708825299997,0],[105.994867662,-5.92706896299995,0],[105.994876624,-5.92704291899997,0],[105.994880613,-5.92702216299995,0],[105.99487963,-5.92700669899995,0],[105.994880394,-5.92699243599998,0],[105.994881524,-5.92698656099998,0],[105.994882907,-5.92697937499997,0],[105.994880679,-5.92694243499994,0],[105.994873712,-5.92688161699994,0],[105.994867008,-5.92684114099995,0],[105.994860567,-5.92682100699994,0],[105.994858893,-5.92680413599993,0],[105.994861986,-5.92679052999995,0],[105.994860273,-5.92677135499997,0],[105.994853753,-5.92674661299998,0],[105.994851196,-5.92673210699996,0],[105.994835171,-5.92647465099998,0],[105.994756126,-5.92609308999994,0],[105.994743566,-5.92600316099993,0],[105.994741892,-5.92598745499993,0],[105.994742524,-5.92596946099997,0],[105.994740438,-5.92595708899995,0],[105.994735631,-5.92595034099998,0],[105.994731405,-5.92592447399994,0],[105.994727759,-5.92587948599993,0],[105.994724046,-5.92585474299995,0],[105.994720268,-5.92585024399995,0],[105.994718524,-5.92584237199998,0],[105.994718814,-5.92583112499995,0],[105.994715185,-5.92581326199996,0],[105.994707637,-5.92578878199993,0],[105.99470451,-5.92576741399995,0],[105.994705801,-5.92574915499995,0],[105.994702849,-5.92573327799994,0],[105.994695653,-5.92571978099994,0],[105.994691013,-5.92570516099994,0],[105.994688931,-5.92568941499997,0],[105.994688729,-5.92567488399993,0],[105.994690407,-5.92566156499993,0],[105.994689756,-5.92565144299994,0],[105.994686778,-5.92564451799996,0],[105.994683448,-5.92561842899994,0],[105.994679766,-5.92557317799998,0],[105.994675184,-5.92554317299994,0],[105.994669702,-5.92552841399993,0],[105.994667435,-5.92551055099995,0],[105.994668384,-5.92548958399993,0],[105.994666138,-5.92547045899994,0],[105.9946607,-5.92545317599996,0],[105.994657366,-5.92543293199998,0],[105.994656135,-5.92540972599994,0],[105.99465049,-5.92538275799996,0],[105.994640429,-5.92535202799996,0],[105.994636154,-5.92533403299996,0],[105.994637665,-5.92532877399998,0],[105.994635987,-5.92531602199995,0],[105.994631119,-5.92529577799996,0],[105.994627658,-5.92526624699997,0],[105.994625601,-5.92522742799997,0],[105.994618388,-5.92520268399994,0],[105.994606017,-5.92519201799996,0],[105.994602353,-5.92518141799997,0],[105.994607396,-5.92517088499994,0],[105.99460461,-5.92515963899996,0],[105.994593996,-5.92514767799997,0],[105.994587249,-5.92513475199996,0],[105.994584367,-5.92512085999994,0],[105.994576178,-5.92510750099996,0],[105.994562681,-5.92509467499997,0],[105.994554809,-5.92508400199995,0],[105.994552559,-5.92507548399993,0],[105.994541312,-5.92506297499995,0],[105.994521068,-5.92504647599998,0],[105.994507572,-5.92503326099995,0],[105.994500824,-5.92502332999993,0],[105.994486765,-5.92501039699994,0],[105.994465397,-5.92499445999994,0],[105.994444225,-5.92498123399997,0],[105.994423252,-5.92497071899993,0],[105.994397767,-5.92495985399995,0],[105.994367769,-5.92494863999997,0],[105.994350535,-5.92494321299995,0],[105.994346062,-5.92494357399994,0],[105.994331736,-5.92493824599995,0],[105.994307555,-5.92492722899993,0],[105.994286353,-5.92491636799997,0],[105.99426813,-5.92490566199996,0],[105.994248896,-5.92489830599993,0],[105.994228652,-5.92489430199993,0],[105.994214106,-5.92489511299993,0],[105.994205258,-5.92490074199998,0],[105.994199766,-5.92490698999995,0],[105.994197631,-5.92491385899996,0],[105.994186442,-5.92492165899995,0],[105.994166197,-5.92493039099998,0],[105.994153694,-5.92492832799996,0],[105.994148931,-5.92491547099996,0],[105.994135558,-5.92492134899993,0],[105.994113574,-5.92494596299997,0],[105.994093005,-5.92496668699994,0],[105.99407385,-5.92498352199993,0],[105.994060029,-5.92500006599994,0],[105.994051542,-5.92501631899995,0],[105.994043994,-5.92502465699994,0],[105.994037387,-5.92502508099994,0],[105.994029834,-5.92503327399993,0],[105.994021338,-5.92504923399997,0],[105.994011528,-5.92506033999996,0],[105.994000403,-5.92506659199995,0],[105.993986859,-5.92507891699995,0],[105.993970894,-5.92509731299998,0],[105.99396046,-5.92510702199996,0],[105.993955557,-5.92510804299997,0],[105.993949732,-5.92511370199998,0],[105.993942983,-5.92512399799995,0],[105.993936964,-5.92513003399995,0],[105.993931675,-5.92513181099997,0],[105.993923438,-5.92514133099996,0],[105.993912252,-5.92515859099996,0],[105.993902526,-5.92516810499995,0],[105.993894258,-5.92516987099998,0],[105.993881126,-5.92517929999997,0],[105.993863132,-5.92519639299996,0],[105.993854684,-5.92520654499998,0],[105.993855782,-5.92520975899993,0],[105.993851283,-5.92521581299997,0],[105.993841187,-5.92522470999995,0],[105.993832765,-5.92522995699994,0],[105.993826017,-5.92523155399994,0],[105.993818144,-5.92523649599997,0],[105.993809147,-5.92524478099995,0],[105.993799591,-5.92524517099997,0],[105.993789478,-5.92523766499994,0],[105.993777318,-5.92522547999994,0],[105.99376311,-5.92520861299994,0],[105.993756498,-5.92519793099996,0],[105.993757482,-5.92519343199996,0],[105.993751934,-5.92518780899997,0],[105.993739852,-5.92518106099993,0],[105.993725908,-5.92517068299998,0],[105.993710101,-5.92515667499993,0],[105.993692945,-5.92513592399996,0],[105.99367444,-5.92510843199994,0],[105.993661494,-5.92509438699994,0],[105.993654104,-5.92509379199993,0],[105.99365073,-5.92509044399998,0],[105.993651371,-5.92508434399997,0],[105.993646745,-5.92507997199993,0],[105.993636852,-5.92507732999997,0],[105.993628324,-5.92507283899994,0],[105.993621163,-5.92506649999996,0],[105.993617513,-5.92505930399994,0],[105.993617372,-5.92505125099996,0],[105.993614156,-5.92504771999995,0],[105.993607865,-5.92504871399996,0],[105.993598999,-5.92504368299996,0],[105.993587559,-5.92503262699995,0],[105.993581558,-5.92502400799998,0],[105.993580995,-5.92501782599993,0],[105.993561638,-5.92499811499994,0],[105.993523487,-5.92496487299996,0],[105.993504622,-5.92494600299995,0],[105.993505044,-5.92494150399995,0],[105.993498261,-5.92493475699996,0],[105.993484273,-5.92492575899996,0],[105.993477437,-5.92491901099993,0],[105.993477753,-5.92491451199993,0],[105.993467513,-5.92490438999994,0],[105.993446715,-5.92488864499995,0],[105.993429427,-5.92487137799998,0],[105.99341565,-5.92485258999994,0],[105.993397853,-5.92483459499994,0],[105.993376036,-5.92481739399994,0],[105.993359508,-5.92480057499995,0],[105.99334827,-5.92478413999993,0],[105.99333781,-5.92477129499997,0],[105.993328127,-5.92476204299993,0],[105.993319367,-5.92475618599997,0],[105.99331153,-5.92475372399997,0],[105.993307444,-5.92474969699992,0],[105.99330711,-5.92474410699998,0],[105.993302198,-5.92474002199998,0],[105.993292708,-5.92473744399996,0],[105.993276348,-5.92472394699996,0],[105.993253117,-5.92469953399996,0],[105.993240995,-5.92468395299994,0],[105.993239985,-5.92467720599996,0],[105.993233439,-5.92466778199997,0],[105.993221358,-5.92465568599994,0],[105.993207721,-5.92464443899996,0],[105.993192529,-5.92463404299997,0],[105.993183835,-5.92462516499995,0],[105.993181638,-5.92461780899993,0],[105.993173067,-5.92460923499993,0],[105.993158121,-5.92459944199993,0],[105.993151575,-5.92459299799998,0],[105.993153429,-5.92458990399996,0],[105.99314853,-5.92458610599994,0],[105.993136879,-5.92458160699994,0],[105.993133001,-5.92457764099993,0],[105.993136892,-5.92457420499994,0],[105.993133888,-5.92457128599995,0],[105.993123985,-5.92456888199996,0],[105.993112264,-5.92456095199998,0],[105.993098724,-5.92454749299998,0],[105.993093553,-5.92453868399997,0],[105.993096751,-5.92453452599995,0],[105.993091079,-5.92452895099996,0],[105.993076537,-5.92452196199997,0],[105.99306125,-5.92450894699994,0],[105.993045214,-5.92448990699995,0],[105.993024807,-5.92446913999993,0],[105.993000029,-5.92444664599998,0],[105.99298464,-5.92443458499997,0],[105.992978639,-5.92443295499993,0],[105.992973023,-5.92442620599996,0],[105.992967796,-5.92441434099993,0],[105.992882575,-5.92434381099997,0],[105.992810635,-5.92428751699993,0],[105.992922084,-5.92414468299995,0],[105.992248221,-5.92347652999996,0],[105.991866208,-5.92309022599994,0],[105.991858085,-5.92308777299996,0],[105.991851706,-5.92308290699998,0],[105.991848644,-5.92307472599992,0],[105.991848899,-5.92306322799993,0],[105.991848589,-5.92306237199995,0],[105.99182721,-5.92304009599997,0],[105.991810884,-5.92303203299997,0],[105.991800982,-5.92302445199994,0],[105.991797502,-5.92301735499996,0],[105.991784419,-5.92300327199996,0],[105.991761732,-5.92298220399994,0],[105.99174708,-5.92296196099994,0],[105.991740464,-5.92294253999995,0],[105.991740052,-5.92292761599998,0],[105.991745841,-5.92291718799993,0],[105.991751386,-5.92291156499994,0],[105.991756684,-5.92291074599996,0],[105.991763432,-5.92290261599993,0],[105.99177163,-5.92288717599996,0],[105.991795319,-5.92286243299998,0],[105.991834498,-5.92282838699998,0],[105.991862615,-5.92280141899994,0],[105.991879669,-5.92278152899996,0],[105.991897195,-5.92276516199996,0],[105.991915189,-5.92275232099996,0],[105.991925008,-5.92274794799994,0],[105.991926651,-5.92275204199996,0],[105.991935117,-5.92276053599994,0],[105.991950406,-5.92277342699998,0],[105.991962812,-5.92278576599995,0],[105.991972336,-5.92279755099997,0],[105.991982801,-5.92280654799993,0],[105.991994206,-5.92281275799996,0],[105.992001223,-5.92281965799998,0],[105.99200385,-5.92282725099994,0],[105.992012654,-5.92283437999993,0],[105.992027635,-5.92284104999993,0],[105.992048885,-5.92286098999995,0],[105.992076405,-5.92289420399993,0],[105.992091364,-5.92290619299996,0],[105.992093763,-5.92289695799997,0],[105.992100286,-5.92289121599993,0],[105.992110936,-5.92288896699995,0],[105.992116572,-5.92288556499994,0],[105.992117196,-5.92288100899998,0],[105.992124832,-5.92287483899997,0],[105.992139479,-5.92286705699996,0],[105.992151034,-5.92286286499996,0],[105.992159495,-5.92286226599992,0],[105.992163049,-5.92285903699997,0],[105.992161695,-5.92285317799997,0],[105.992164947,-5.92284840099995,0],[105.992172802,-5.92284470399994,0],[105.992179207,-5.92283610699997,0],[105.992184163,-5.92282261099996,0],[105.992185903,-5.92281213499996,0],[105.992184426,-5.92280467999996,0],[105.992187924,-5.92279455699997,0],[105.992196394,-5.92278176899993,0],[105.992199908,-5.92276750199994,0],[105.992198467,-5.92275175699996,0],[105.992202461,-5.92274236299994,0],[105.992211889,-5.92273932399996,0],[105.992214099,-5.92273569399993,0],[105.99220909,-5.92273147399993,0],[105.992211639,-5.92272541699998,0],[105.992221743,-5.92271752499994,0],[105.992225152,-5.92271193999994,0],[105.992221866,-5.92270866299998,0],[105.992225271,-5.92270419799996,0],[105.992235366,-5.92269854599994,0],[105.992238934,-5.92269311199993,0],[105.992235972,-5.92268789799994,0],[105.992239132,-5.92268295299993,0],[105.99224841,-5.92267827899997,0],[105.992255593,-5.92267043399994,0],[105.992264613,-5.92264491199995,0],[105.992274722,-5.92263928699998,0],[105.992280713,-5.92263121499997,0],[105.99228596,-5.92261881899998,0],[105.992293415,-5.92261090499994,0],[105.99230308,-5.92260747099994,0],[105.992308185,-5.92260317199998,0],[105.99230873,-5.92259800799997,0],[105.992315821,-5.92259092699993,0],[105.992329457,-5.92258192999998,0],[105.992337637,-5.92257272199993,0],[105.992340361,-5.92256330199996,0],[105.992350093,-5.92255318099996,0],[105.992366831,-5.92254235499996,0],[105.992378289,-5.92253096399998,0],[105.992384465,-5.92251900899993,0],[105.992394192,-5.92250652699994,0],[105.992407469,-5.92249352099998,0],[105.992420231,-5.92248336199998,0],[105.99243248,-5.92247605199998,0],[105.99244221,-5.92246778899994,0],[105.992449424,-5.92245857499995,0],[105.992457161,-5.92245246999994,0],[105.99246542,-5.92244947599994,0],[105.992478135,-5.92243535499995,0],[105.992495304,-5.92241010599997,0],[105.992509046,-5.92239573299997,0],[105.992519361,-5.92239223399997,0],[105.992525656,-5.92238773499997,0],[105.992527932,-5.92238223699997,0],[105.992536679,-5.92237186599993,0],[105.992551898,-5.92235661999996,0],[105.992567744,-5.92234261299996,0],[105.992584219,-5.92232984199995,0],[105.992595215,-5.92231828099995,0],[105.992600733,-5.92230793099998,0],[105.992606032,-5.92230198499993,0],[105.99261111,-5.92230044499996,0],[105.992622357,-5.92229012099995,0],[105.992639772,-5.92227101199995,0],[105.99265036,-5.92226135299995,0],[105.992654121,-5.92226114199997,0],[105.992659884,-5.92225465999996,0],[105.992667652,-5.92224190599995,0],[105.992675665,-5.92223327999994,0],[105.992683924,-5.92222878099994,0],[105.992688361,-5.92222203199998,0],[105.992688976,-5.92221303499997,0],[105.992693361,-5.92220291299998,0],[105.992701514,-5.92219166699994,0],[105.992714795,-5.92218055599994,0],[105.992733204,-5.92216958199998,0],[105.992749291,-5.92215455299993,0],[105.99276306,-5.92213546799996,0],[105.992778801,-5.92211846199996,0],[105.992796515,-5.92210353299993,0],[105.992828015,-5.92207020899997,0],[105.992873301,-5.92201848899998,0],[105.99290346,-5.92198474899993,0],[105.992918494,-5.92196898799995,0],[105.992934231,-5.92195621999997,0],[105.99295067,-5.92194644499995,0],[105.992964514,-5.92193383199998,0],[105.992975761,-5.92191838099995,0],[105.99298471,-5.92190864799994,0],[105.992991361,-5.92190463299994,0],[105.992996928,-5.92189812599997,0],[105.993001408,-5.92188912899996,0],[105.993007414,-5.92188350399994,0],[105.993014944,-5.92188125499996,0],[105.99302175,-5.92187496999998,0],[105.99302783,-5.92186464799994,0],[105.993033325,-5.92185902499995,0],[105.993038237,-5.92185809999995,0],[105.99304452,-5.92185267299993,0],[105.993052173,-5.92184274399995,0],[105.993059597,-5.92183599599997,0],[105.993066793,-5.92183242899995,0],[105.993085254,-5.92181302399996,0],[105.993114979,-5.92177778099995,0],[105.993133215,-5.92175959599996,0],[105.993139964,-5.92175846899994,0],[105.993157958,-5.92174178599993,0],[105.9931872,-5.92170954899996,0],[105.993209755,-5.92168730699996,0],[105.993225624,-5.92167505999993,0],[105.993237828,-5.92166420999996,0],[105.993246369,-5.92165475599995,0],[105.993262892,-5.92163894799995,0],[105.993287398,-5.92161678999997,0],[105.993302185,-5.92160113999995,0],[105.993307255,-5.92159199899993,0],[105.993316235,-5.92158300199998,0],[105.993329125,-5.92157414699994,0],[105.993348921,-5.92155465099995,0],[105.993375623,-5.92152451599998,0],[105.993391926,-5.92150790199997,0],[105.993397831,-5.92150480899994,0],[105.993404065,-5.92149754499997,0],[105.993410629,-5.92148610899994,0],[105.993417122,-5.92147903699993,0],[105.993423545,-5.92147632799993,0],[105.993431255,-5.92146866799993,0],[105.993440252,-5.92145605499996,0],[105.993448125,-5.92144828999994,0],[105.993454873,-5.92144537199994,0],[105.993458678,-5.92144049999996,0],[105.993459539,-5.92143367299997,0],[105.993469661,-5.92142328299997,0],[105.993489044,-5.92140932999996,0],[105.993499347,-5.92139920799997,0],[105.993500568,-5.92139291599995,0],[105.993506446,-5.92138665299996,0],[105.993516981,-5.92138041699997,0],[105.993524243,-5.92137371599995,0],[105.993528232,-5.92136654999996,0],[105.9935381,-5.92135626899994,0],[105.993553845,-5.92134287199997,0],[105.993563967,-5.92133634199996,0],[105.993568466,-5.92133667999997,0],[105.993571774,-5.92133215199993,0],[105.993573892,-5.92132275699993,0],[105.993577687,-5.92131728799995,0],[105.993583161,-5.92131574299998,0],[105.993593881,-5.92130833299996,0],[105.993609846,-5.92129505599996,0],[105.993621796,-5.92127990499995,0],[105.99362973,-5.92126287899993,0],[105.993640616,-5.92124997899998,0],[105.993654455,-5.92124120299997,0],[105.993663339,-5.92123220099995,0],[105.993667266,-5.92122297299994,0],[105.993672463,-5.92121709599996,0],[105.99367893,-5.92121457299993,0],[105.99369479,-5.92120247099996,0],[105.993720043,-5.92118079299996,0],[105.993739417,-5.92116039099994,0],[105.993752913,-5.92114126499996,0],[105.993766585,-5.92112761399994,0],[105.993780433,-5.92111943799995,0],[105.993796178,-5.92110476199997,0],[105.993813821,-5.92108358699994,0],[105.993830516,-5.92106747399993,0],[105.993846261,-5.92105642499996,0],[105.993854881,-5.92104789299998,0],[105.993856375,-5.92104187899997,0],[105.993866418,-5.92103324799996,0],[105.99388501,-5.92102200099993,0],[105.993897759,-5.92101156699994,0],[105.993904665,-5.92100194699998,0],[105.99392049,-5.92098993099995,0],[105.993945233,-5.92097551999996,0],[105.993960978,-5.92096242199995,0],[105.993967727,-5.92095063499994,0],[105.993979245,-5.92094015699996,0],[105.993995536,-5.92093098799995,0],[105.994005658,-5.92092326499994,0],[105.994009612,-5.92091698699994,0],[105.994017678,-5.92091407599997,0],[105.994029857,-5.92091453299997,0],[105.994037448,-5.92091176799994,0],[105.994040453,-5.92090577999994,0],[105.994048985,-5.92090207199993,0],[105.994063043,-5.92090064399997,0],[105.994079979,-5.92089621199995,0],[105.994099793,-5.92088877699996,0],[105.994114071,-5.92088561299994,0],[105.994122814,-5.92088672299997,0],[105.994130901,-5.92088383499993,0],[105.994138335,-5.92087695099997,0],[105.994151049,-5.92087189699993,0],[105.994169044,-5.92086867499995,0],[105.994181415,-5.92086489399998,0],[105.994188163,-5.92086055599998,0],[105.994205033,-5.92085681699996,0],[105.994232026,-5.92085367799996,0],[105.994245562,-5.92085098899997,0],[105.994247863,-5.92085053199997,0],[105.994248143,-5.92085034399997,0],[105.994252547,-5.92084737799996,0],[105.994267168,-5.92084446799993,0],[105.99427508,-5.92084360999996,0],[105.994291726,-5.92084180399996,0],[105.994310753,-5.92084457999994,0],[105.994324249,-5.92085279799994,0],[105.994334371,-5.92085597999994,0],[105.99434112,-5.92085412899996,0],[105.994352314,-5.92085468799996,0],[105.994367954,-5.92085765799993,0],[105.994380325,-5.92086333599997,0],[105.99438727,-5.92086973399995,0],[105.99569204,-5.91956410899996,0],[105.99658683,-5.91866873299995,0],[105.996600732,-5.91865482199995,0],[105.996606291,-5.91865804799994,0],[105.996616656,-5.91866685199994,0],[105.996629088,-5.91867964799997,0],[105.996638437,-5.91869232699997,0],[105.996644702,-5.91870489199994,0],[105.996655984,-5.91871613899997,0],[105.996672283,-5.91872606799996,0],[105.99668128,-5.91873586199995,0],[105.996682976,-5.91874552099995,0],[105.996694175,-5.91875541499996,0],[105.996714876,-5.91876554599997,0],[105.996727247,-5.91877582999996,0],[105.996731289,-5.91878626899995,0],[105.996740937,-5.91879686499993,0],[105.996756191,-5.91880761999994,0],[105.996766313,-5.91881885199996,0],[105.996771303,-5.91883055899996,0],[105.996776992,-5.91883948999993,0],[105.99678338,-5.91884564299994,0],[105.996793467,-5.91885078899998,0],[105.996807253,-5.91885492699993,0],[105.996814181,-5.91886005899994,0],[105.996814252,-5.91886618299998,0],[105.996819005,-5.91887158599997,0],[105.996828442,-5.91887626999994,0],[105.996839382,-5.91888895299996,0],[105.996851823,-5.91890963599997,0],[105.996860447,-5.91892125599998,0],[105.996865253,-5.91892381399992,0],[105.996868157,-5.91893090999997,0],[105.996869159,-5.91894254499994,0],[105.996865248,-5.91895701199996,0],[105.996856427,-5.91897431099994,0],[105.996848748,-5.91898466999993,0],[105.99684221,-5.91898808999997,0],[105.996838504,-5.91899623199993,0],[105.996268208,-5.91956931999994,0],[105.994661531,-5.92118386399994,0],[105.994650193,-5.92119525699997,0],[105.995047661,-5.92159659499993,0],[105.995746835,-5.92230850199996,0],[105.995758944,-5.92229659899994,0],[105.995870449,-5.92218698399995,0],[105.995959495,-5.92209944799993,0],[105.995962514,-5.92208833499996,0],[105.995973463,-5.92207821199997,0],[105.995992327,-5.92206912299997,0],[105.996019194,-5.92201018699996,0],[105.996022513,-5.92200290699998,0],[105.996299083,-5.92175010899996,0],[105.996304821,-5.92174199199997,0],[105.996308946,-5.92173974299993,0],[105.996311459,-5.92174336099993,0],[105.996319389,-5.92174067099995,0],[105.996332735,-5.92173167299995,0],[105.996339923,-5.92172368699994,0],[105.996340951,-5.92171671299997,0],[105.996351926,-5.92170681599993,0],[105.996372846,-5.92169399699998,0],[105.996385121,-5.92168377599995,0],[105.99638875,-5.92167615699998,0],[105.996395832,-5.92166805899996,0],[105.996406367,-5.92165948299993,0],[105.996413383,-5.92165075399993,0],[105.99641688,-5.92164187099996,0],[105.996421945,-5.92163785499997,0],[105.996428579,-5.92163870799993,0],[105.996432819,-5.92163507299995,0],[105.996434664,-5.92162695199994,0],[105.996440287,-5.92161843699995,0],[105.996449689,-5.92160952999996,0],[105.99645439,-5.92160118499993,0],[105.996816914,-5.92123707399998,0],[105.996828811,-5.92121725199996,0],[105.99684569,-5.92120233699995,0],[105.996867551,-5.92119233199998,0],[105.996877181,-5.92118295499995,0],[105.99687458,-5.92117420899996,0],[105.996879162,-5.92116784899997,0],[105.996890927,-5.92116387799996,0],[105.996898673,-5.92115513799996,0],[105.996902398,-5.92114162799993,0],[105.996908065,-5.92113379599994,0],[105.996915675,-5.92113164099993,0],[105.99692136,-5.92112681999993,0],[105.99692512,-5.92111933399997,0],[105.996931732,-5.92111440599996,0],[105.996941196,-5.92111203599995,0],[105.996945711,-5.92110747699996,0],[105.996945281,-5.92110072899993,0],[105.996949094,-5.92109133999998,0],[105.996957152,-5.92107931099997,0],[105.996965542,-5.92107196499995,0],[105.996974267,-5.92106929999994,0],[105.996980282,-5.92106429799998,0],[105.996983586,-5.92105695599997,0],[105.996989737,-5.92105358199996,0],[105.996998734,-5.92105417599993,0],[105.997003391,-5.92104960399996,0],[105.997003707,-5.92103986899997,0],[105.997009331,-5.92103326199998,0],[105.997020261,-5.92102978199995,0],[105.997033599,-5.92101598199997,0],[105.997049344,-5.92099185999996,0],[105.997060859,-5.92098021499993,0],[105.997068143,-5.92098104499996,0],[105.997074042,-5.92097844299997,0],[105.997076451,-5.92097738099994,0],[105.997085783,-5.92096922299993,0],[105.997092517,-5.92096082699993,0],[105.997093386,-5.92095901399995,0],[105.997096655,-5.92095219499993,0],[105.997106343,-5.92094076499995,0],[105.997121579,-5.92092653999993,0],[105.997129122,-5.92091547299998,0],[105.997128972,-5.92090756499994,0],[105.997134842,-5.92090280999997,0],[105.99714673,-5.92090120599994,0],[105.997154678,-5.92089636999998,0],[105.997158684,-5.92088830199998,0],[105.997164365,-5.92088467899993,0],[105.997167092,-5.92088498499993,0],[105.997171719,-5.92088550399995,0],[105.997180989,-5.92087831699996,0],[105.997192174,-5.92086312099997,0],[105.997194049,-5.92085790999994,0],[105.997195816,-5.92085299899998,0],[105.997191915,-5.92084795099993,0],[105.997192768,-5.92084183199995,0],[105.997198373,-5.92083464299998,0],[105.99720455,-5.92083097699998,0],[105.997211299,-5.92083083299997,0],[105.997225141,-5.92082318199994,0],[105.997237625,-5.92081414299997,0],[105.99724608,-5.92080802099997,0],[105.997260379,-5.92079481699994,0],[105.99726799,-5.92078364399993,0],[105.997268041,-5.92078356999997,0],[105.997269869,-5.92077569599996,0],[105.997265863,-5.92077119799995,0],[105.99726639,-5.92076577999995,0],[105.99727145,-5.92075944299995,0],[105.997279398,-5.92075637299996,0],[105.997290232,-5.92075656999998,0],[105.997297494,-5.92075186699998,0],[105.997301184,-5.92074226099993,0],[105.997311307,-5.92072945199993,0],[105.99732786,-5.92071344099998,0],[105.997338676,-5.92069911099998,0],[105.997343756,-5.92068646299998,0],[105.997349691,-5.92068016099995,0],[105.997356482,-5.92068020499994,0],[105.997365115,-5.92067308999998,0],[105.997375589,-5.92065881599996,0],[105.997384275,-5.92065036599996,0],[105.997391172,-5.92064773899995,0],[105.997400328,-5.92063777599998,0],[105.997411741,-5.92062048099996,0],[105.997423177,-5.92060968599998,0],[105.997434635,-5.92060539399995,0],[105.997444673,-5.92059712199995,0],[105.997453292,-5.92058487199995,0],[105.997462308,-5.92057926899997,0],[105.997469729,-5.92058009199997,0],[105.997471718,-5.92058031199997,0],[105.997479011,-5.92057445599994,0],[105.997481605,-5.92056806299996,0],[105.997484186,-5.92056170299998,0],[105.997490934,-5.92055116599994,0],[105.997499255,-5.92054284499994,0],[105.997504369,-5.92054117499993,0],[105.997505425,-5.92054393599994,0],[105.997506275,-5.92054615699993,0],[105.997511499,-5.92053942499996,0],[105.99751293,-5.92053633399996,0],[105.997520039,-5.92052097999994,0],[105.997529002,-5.92051228099996,0],[105.997535916,-5.92051305199993,0],[105.997538386,-5.92051332699998,0],[105.997546707,-5.92050589999997,0],[105.997549915,-5.92049887299993,0],[105.997553964,-5.92049000299994,0],[105.997562237,-5.92047505099993,0],[105.997571524,-5.92046104299993,0],[105.997579142,-5.92045343499996,0],[105.997585091,-5.92045222699994,0],[105.997595938,-5.92044522199996,0],[105.997611684,-5.92043241899995,0],[105.99762518,-5.92041890299993,0],[105.997636427,-5.92040467099997,0],[105.997649075,-5.92039283499997,0],[105.997663124,-5.92038339299995,0],[105.997667372,-5.92037990399996,0],[105.997675496,-5.92037323199997,0],[105.997686189,-5.92036234899996,0],[105.99769444,-5.92035869799997,0],[105.997700248,-5.92036227499995,0],[105.997709047,-5.92037213699996,0],[105.997720839,-5.92038827999994,0],[105.997729568,-5.92039727599996,0],[105.997735235,-5.92039912899997,0],[105.997742181,-5.92040541899996,0],[105.997754517,-5.92042151099997,0],[105.997772342,-5.92043176699997,0],[105.997772424,-5.92043181399993,0],[105.997773519,-5.92043291699997,0],[105.997781295,-5.92044075599995,0],[105.997793095,-5.92045595199994,0],[105.997801372,-5.92046302499995,0],[105.997803778,-5.92046249199996,0],[105.997806126,-5.92046197199994,0],[105.997818391,-5.92047533999994,0],[105.997821747,-5.92048005499993,0],[105.99783817,-5.92050312699996,0],[105.997854143,-5.92052174899993,0],[105.997866313,-5.92053120199995,0],[105.997871645,-5.92052882399997,0],[105.99788144,-5.92052445499996,0],[105.997899522,-5.92050150399996,0],[105.997915039,-5.92048632699994,0],[105.99792799,-5.92047892499994,0],[105.997931601,-5.92047816099995,0],[105.997934724,-5.92047749999995,0],[105.997940485,-5.92047628099994,0],[105.997952523,-5.92047839599996,0],[105.997957759,-5.92048133899993,0],[105.997962636,-5.92048408099993,0],[105.997965109,-5.92048547199994,0],[105.997965975,-5.92048626499997,0],[105.997978245,-5.92049750699994,0],[105.99799247,-5.92051440099993,0],[105.998007785,-5.92053615499998,0],[105.998022191,-5.92054941899994,0],[105.998035687,-5.92055419499997,0],[105.998048059,-5.92056290099993,0],[105.998059305,-5.92057553799998,0],[105.998067952,-5.92058251799995,0],[105.998073996,-5.92058383999995,0],[105.998081869,-5.92059212399994,0],[105.998091569,-5.92060736799993,0],[105.998106594,-5.92062193499993,0],[105.998126944,-5.92063582499998,0],[105.998140045,-5.92064771599996,0],[105.998145897,-5.92065760699995,0],[105.998152724,-5.92066454299993,0],[105.998160526,-5.92066852299996,0],[105.998168403,-5.92067712699998,0],[105.998176356,-5.92069035499998,0],[105.998186346,-5.92069963999995,0],[105.998198374,-5.92070498299995,0],[105.998206313,-5.92071205799994,0],[105.998210161,-5.92072086699994,0],[105.998214832,-5.92072494399997,0],[105.998220324,-5.92072428899996,0],[105.998223588,-5.92072845999996,0],[105.998224625,-5.92073745799996,0],[105.998230221,-5.92074435199993,0],[105.998240379,-5.92074914299997,0],[105.998246603,-5.92075459999995,0],[105.998248897,-5.92076072399993,0],[105.9982555,-5.92076594699995,0],[105.998266414,-5.92077026799996,0],[105.998278055,-5.92077718199994,0],[105.998290426,-5.92078668899995,0],[105.998297667,-5.92079594099994,0],[105.998299776,-5.92080493899994,0],[105.998309336,-5.92081589199995,0],[105.998326346,-5.92082880099997,0],[105.998345677,-5.92084721799995,0],[105.998367326,-5.92087114199995,0],[105.998388696,-5.92089042199996,0],[105.998409783,-5.92090505799996,0],[105.998422774,-5.92091832799997,0],[105.998427668,-5.92093023099994,0],[105.998433613,-5.92093598799994,0],[105.998440606,-5.92093559699993,0],[105.998450869,-5.92094439799996,0],[105.9984644,-5.92096239299997,0],[105.998477918,-5.92097779599993,0],[105.998491423,-5.92099060699996,0],[105.998511105,-5.92100770299993,0],[105.998536964,-5.92102908499993,0],[105.998552301,-5.92104061099997,0],[105.998557116,-5.92104228099993,0],[105.998561839,-5.92104962199994,0],[105.998566469,-5.92106263399995,0],[105.998573077,-5.92107057099997,0],[105.998581661,-5.92107343099997,0],[105.998596911,-5.92108385899996,0],[105.998618824,-5.92110185299993,0],[105.998647147,-5.92112865299993,0],[105.998681881,-5.92116425899997,0],[105.998694546,-5.92117590199996,0],[105.998754809,-5.92123752599997,0],[105.998796532,-5.92133750199997,0],[105.998800859,-5.92134329999993,0],[105.998809057,-5.92134932999994,0],[105.998814588,-5.92134595599993,0],[105.998817452,-5.92133317799994,0],[105.998822716,-5.92132299699995,0],[105.998830378,-5.92131541199996,0],[105.998841413,-5.92131215199993,0],[105.998843206,-5.92131162199996,0],[105.998861201,-5.92131162899994,0],[105.99888257,-5.92131482399998,0],[105.998886508,-5.92131583999998,0],[105.998907313,-5.92132120799994,0],[105.998926019,-5.92132428299993,0],[105.998926639,-5.92132427199994,0],[105.99893869,-5.92132404999995,0],[105.998961183,-5.92132835699994,0],[105.9989935,-5.92133720599998,0],[105.999015282,-5.92134102199998,0],[105.999026529,-5.92133980699998,0],[105.999043504,-5.92134386299995,0],[105.999056509,-5.92134920499996,0],[105.999066209,-5.92135318999993,0],[105.999081238,-5.92135754999993,0],[105.999088592,-5.92135694199993,0],[105.99909791,-5.92135972399996,0],[105.999109192,-5.92136589899997,0],[105.999116656,-5.92136748399997,0],[105.999120303,-5.92136447899998,0],[105.999128874,-5.92136703399996,0],[105.999142371,-5.92137514799998,0],[105.999153811,-5.92137978899996,0],[105.999163195,-5.92138095799993,0],[105.999173062,-5.92137460299995,0],[105.999175634,-5.92137115299994,0],[105.999183412,-5.92136072199997,0],[105.999188675,-5.92134686499998,0],[105.999188851,-5.92133303299994,0],[105.999200133,-5.92132381699997,0],[105.999219048,-5.92131993099997,0],[105.999222521,-5.92131921699996,0],[105.999242528,-5.92131673199998,0],[105.999260154,-5.92131636099998,0],[105.999302263,-5.92134140399997,0],[105.999297515,-5.92142040299996,0],[105.999297352,-5.92143700799994,0],[105.999299364,-5.92145950099996,0],[105.999299359,-5.92147780899995,0],[105.999297339,-5.92149193099993,0],[105.99929664,-5.92151174799994,0],[105.999297264,-5.92153725999998,0],[105.999298701,-5.92156166599995,0],[105.99930095,-5.92158496499997,0],[105.999306192,-5.92159551499998,0],[105.999314424,-5.92159331399995,0],[105.99931949,-5.92159783699998,0],[105.999321387,-5.92160908399995,0],[105.999317298,-5.92162145499998,0],[105.999307219,-5.92163495099993,0],[105.999304403,-5.92164758699994,0],[105.999308849,-5.92165936299995,0],[105.999315975,-5.92166723599996,0],[105.999325781,-5.92167120499994,0],[105.99933201,-5.92167820699996,0],[105.999334664,-5.92168824099997,0],[105.999343227,-5.92170395399995,0],[105.999357698,-5.92172534499997,0],[105.999368312,-5.92173609899993,0],[105.999375069,-5.92173621799998,0],[105.999378979,-5.92173962499993,0],[105.999380042,-5.92174632099994,0],[105.999385534,-5.92175207699995,0],[105.999395454,-5.92175689399994,0],[105.999398322,-5.92176356899995,0],[105.99939414,-5.92177210299997,0],[105.999396767,-5.92178297299995,0],[105.999406204,-5.92179617699998,0],[105.99941058,-5.92180637099995,0],[105.999409894,-5.92181355599996,0],[105.999415114,-5.92181958099997,0],[105.999426237,-5.92182444399998,0],[105.999433636,-5.92183569099996,0],[105.999437309,-5.92185332099996,0],[105.999432994,-5.92186390999996,0],[105.999420693,-5.92186745799995,0],[105.999417811,-5.92187982899998,0],[105.999424349,-5.92190102399996,0],[105.999426598,-5.92191467699996,0],[105.999424559,-5.92192078799997,0],[105.999429616,-5.92192911199993,0],[105.999441767,-5.92193964899997,0],[105.999444197,-5.92194671599998,0],[105.999436904,-5.92195031199998,0],[105.999432844,-5.92195885799993,0],[105.999432019,-5.92197235499998,0],[105.999433789,-5.92198277699993,0],[105.999438156,-5.92199012399993,0],[105.999449104,-5.92199402199998,0],[105.999479431,-5.92203422799997,0],[105.999488785,-5.92203760199993,0],[105.999502271,-5.92203759199998,0],[105.999508145,-5.92204095899996,0],[105.999506406,-5.92204770799998,0],[105.999507302,-5.92205782999997,0],[105.999510834,-5.92207132599998,0],[105.999511674,-5.92208816399994,0],[105.999509819,-5.92210834499997,0],[105.999506762,-5.92211959199994,0],[105.999502501,-5.92212190499993,0],[105.999499271,-5.92213093399994,0],[105.999497075,-5.92214667999997,0],[105.999500361,-5.92215620099995,0],[105.99950913,-5.92215949799993,0],[105.999513563,-5.92216399699993,0],[105.999513659,-5.92216969699996,0],[105.999519282,-5.92217101999995,0],[105.999530433,-5.92216796399993,0],[105.999542756,-5.92216687699994,0],[105.999556252,-5.92216775999998,0],[105.999561875,-5.92217094599994,0],[105.999559626,-5.92217643299995,0],[105.999565245,-5.92217415099998,0],[105.999578732,-5.92216409899993,0],[105.999592506,-5.92216159499998,0],[105.999606564,-5.92216663799996,0],[105.999616743,-5.92216657799997,0],[105.999623043,-5.92216141699993,0],[105.999625696,-5.92216495899993,0],[105.999624704,-5.92217720499997,0],[105.999628016,-5.92218176699993,0],[105.999635634,-5.92217864599996,0],[105.99963583,-5.92217821099996,0],[105.99964174,-5.92213838199996,0],[105.999641713,-5.92213826899996,0],[105.999639032,-5.92213559299995,0],[105.99963599,-5.92213419399997,0],[105.999628552,-5.92213536999998,0],[105.999621606,-5.92213205299993,0],[105.999621676,-5.92212321199997,0],[105.999627278,-5.92211806999995,0],[105.99963841,-5.92211662899996,0],[105.999643322,-5.92210710599994,0],[105.999642013,-5.92208949999997,0],[105.999636424,-5.92207662899995,0],[105.999626557,-5.92206849599995,0],[105.999617723,-5.92206608099997,0],[105.99960992,-5.92206938799995,0],[105.999604736,-5.92206670199994,0],[105.99960217,-5.92205802499996,0],[105.99960326,-5.92204628799993,0],[105.999608005,-5.92203148899995,0],[105.999624831,-5.92202114499997,0],[105.999653738,-5.92201525599995,0],[105.999671136,-5.92200882599997,0],[105.999677023,-5.92200185599995,0],[105.999684676,-5.92199938599992,0],[105.999708321,-5.92198496499998,0],[105.999734579,-5.92198022699995,0],[105.999734918,-5.92198362199997,0],[105.999743212,-5.92198366299993,0],[105.999750193,-5.92198928699997,0],[105.99975586,-5.92200049199994,0],[105.999759257,-5.92201195199993,0],[105.999760381,-5.92202366599997,0],[105.99976477,-5.92203558499995,0],[105.999765268,-5.92203637399996,0],[105.999772423,-5.92204770899997,0],[105.999774642,-5.92205650299996,0],[105.999771426,-5.92206196799998,0],[105.99977197,-5.92207320499995,0],[105.999772098,-5.92207585499995,0],[105.999782001,-5.92210937799996,0],[105.999788863,-5.92215439399996,0],[105.999800241,-5.92216256499995,0],[105.999808729,-5.92216532699996,0],[105.999814326,-5.92216267799995,0],[105.999823007,-5.92216527599993,0],[105.999834772,-5.92217312299994,0],[105.999854089,-5.92217441899993,0],[105.999880958,-5.92216916399997,0],[105.999904893,-5.92216638899993,0],[105.999911903,-5.92216628999995,0],[105.999925894,-5.92216609299993,0],[105.999939649,-5.92216759499996,0],[105.999946159,-5.92217089599995,0],[105.999958373,-5.92217029799997,0],[105.999976289,-5.92216579899997,0],[105.99998061,-5.92216535499995,0],[105.999987236,-5.92216467399993,0],[105.999991217,-5.92216692399995,0],[105.999996998,-5.92216471599994,0],[106.000004581,-5.92215805199993,0],[106.000011769,-5.92215470199994,0],[106.000018561,-5.92215466599993,0],[106.000030246,-5.92214968499997,0],[106.000046827,-5.92213975499993,0],[106.000078006,-5.92211716899993,0],[106.000086037,-5.92210910099993,0],[106.00009166,-5.92209944299998,0],[106.000094876,-5.92208819599995,0],[106.000102573,-5.92208218499997,0],[106.000114751,-5.92208140899993,0],[106.000123569,-5.92207868199995,0],[106.000129025,-5.92207399999995,0],[106.000131705,-5.92206201699997,0],[106.000131608,-5.92204273099998,0],[106.000135725,-5.92202849399996,0],[106.000144054,-5.92201930799996,0],[106.0001401,-5.92201046099996,0],[106.000123863,-5.92200195299995,0],[106.000116408,-5.92199642399993,0],[106.000117734,-5.92199387399995,0],[106.000111808,-5.92198585099993,0],[106.000098628,-5.92197235399993,0],[106.000086868,-5.92196464199998,0],[106.000076525,-5.92196271299997,0],[106.00007023,-5.92195733299997,0],[106.000067981,-5.92194849999993,0],[106.000078774,-5.92193281699997,0],[106.000100364,-5.92193022099997,0],[106.00011566,-5.92193263699994,0],[106.000124666,-5.92194006599993,0],[106.000137302,-5.92194361299994,0],[106.000153566,-5.92194327899995,0],[106.000168656,-5.92194536199997,0],[106.000182575,-5.92194986099997,0],[106.000195979,-5.92195764899998,0],[106.000208869,-5.92196872599993,0],[106.000215797,-5.92198109799995,0],[106.000216763,-5.92199476299993,0],[106.000221086,-5.92200964399996,0],[106.000228766,-5.92202573799995,0],[106.000237311,-5.92203701399995,0],[106.000246721,-5.92204347299997,0],[106.000254857,-5.92205558099994,0],[106.000261719,-5.92207333799996,0],[106.000265063,-5.92208861499995,0],[106.000264887,-5.92210140999993,0],[106.000257221,-5.92211641299997,0],[106.000242063,-5.92213362299998,0],[106.00023463,-5.92214643499995,0],[106.000234873,-5.92215349699995,0],[106.00023492,-5.92215484599996,0],[106.000242174,-5.92215567699998,0],[106.000256391,-5.92214892899995,0],[106.000268863,-5.92213597399996,0],[106.000279591,-5.92211681299995,0],[106.000284889,-5.92210331699994,0],[106.000284758,-5.92209548599993,0],[106.000288264,-5.92208369799994,0],[106.000295407,-5.92206795199996,0],[106.000304061,-5.92204559099997,0],[106.000314228,-5.92201661199994,0],[106.000319298,-5.92199636799995,0],[106.000319272,-5.92198485799997,0],[106.000323809,-5.92196785599998,0],[106.000332912,-5.92194536199997,0],[106.00034147,-5.92192174299993,0],[106.000349483,-5.92189700099993,0],[106.000357493,-5.92187900599993,0],[106.000365497,-5.92186775899995,0],[106.000374551,-5.92184162799992,0],[106.000384656,-5.92180061299996,0],[106.000392757,-5.92177586899993,0],[106.000398856,-5.92176739899998,0],[106.000401619,-5.92175978999995,0],[106.000401047,-5.92175304199998,0],[106.000404066,-5.92174854399997,0],[106.000410673,-5.92174629399995,0],[106.000420343,-5.92172809599998,0],[106.000433074,-5.92169394899997,0],[106.000446676,-5.92166470799998,0],[106.000461147,-5.92164037099997,0],[106.000470549,-5.92162125099998,0],[106.000474881,-5.92160734999993,0],[106.000476287,-5.92159722699995,0],[106.000474767,-5.92159088499994,0],[106.000481313,-5.92157657899998,0],[106.000495925,-5.92155430699995,0],[106.000505089,-5.92153479499996,0],[106.000508806,-5.92151804399998,0],[106.000514684,-5.92150131899996,0],[106.000522723,-5.92148462299997,0],[106.000526924,-5.92147264399995,0],[106.000527284,-5.92146538199995,0],[106.000530974,-5.92145500199996,0],[106.000537995,-5.92144150599995,0],[106.000541773,-5.92143025899998,0],[106.000542309,-5.92142126199997,0],[106.000545713,-5.92140949299994,0],[106.000551987,-5.92139495099997,0],[106.000557896,-5.92138533099995,0],[106.000563441,-5.92138063199997,0],[106.000570711,-5.92137836699993,0],[106.000579709,-5.92137853299994,0],[106.000579283,-5.92137578199993,0],[106.000569433,-5.92137011299997,0],[106.000566366,-5.92135940499998,0],[106.000570083,-5.92134365899994,0],[106.000576344,-5.92132903899994,0],[106.000585148,-5.92131554199995,0],[106.000593838,-5.92129831499994,0],[106.000602413,-5.92127735399993,0],[106.000607399,-5.92126273299993,0],[106.000608796,-5.92125445199997,0],[106.000613296,-5.92124317899993,0],[106.000620896,-5.92122891699995,0],[106.000637125,-5.92119062199993,0],[106.000661981,-5.92112829399997,0],[106.000676748,-5.92108804499998,0],[106.000681422,-5.92106987499994,0],[106.000688113,-5.92105030799996,0],[106.000696821,-5.92102934599995,0],[106.000702299,-5.92101864099993,0],[106.000704549,-5.92101819199996,0],[106.000712078,-5.92100294999995,0],[106.00072489,-5.92097291399995,0],[106.000731207,-5.92095296399998,0],[106.000731031,-5.92094310399995,0],[106.000733074,-5.92093018299994,0],[106.000737336,-5.92091420299994,0],[106.000743648,-5.92089888899994,0],[106.000752013,-5.92088424199994,0],[106.000759311,-5.92086900199996,0],[106.00076554,-5.92085317099998,0],[106.000768769,-5.92084079899996,0],[106.000768997,-5.92083188799995,0],[106.000776097,-5.92081281099996,0],[106.000790068,-5.92078356899998,0],[106.000796701,-5.92076620099994,0],[106.000795999,-5.92076070499996,0],[106.000800098,-5.92075508099992,0],[106.000808998,-5.92074933099997,0],[106.000814007,-5.92073970699994,0],[106.000815122,-5.92072621099993,0],[106.000819455,-5.92071812299997,0],[106.000827002,-5.92071544299995,0],[106.000830077,-5.92070419599997,0],[106.00082868,-5.92068438299998,0],[106.000831461,-5.92066547799993,0],[106.00083842,-5.92064748399997,0],[106.00084772,-5.92063061299996,0],[106.000859363,-5.92061486799997,0],[106.000865795,-5.92059989499995,0],[106.000867016,-5.92058569399995,0],[106.000869876,-5.92057723199997,0],[106.000874375,-5.92057451099993,0],[106.000877749,-5.92056194499997,0],[106.000879998,-5.92053953399994,0],[106.000887906,-5.92053340999996,0],[106.000901472,-5.92054357099994,0],[106.000912021,-5.92054861699995,0],[106.000919551,-5.92054854699995,0],[106.000915865,-5.92054148899996,0],[106.000900963,-5.92052744399996,0],[106.000897817,-5.92051394699996,0],[106.000906428,-5.92050100099993,0],[106.000909899,-5.92048984999997,0],[106.00090823,-5.92048049399995,0],[106.00090956,-5.92047460699996,0],[106.000913892,-5.92047218799996,0],[106.000917982,-5.92046449499998,0],[106.000921831,-5.92045152599997,0],[106.000928131,-5.92043941799994,0],[106.000936882,-5.92042817099997,0],[106.000942729,-5.92041467499996,0],[106.000945673,-5.92039892999998,0],[106.000952742,-5.92038430899993,0],[106.000963936,-5.92037081199993,0],[106.000972323,-5.92035634099994,0],[106.000977902,-5.92034089199996,0],[106.000980138,-5.92032923999994,0],[106.000979031,-5.92032138799993,0],[106.000981518,-5.92030549399993,0],[106.000987598,-5.92028155899993,0],[106.000993709,-5.92026621799994,0],[106.000999851,-5.92025946999996,0],[106.001002706,-5.92025159699995,0],[106.001002276,-5.92024259899995,0],[106.00100453,-5.92023585099997,0],[106.001009468,-5.92023135199997,0],[106.001013004,-5.92022238699997,0],[106.00101514,-5.92020895499996,0],[106.00101955,-5.92019166299997,0],[106.001026237,-5.92017051199997,0],[106.001031944,-5.92015934499995,0],[106.00103667,-5.92015816299994,0],[106.001038722,-5.92014826399998,0],[106.001038099,-5.92012964799994,0],[106.001043046,-5.92011378999996,0],[106.001053563,-5.92010069099996,0],[106.001066308,-5.92007407199998,0],[106.00108128,-5.92003393399995,0],[106.001088696,-5.92001031499996,0],[106.001088556,-5.92000321799998,0],[106.001091754,-5.91999842799993,0],[106.001098291,-5.91999594599997,0],[106.001104666,-5.91998218099997,0],[106.001110878,-5.91995713499995,0],[106.001117999,-5.91993925699995,0],[106.001126031,-5.91992854699993,0],[106.001130898,-5.91991654099996,0],[106.001132603,-5.91990324299996,0],[106.0011379,-5.91988754499994,0],[106.001146793,-5.91986944699994,0],[106.001153787,-5.91985212999998,0],[106.001158883,-5.91983559299996,0],[106.001164655,-5.91982092599994,0],[106.001171105,-5.91980812499997,0],[106.001174857,-5.91979570399997,0],[106.001175912,-5.91978366299998,0],[106.001181654,-5.91976791799993,0],[106.001192083,-5.91974846799997,0],[106.00119659,-5.91973087099996,0],[106.001195176,-5.91971512599997,0],[106.001191867,-5.91970612799997,0],[106.001186667,-5.91970387899994,0],[106.001181003,-5.91968207699995,0],[106.001180423,-5.91967815799995,0],[106.001174879,-5.91964072299993,0],[106.001176734,-5.91961368199998,0],[106.001176746,-5.91961349999997,0],[106.001186605,-5.91960040499993,0],[106.00118896,-5.91959071599996,0],[106.00118381,-5.91958443099998,0],[106.001182686,-5.91957906499994,0],[106.001185586,-5.91957461599998,0],[106.001185084,-5.91956816799996,0],[106.001181183,-5.91955971999994,0],[106.001173311,-5.91955624799994,0],[106.001169211,-5.91955676899994,0],[106.001202897,-5.91949749299994,0],[106.00120599,-5.91949836499998,0],[106.001209291,-5.91949929499998,0],[106.001221153,-5.91949726099995,0],[106.001232462,-5.91949128299996,0],[106.001243216,-5.91948136099995,0],[106.001253448,-5.91947590699993,0],[106.001263157,-5.91947492399993,0],[106.001271439,-5.91947195599994,0],[106.001278292,-5.91946700499994,0],[106.001283916,-5.91946744899997,0],[106.001288309,-5.91947328999993,0],[106.001296128,-5.91947593499998,0],[106.001307376,-5.91947538399995,0],[106.001316057,-5.91947835099995,0],[106.001322172,-5.91948483799996,0],[106.00133453,-5.91948887599995,0],[106.001353132,-5.91949046699995,0],[106.001368069,-5.91949338099994,0],[106.001379342,-5.91949761799998,0],[106.001387228,-5.91950315299994,0],[106.001391726,-5.91950998299995,0],[106.001404801,-5.91951617399997,0],[106.001426451,-5.91952172299995,0],[106.001442197,-5.91952998799997,0],[106.001452037,-5.91954097199994,0],[106.001469527,-5.91954729699995,0],[106.001494665,-5.91954896399994,0],[106.001507621,-5.91955258699994,0],[106.001508394,-5.91955816299998,0],[106.00151382,-5.91956676199993,0],[106.001523898,-5.91957837899997,0],[106.001534007,-5.91958291099996,0],[106.001544147,-5.91958035699997,0],[106.001554269,-5.91958199099997,0],[106.001564373,-5.91958781399995,0],[106.001573081,-5.91958949099995,0],[106.001580391,-5.91958702199997,0],[106.001591414,-5.91958938499994,0],[106.001606149,-5.91959658199994,0],[106.001616201,-5.91959904099997,0],[106.00162157,-5.91959676299996,0],[106.001631116,-5.91959733799996,0],[106.00164484,-5.91960076799995,0],[106.001678568,-5.91961272999993,0],[106.001693294,-5.91961834799997,0],[106.001732297,-5.91963322699996,0],[106.001762628,-5.91964592399995,0],[106.001769561,-5.91965081999996,0],[106.001778361,-5.91965338499995,0],[106.001789028,-5.91965361799993,0],[106.001802234,-5.91965739599993,0],[106.001817979,-5.91966472199994,0],[106.001842714,-5.91967471899994,0],[106.001876436,-5.91968738799994,0],[106.001907928,-5.91969777699995,0],[106.001937186,-5.91970588599997,0],[106.0019557,-5.91971264399996,0],[106.001963467,-5.91971804699995,0],[106.001978637,-5.91972469799992,0],[106.00200121,-5.91973259799994,0],[106.002022069,-5.91974206699996,0],[106.002041215,-5.91975310399994,0],[106.002059785,-5.91976113699997,0],[106.00207778,-5.91976616199997,0],[106.002091241,-5.91977131399995,0],[106.002096319,-5.91977431699996,0],[106.002100168,-5.91977659299994,0],[106.002111775,-5.91977999699998,0],[106.002126062,-5.91978152899998,0],[106.002143297,-5.91978794799996,0],[106.002163479,-5.91979925699997,0],[106.002176616,-5.91980901299996,0],[106.002182705,-5.91981721799993,0],[106.002189444,-5.91982172499996,0],[106.002196833,-5.91982253499998,0],[106.002210167,-5.91982679499995,0],[106.002229445,-5.91983450199996,0],[106.00224957,-5.91983839899996,0],[106.002270543,-5.91983848199993,0],[106.002373292,-5.91987978399993,0],[106.002385885,-5.91988050599997,0],[106.002407052,-5.91988633499994,0],[106.002432366,-5.91989701699993,0],[106.002452601,-5.91990644199996,0],[106.002467758,-5.91991460799994,0],[106.002486166,-5.91992055799994,0],[106.002507824,-5.91992428699996,0],[106.002544522,-5.91993762899995,0],[106.002596257,-5.91996058399997,0],[106.002633907,-5.91997392999997,0],[106.002657472,-5.91997766599997,0],[106.002670902,-5.91998238299993,0],[106.002674198,-5.91998807899995,0],[106.002694002,-5.91999995699996,0],[106.002730318,-5.92001801699996,0],[106.002762999,-5.92002964299996,0],[106.002792047,-5.92003483099995,0],[106.002814141,-5.92004178699995,0],[106.002829281,-5.92005051299998,0],[106.002841766,-5.92005557999994,0],[106.002851598,-5.92005698999998,0],[106.002861677,-5.92006118399996,0],[106.002872001,-5.92006815999997,0],[106.002885795,-5.92007348699997,0],[106.002903061,-5.92007716399996,0],[106.002917572,-5.92008212099995,0],[106.002929329,-5.92008835699994,0],[106.00294691,-5.92009580099995,0],[106.002970317,-5.92010445099993,0],[106.002984271,-5.92011095299995,0],[106.002988769,-5.92011530599996,0],[106.002997437,-5.92011872599994,0],[106.003010274,-5.92012120999993,0],[106.003024895,-5.92012677599996,0],[106.003041299,-5.92013542399997,0],[106.003053303,-5.92014029399996,0],[106.003060902,-5.92014138699994,0],[106.003092389,-5.92015247499995,0],[106.003147762,-5.92017355999997,0],[106.003185575,-5.92018959099994,0],[106.003205828,-5.92020056399997,0],[106.003226257,-5.92020826199996,0],[106.003246861,-5.92021268099995,0],[106.003261482,-5.92021798199994,0],[106.003270119,-5.92022416299994,0],[106.003280061,-5.92022870799997,0],[106.003291307,-5.92023161599997,0],[106.003302801,-5.92024083099994,0],[106.003314539,-5.92025635299996,0],[106.003321226,-5.92026779499997,0],[106.00332286,-5.92027515799998,0],[106.003321946,-5.92030014599993,0],[106.003318485,-5.92034275899994,0],[106.003313744,-5.92037193699997,0],[106.003307725,-5.92038768299994,0],[106.003304738,-5.92040005399997,0],[106.003304782,-5.92040905199997,0],[106.003300191,-5.92043266999997,0],[106.003290965,-5.92047090899996,0],[106.00328431,-5.92049471499996,0],[106.003280224,-5.92050408799997,0],[106.003275883,-5.92052409599995,0],[106.003271287,-5.92055473999994,0],[106.003266978,-5.92057492999993,0],[106.003262954,-5.92058466799995,0],[106.003262892,-5.92059052699994,0],[106.003266794,-5.92059250799997,0],[106.003265352,-5.92060024699992,0],[106.003258569,-5.92061374299993,0],[106.003254071,-5.92062723899994,0],[106.003251856,-5.92064073599994,0],[106.003252001,-5.92064973299995,0],[106.003254505,-5.92065423099996,0],[106.003253328,-5.92066322899996,0],[106.003248469,-5.92067672599995,0],[106.003246215,-5.92069584399997,0],[106.003246567,-5.92072058799994,0],[106.003250204,-5.92073529799995,0],[106.003257128,-5.92073997399996,0],[106.003263793,-5.92074784699997,0],[106.003270198,-5.92075891599995,0],[106.003271129,-5.92076922899997,0],[106.003266587,-5.92077878599997,0],[106.003267052,-5.92078757599995,0],[106.003272527,-5.92079559799993,0],[106.003276024,-5.92080544099997,0],[106.003277544,-5.92081710299993,0],[106.00327659,-5.92082630799996,0],[106.003273163,-5.92083305599994,0],[106.003273999,-5.92084137699993,0],[106.003279095,-5.92085126999996,0],[106.003291088,-5.92086448899994,0],[106.003309979,-5.92088103399993,0],[106.003322382,-5.92089900099995,0],[106.003328295,-5.92091838799996,0],[106.003333918,-5.92093061199995,0],[106.003339251,-5.92093566999995,0],[106.003353776,-5.92093412599996,0],[106.003370905,-5.92092824099996,0],[106.003377491,-5.92092597899995,0],[106.003390986,-5.92091789599993,0],[106.003394264,-5.92090987799997,0],[106.0034049,-5.92090848299995,0],[106.003422895,-5.92091371099997,0],[106.003432463,-5.92091434599996,0],[106.003433606,-5.92091038799992,0],[106.003435269,-5.92090858899996,0],[106.003442661,-5.92090059299994,0],[106.003459628,-5.92088496199995,0],[106.003471432,-5.92087259399995,0],[106.003478074,-5.92086348899994,0],[106.003484726,-5.92085897099997,0],[106.003491386,-5.92085904199996,0],[106.003502246,-5.92085078099996,0],[106.003517306,-5.92083418999994,0],[106.003530952,-5.92082177999993,0],[106.003543183,-5.92081355099998,0],[106.003552563,-5.92081138599997,0],[106.003559091,-5.92081528299997,0],[106.003565475,-5.92081390399994,0],[106.003571713,-5.92080724999994,0],[106.003574582,-5.92080029999994,0],[106.003574081,-5.92079304999993,0],[106.003566463,-5.92078459099997,0],[106.003551728,-5.92077492199996,0],[106.003543235,-5.92077366199993,0],[106.003540986,-5.92078081099993,0],[106.003538034,-5.92077940299993,0],[106.003534379,-5.92076943399996,0],[106.003536628,-5.92076556599994,0],[106.003544782,-5.92076779799993,0],[106.003552141,-5.92076554899995,0],[106.003558704,-5.92075881799997,0],[106.003571076,-5.92075411099995,0],[106.003589255,-5.92075142699997,0],[106.003606095,-5.92074680299993,0],[106.003621594,-5.92074024199997,0],[106.003632841,-5.92073777099995,0],[106.003639835,-5.92073938999994,0],[106.003652664,-5.92073422599998,0],[106.003671326,-5.92072227799997,0],[106.003688152,-5.92071484399997,0],[106.003703142,-5.92071192499998,0],[106.003712241,-5.92070821599998,0],[106.003715447,-5.92070371799997,0],[106.003725552,-5.92069803299995,0],[106.003742554,-5.92069116199997,0],[106.003757864,-5.92068689099995,0],[106.003771484,-5.92068522199997,0],[106.003780543,-5.92068922499993,0],[106.003785042,-5.92069889799996,0],[106.003790906,-5.92070654199995,0],[106.003798138,-5.92071215699997,0],[106.003802184,-5.92072058799994,0],[106.003803045,-5.92073183499997,0],[106.003806336,-5.92073970799993,0],[106.003812055,-5.92074420599994,0],[106.003820381,-5.92074656999995,0],[106.003831312,-5.92074679799993,0],[106.003833183,-5.92075467099994,0],[106.003825995,-5.92077018799995,0],[106.00382712,-5.92078005899998,0],[106.003834792,-5.92078349499997,0],[106.003836557,-5.92078428499997,0],[106.003845005,-5.92078014199996,0],[106.003852465,-5.92076762699998,0],[106.003862587,-5.92075671999993,0],[106.003867762,-5.92075295499995,0],[106.003875372,-5.92074741899995,0],[106.003881764,-5.92073963599995,0],[106.003881764,-5.92073336899995,0],[106.003886315,-5.92072979199997,0],[106.003895418,-5.92072890399993,0],[106.003896542,-5.92072510899993,0],[106.003889689,-5.92071840799997,0],[106.003881504,-5.92071589899996,0],[106.003871989,-5.92071758399993,0],[106.00386213,-5.92072741899995,0],[106.003861678,-5.92072821499994,0],[106.003851929,-5.92074540199997,0],[106.003845721,-5.92074650499995,0],[106.003843507,-5.92073072699998,0],[106.003836733,-5.92071974499993,0],[106.003827623,-5.92071477299993,0],[106.003825398,-5.92071355799993,0],[106.003816119,-5.92069557399998,0],[106.003811941,-5.92067834499994,0],[106.003808897,-5.92066578899994,0],[106.003802354,-5.92065415099995,0],[106.003814283,-5.92065242199993,0],[106.003818297,-5.92064917599993,0],[106.00382332,-5.92065505099993,0],[106.003823634,-5.92065526599993,0],[106.003832291,-5.92066118799994,0],[106.003841016,-5.92066231299998,0],[106.003849495,-5.92065842599993,0],[106.003858936,-5.92065760599996,0],[106.003869339,-5.92065985499994,0],[106.003874085,-5.92065646699996,0],[106.00387317,-5.92064744099997,0],[106.003874976,-5.92064046699994,0],[106.003879501,-5.92063554299995,0],[106.003888946,-5.92063261799996,0],[106.003903313,-5.92063168899995,0],[106.003910527,-5.92062854099993,0],[106.003910588,-5.92062317399996,0],[106.003915565,-5.92061802999996,0],[106.003925459,-5.92061310699995,0],[106.00393849,-5.92061046399994,0],[106.003954657,-5.92061010199996,0],[106.003964186,-5.92059938799997,0],[106.003967076,-5.92057832299997,0],[106.003966286,-5.92056555199997,0],[106.003961813,-5.92056107799993,0],[106.003964005,-5.92055651999993,0],[106.003972862,-5.92055187799997,0],[106.003983494,-5.92055013999993,0],[106.003995901,-5.92055130399996,0],[106.004005667,-5.92054766799993,0],[106.004012793,-5.92053923399993,0],[106.004013272,-5.92053482099993,0],[106.004007104,-5.92053442899993,0],[106.004004199,-5.92053030799997,0],[106.00400456,-5.92052245799994,0],[106.004001344,-5.92051780099996,0],[106.003994552,-5.92051633799997,0],[106.003995501,-5.92051166299996,0],[106.004004191,-5.92050377799995,0],[106.004014304,-5.92049773099995,0],[106.004025841,-5.92049352499993,0],[106.004038348,-5.92049107399993,0],[106.004051827,-5.92049037699996,0],[106.004059059,-5.92048215599993,0],[106.004060042,-5.92046640999996,0],[106.004063404,-5.92044986699995,0],[106.004069141,-5.92043252799994,0],[106.004081807,-5.92042187399994,0],[106.004101401,-5.92041790699994,0],[106.004115363,-5.92041083099997,0],[106.004123692,-5.92040064799994,0],[106.00413613,-5.92038093499997,0],[106.004152675,-5.92035169299993,0],[106.004164501,-5.92032895499995,0],[106.00417161,-5.92031271999997,0],[106.004175669,-5.92029884999994,0],[106.00417668,-5.92028734599995,0],[106.004180603,-5.92027409499997,0],[106.004187439,-5.92025909699993,0],[106.004200184,-5.92023521699997,0],[106.004218837,-5.92020245899994,0],[106.004230414,-5.92018583399994,0],[106.004234913,-5.92018534199997,0],[106.004240492,-5.92017360399996,0],[106.004247152,-5.92015062099995,0],[106.004258096,-5.92012870499997,0],[106.004273323,-5.92010785699995,0],[106.004284403,-5.92008986099995,0],[106.004291335,-5.92007471999995,0],[106.004296348,-5.92006061399996,0],[106.004299441,-5.92004754199996,0],[106.004303245,-5.92003854399996,0],[106.004307762,-5.92003362199995,0],[106.004311852,-5.92002328699994,0],[106.004315516,-5.92000754199995,0],[106.0043211,-5.91999534999997,0],[106.004328604,-5.91998671299996,0],[106.004331877,-5.91997801199994,0],[106.004330919,-5.91996924699993,0],[106.004334895,-5.91996006999995,0],[106.004343804,-5.91995047899997,0],[106.004347473,-5.91994231699994,0],[106.0043459,-5.91993558199994,0],[106.004351224,-5.91992545999994,0],[106.004363446,-5.91991195099996,0],[106.00436979,-5.91990182199993,0],[106.004370256,-5.91989507399995,0],[106.004374426,-5.91988720099994,0],[106.004382298,-5.91987820399993,0],[106.004383831,-5.91987168399993,0],[106.004379025,-5.91986764199993,0],[106.004382685,-5.91985864499998,0],[106.00439481,-5.91984469199997,0],[106.004401373,-5.91983002599994,0],[106.004402375,-5.91981464699995,0],[106.004406892,-5.91979890199997,0],[106.004414923,-5.91978278999994,0],[106.004419605,-5.91976810899996,0],[106.004420941,-5.91975486099994,0],[106.004424324,-5.91974539999995,0],[106.004429755,-5.91973972299996,0],[106.004431801,-5.91973305499994,0],[106.004430466,-5.91972539599993,0],[106.004433884,-5.91971911199994,0],[106.004442055,-5.91971420499993,0],[106.004445631,-5.91970866199995,0],[106.004444612,-5.91970248299998,0],[106.00444818,-5.91969236099993,0],[106.004456333,-5.91967829599997,0],[106.004464206,-5.91965905199993,0],[106.004469068,-5.91964341199997,0],[106.004471798,-5.91963462899997,0],[106.004480769,-5.91961775999994,0],[106.00449112,-5.91960844199997,0],[106.004498628,-5.91959815899997,0],[106.004503294,-5.91958691299993,0],[106.004505213,-5.91957679099994,0],[106.004504387,-5.91956779199995,0],[106.00450784,-5.91955991999993,0],[106.004515572,-5.91955317199995,0],[106.004519373,-5.91954452499994,0],[106.004519241,-5.91953397899994,0],[106.004524288,-5.91952524299995,0],[106.004534516,-5.91951831699993,0],[106.004539177,-5.91951140699996,0],[106.004538272,-5.91950451399993,0],[106.00454622,-5.91947759999994,0],[106.00456302,-5.91943066499994,0],[106.004570686,-5.91940348299994,0],[106.004569219,-5.91939605599993,0],[106.004570963,-5.91938222099998,0],[106.004575918,-5.91936197599995,0],[106.004576463,-5.91936022799996,0],[106.004584679,-5.91933385999994,0],[106.004597244,-5.91929786999998,0],[106.004603746,-5.91927425199998,0],[106.004604185,-5.91926300499995,0],[106.004607616,-5.91925455899997,0],[106.004614039,-5.91924891399998,0],[106.004618467,-5.91923879199993,0],[106.004620902,-5.91922419199994,0],[106.004624992,-5.91921366099996,0],[106.004630738,-5.91920719599995,0],[106.004633313,-5.91919482399993,0],[106.004632715,-5.91917654599996,0],[106.004635377,-5.91916458699995,0],[106.004641299,-5.91915894599992,0],[106.004644832,-5.91914883099997,0],[106.004645974,-5.91913424299997,0],[106.00464991,-5.91912581699995,0],[106.004656641,-5.91912355299996,0],[106.004661851,-5.91911863599995,0],[106.004665541,-5.91911106599997,0],[106.004672544,-5.91910231499998,0],[106.004682859,-5.91909238099993,0],[106.004688896,-5.91907083599995,0],[106.004690654,-5.91903768099996,0],[106.004689323,-5.91901490099997,0],[106.004684903,-5.91900249599996,0],[106.004679698,-5.91899827799995,0],[106.004678392,-5.91899721999994,0],[106.004669789,-5.91899907499993,0],[106.004666482,-5.91899472099993,0],[106.004668467,-5.91898415899993,0],[106.004672694,-5.91897877399992,0],[106.00467916,-5.91897856499997,0],[106.004676564,-5.91896721399996,0],[106.004664905,-5.91894472099995,0],[106.004660005,-5.91892897599996,0],[106.004661869,-5.91891997799996,0],[106.004659659,-5.91890965499994,0],[106.004653376,-5.91889800599995,0],[106.004654479,-5.91888338599995,0],[106.004662967,-5.91886579199996,0],[106.004671037,-5.91885474899993,0],[106.00467869,-5.91885025399995,0],[106.004682201,-5.91884543399993,0],[106.004681568,-5.91884028799996,0],[106.004681056,-5.91883968499997,0],[106.004675949,-5.91883366799993,0],[106.004665343,-5.91882557599996,0],[106.004652467,-5.91881772799996,0],[106.004637319,-5.91881012499994,0],[106.004624947,-5.91880987299993,0],[106.004615352,-5.91881696999997,0],[106.004612795,-5.91881613099997,0],[106.004617277,-5.91880735599995,0],[106.00461497,-5.91880297799997,0],[106.004605877,-5.91880299999997,0],[106.00460118,-5.91879942999998,0],[106.004600881,-5.91879226699996,0],[106.004603592,-5.91878664299998,0],[106.004609312,-5.91878255999995,0],[106.004609343,-5.91878243299993,0],[106.004611179,-5.91877489399997,0],[106.004609193,-5.91876364799998,0],[106.004603166,-5.91875587199996,0],[106.004593097,-5.91875156699996,0],[106.004585175,-5.91874594299998,0],[106.004579402,-5.91873900199994,0],[106.004572852,-5.91873533299997,0],[106.004577509,-5.91870428899995,0],[106.004588281,-5.91863248499993,0],[106.004577783,-5.91861491299994,0],[106.004563738,-5.91859140499997,0],[106.004565524,-5.91859040199995,0],[106.004571974,-5.91859459999995,0],[106.004576283,-5.91859103499996,0],[106.004578453,-5.91857970699994,0],[106.004576718,-5.91857280199997,0],[106.004571077,-5.91857031999996,0],[106.004572325,-5.91856706999994,0],[106.004580461,-5.91856305199997,0],[106.004584455,-5.91855759499992,0],[106.004584305,-5.91855069699994,0],[106.00459065,-5.91854499599998,0],[106.004603487,-5.91854049399996,0],[106.004613441,-5.91854040899995,0],[106.004620515,-5.91854474299993,0],[106.00463072,-5.91854465699993,0],[106.004644058,-5.91854015199993,0],[106.004654351,-5.91854024399993,0],[106.004661601,-5.91854493099993,0],[106.004666468,-5.91853614799993,0],[106.004668955,-5.91851389399994,0],[106.004672896,-5.91850247499997,0],[106.004678291,-5.91850188999996,0],[106.004684009,-5.91848982099998,0],[106.004686423,-5.91848472699996,0],[106.004697291,-5.91845098699997,0],[106.004706658,-5.91840822999995,0],[106.004714522,-5.91835645499998,0],[106.004722122,-5.91831709199994,0],[106.004729459,-5.91829013899996,0],[106.004738475,-5.91826937199994,0],[106.004749167,-5.91825479099998,0],[106.004762866,-5.91824531699996,0],[106.004779569,-5.91824094899994,0],[106.00479419,-5.91823910199997,0],[106.004806728,-5.91823977399997,0],[106.004817228,-5.91823660699993,0],[106.00482569,-5.91822960299993,0],[106.004828664,-5.91822074499993,0],[106.00482615,-5.91821003699994,0],[106.004828809,-5.91819807699994,0],[106.004836638,-5.91818486699998,0],[106.004844932,-5.91816689299998,0],[106.004853692,-5.91814415599993,0],[106.0048637,-5.91812936699995,0],[106.004874956,-5.91812252599993,0],[106.004880614,-5.91811694099994,0],[106.004880676,-5.91811260899993,0],[106.0048855,-5.91810623899994,0],[106.004895085,-5.91809782999997,0],[106.004902765,-5.91809340899994,0],[106.004908538,-5.91809297599997,0],[106.004911604,-5.91809716599994,0],[106.004911965,-5.91810597899996,0],[106.004915475,-5.91810928899997,0],[106.004922135,-5.91810709399994,0],[106.004934252,-5.91809467899998,0],[106.004951825,-5.91807204299994,0],[106.004957307,-5.91806058499998,0],[106.0049507,-5.91806030899994,0],[106.004943065,-5.91806365399998,0],[106.004934401,-5.91807062299995,0],[106.004931167,-5.91806928099993,0],[106.004933364,-5.91805963099995,0],[106.004931089,-5.91805466099993,0],[106.00492434,-5.91805437199997,0],[106.00491033,-5.91806320899997,0],[106.004889058,-5.91808117199997,0],[106.004873778,-5.91809291899995,0],[106.004864491,-5.91809844799997,0],[106.004855274,-5.91810722599996,0],[106.004846127,-5.91811925299993,0],[106.004835635,-5.91813059499998,0],[106.0048238,-5.91814125199994,0],[106.004809768,-5.91814888299996,0],[106.004793539,-5.91815348399996,0],[106.004777943,-5.91815426899996,0],[106.00476298,-5.91815123499993,0],[106.004748504,-5.91815089999994,0],[106.004734516,-5.91815325999994,0],[106.004725272,-5.91815170299998,0],[106.004720774,-5.91814622699997,0],[106.004702792,-5.91814079199997,0],[106.004671327,-5.91813539999993,0],[106.004656342,-5.91813594599995,0],[106.004652731,-5.91813607699993,0],[106.004647001,-5.91814282499996,0],[106.004632368,-5.91814696799997,0],[106.004608828,-5.91814850599997,0],[106.004584687,-5.91814903499994,0],[106.004559944,-5.91814855599995,0],[106.004536326,-5.91814708999993,0],[106.004513833,-5.91814463699995,0],[106.004497331,-5.91814148999993,0],[106.004486823,-5.91813764999995,0],[106.004476596,-5.91813057899998,0],[106.004466649,-5.91812027699996,0],[106.004462906,-5.91810923199995,0],[106.004465366,-5.91809744199998,0],[106.004464716,-5.91808496599998,0],[106.004460955,-5.91807180399996,0],[106.004462633,-5.91806464999996,0],[106.00446975,-5.91806350599995,0],[106.004475014,-5.91805899799994,0],[106.004478423,-5.91805112499998,0],[106.004486867,-5.91804602499997,0],[106.004500345,-5.91804369499994,0],[106.004510696,-5.91803897099993,0],[106.004517919,-5.91803184899993,0],[106.004520168,-5.91802552299993,0],[106.004517444,-5.91801999199993,0],[106.004519307,-5.91801122999993,0],[106.004525756,-5.91799923899993,0],[106.004526046,-5.91799211899996,0],[106.004520176,-5.91798986899994,0],[106.004519044,-5.91798536999994,0],[106.004522646,-5.91797862299995,0],[106.004523287,-5.91797168099993,0],[106.004520967,-5.91796454599995,0],[106.004523415,-5.91795671399996,0],[106.004530628,-5.91794818499994,0],[106.004532654,-5.91793825599996,0],[106.004529491,-5.91792692799993,0],[106.0045275,-5.91790664299998,0],[106.004526683,-5.91787740099994,0],[106.004523476,-5.91785515699996,0],[106.004517879,-5.91783990999994,0],[106.004514206,-5.91782057899997,0],[106.004512457,-5.91779716299993,0],[106.004509062,-5.91778256499992,0],[106.004504018,-5.91777678599993,0],[106.004500864,-5.91775562899994,0],[106.004499599,-5.91771909399995,0],[106.00449532,-5.91769627699995,0],[106.004488026,-5.91768717699995,0],[106.004485931,-5.91767930299994,0],[106.004489033,-5.91767265799996,0],[106.004489455,-5.91766221899996,0],[106.004487197,-5.91764798499997,0],[106.004485268,-5.91762661599995,0],[106.004483669,-5.91759811199995,0],[106.004481454,-5.91757486299997,0],[106.004478625,-5.91755686799996,0],[106.00447838,-5.91754494299994,0],[106.004480717,-5.91753908599998,0],[106.004481437,-5.91752740199996,0],[106.00448054,-5.91750988799993,0],[106.004477527,-5.91750044499997,0],[106.004472395,-5.91749907099995,0],[106.004471315,-5.91749159299997,0],[106.004474285,-5.91747800899998,0],[106.004473828,-5.91746788699993,0],[106.004469944,-5.91746122699993,0],[106.004466987,-5.91744664999993,0],[106.004464958,-5.91742415599998,0],[106.004461988,-5.91741103199996,0],[106.004458078,-5.91740727499996,0],[106.004456733,-5.91739940199994,0],[106.004457955,-5.91738741299997,0],[106.004456738,-5.91738029399994,0],[106.004453082,-5.91737804399997,0],[106.004451975,-5.91736428799993,0],[106.004453417,-5.91733902499993,0],[106.004452274,-5.91732215399998,0],[106.004448549,-5.91731367799997,0],[106.004448518,-5.91730718999997,0],[106.004452182,-5.91730269099997,0],[106.004451304,-5.91729594299994,0],[106.004445882,-5.91728694599993,0],[106.004444103,-5.91727682399994,0],[106.004445965,-5.91726557699997,0],[106.004443821,-5.91725532699996,0],[106.004437671,-5.91724607499998,0],[106.00443641,-5.91723707799997,0],[106.004440039,-5.91722833499995,0],[106.004439319,-5.91721946499996,0],[106.004434248,-5.91721046799995,0],[106.004432834,-5.91720259499994,0],[106.004435075,-5.91719584699996,0],[106.004432447,-5.91718797399994,0],[106.004424952,-5.91717897599995,0],[106.00442168,-5.91716210599998,0],[106.004422629,-5.91713736399993,0],[106.004419891,-5.91712102999998,0],[106.004413469,-5.91711310699998,0],[106.004408267,-5.91710040599997,0],[106.004404286,-5.91708292699997,0],[106.004403268,-5.91707114299993,0],[106.004405209,-5.91706505499997,0],[106.004404177,-5.91705615099994,0],[106.00440017,-5.91704443099997,0],[106.004399516,-5.91703432099996,0],[106.004402213,-5.91702581999994,0],[106.004400038,-5.91701705899993,0],[106.004392991,-5.91700803699996,0],[106.004391094,-5.91700049099995,0],[106.004394344,-5.91699441899993,0],[106.004393519,-5.91697430999994,0],[106.004388616,-5.91694016299994,0],[106.004384412,-5.91691733199997,0],[106.004380906,-5.91690581499995,0],[106.004380427,-5.91689330799994,0],[106.004382974,-5.91687981199993,0],[106.004381903,-5.91686675699998,0],[106.004377211,-5.91685414099993,0],[106.004375313,-5.91684402599998,0],[106.004376209,-5.91683640999997,0],[106.004373121,-5.91682922099994,0],[106.004366047,-5.91682245999993,0],[106.004365094,-5.91680783299995,0],[106.00437026,-5.91678533899994,0],[106.00436929,-5.91677207999993,0],[106.004362182,-5.91676805599997,0],[106.004360595,-5.91675793399997,0],[106.004364531,-5.91674171399995,0],[106.004364531,-5.91673224899995,0],[106.004360595,-5.91672954099994,0],[106.004359006,-5.91672054299994,0],[106.004359761,-5.91670525799998,0],[106.004356154,-5.91668524199997,0],[106.004348185,-5.91666049999998,0],[106.004343743,-5.91664025499995,0],[106.004342829,-5.91662450999996,0],[106.004335518,-5.91660089199996,0],[106.004321811,-5.91656940099995,0],[106.004312775,-5.91654313899994,0],[106.004308408,-5.91652210599995,0],[106.004302455,-5.91650984699993,0],[106.004294916,-5.91650636099996,0],[106.004290018,-5.91649550299996,0],[106.004287759,-5.91647727599997,0],[106.004281934,-5.91645467099994,0],[106.004276292,-5.91643846199997,0],[106.004272541,-5.91642768699995,0],[106.00426306,-5.91641194599993,0],[106.00425558,-5.91640842899994,0],[106.004253492,-5.91640744699993,0],[106.004246946,-5.91639811399995,0],[106.004246089,-5.91639466699996,0],[106.004243423,-5.91638394599994,0],[106.004237562,-5.91637679799993,0],[106.004231037,-5.91637669599993,0],[106.004229364,-5.91637666999998,0],[106.004224982,-5.91637107299994,0],[106.004224343,-5.91637025799997,0],[106.004222498,-5.91635756199997,0],[106.004214796,-5.91634446499995,0],[106.004201238,-5.91633096899994,0],[106.004195207,-5.91632197199993,0],[106.0041967,-5.91631747299994,0],[106.004192461,-5.91630817999993,0],[106.004182488,-5.91629409399997,0],[106.004167339,-5.91627609799997,0],[106.004147017,-5.91625419599995,0],[106.004135002,-5.91623955099993,0],[106.004134342,-5.91623874599998,0],[106.004129316,-5.91622974799998,0],[106.004124861,-5.91622749899994,0],[106.004120978,-5.91623199799994,0],[106.00411386,-5.91622862299994,0],[106.00410351,-5.91621737699995,0],[106.004095927,-5.91620689199993,0],[106.004091112,-5.91619716999998,0],[106.00408598,-5.91619201899994,0],[106.004080533,-5.91619143899993,0],[106.004076553,-5.91618617799998,0],[106.00407404,-5.91617623599996,0],[106.004064647,-5.91616651099997,0],[106.004051967,-5.91615910299993,0],[106.004048374,-5.91615700399996,0],[106.004032111,-5.91614268699993,0],[106.004015855,-5.91612355899997,0],[106.004003229,-5.91611224099995,0],[106.003994232,-5.91610873499997,0],[106.003983345,-5.91610132599993,0],[106.003971613,-5.91609093799997,0],[106.003970569,-5.91609001299997,0],[106.003959876,-5.91608246599998,0],[106.003951266,-5.91607868299997,0],[106.003945581,-5.91607311999996,0],[106.003942822,-5.91606577699997,0],[106.003936645,-5.91605678099995,0],[106.003927049,-5.91604613199996,0],[106.003911005,-5.91603439199997,0],[106.003888512,-5.91602156499994,0],[106.003865416,-5.91600416899996,0],[106.003841719,-5.91598220699996,0],[106.003823724,-5.91596945999993,0],[106.003811432,-5.91596592799993,0],[106.003796622,-5.91595520499993,0],[106.003779295,-5.91593729099998,0],[106.003762425,-5.91592581699996,0],[106.003746012,-5.91592078299993,0],[106.00373429,-5.91591276799994,0],[106.003727261,-5.91590177399996,0],[106.003719709,-5.91589609799996,0],[106.003711634,-5.91589574299996,0],[106.003708313,-5.91589242399994,0],[106.003709745,-5.91588614199998,0],[106.003706306,-5.91588283199997,0],[106.003697994,-5.91588249599994,0],[106.003691605,-5.91587808499997,0],[106.003687141,-5.91586959699993,0],[106.003681479,-5.91586401399996,0],[106.003674616,-5.91586133599998,0],[106.003668721,-5.91585297699993,0],[106.003663791,-5.91583893899997,0],[106.003654763,-5.91582790599995,0],[106.003641636,-5.91581987999996,0],[106.003631664,-5.91581571499995,0],[106.003624845,-5.91581541199997,0],[106.003620557,-5.91581203799996,0],[106.0036188,-5.91580559299996,0],[106.003612039,-5.91580223399995,0],[106.003600274,-5.91580196199993,0],[106.003594251,-5.91579858299997,0],[106.003593969,-5.91579209599996,0],[106.003590529,-5.91578878599995,0],[106.00358393,-5.91578865399993,0],[106.003580561,-5.91578520899998,0],[106.003580421,-5.91577844999995,0],[106.003576058,-5.91577606499993,0],[106.003567474,-5.91577805599997,0],[106.003554363,-5.91577437099994,0],[106.003536729,-5.91576501099996,0],[106.003516279,-5.91575927299994,0],[106.003493012,-5.91575715499994,0],[106.003457637,-5.91575541399993,0],[106.003410155,-5.91575404999998,0],[106.003398867,-5.91575308199998,0],[106.003377301,-5.91575123399997,0],[106.003359078,-5.91574696599997,0],[106.003350204,-5.91574249899998,0],[106.003350678,-5.91573783299998,0],[106.00336985,-5.91573553299997,0],[106.00340772,-5.91573559899996,0],[106.003429305,-5.91573671899994,0],[106.003438087,-5.91573717399996,0],[106.003460949,-5.91574025799997,0],[106.003483628,-5.91574552499998,0],[106.003506121,-5.91575297299994,0],[106.003521607,-5.91575436199997,0],[106.003530087,-5.91574968999993,0],[106.003536888,-5.91573866799996,0],[106.00354201,-5.91572129699995,0],[106.003532349,-5.91571123199998,0],[106.003507905,-5.91570847299994,0],[106.003497283,-5.91570076299996,0],[106.003495604,-5.91569954399995,0],[106.003495446,-5.91568444399996,0],[106.003488307,-5.91567321099996,0],[106.003474186,-5.91566584299994,0],[106.003464816,-5.91566372299997,0],[106.003460194,-5.91566685099997,0],[106.003456824,-5.91566460699994,0],[106.003454706,-5.91565699099993,0],[106.003460058,-5.91564999199994,0],[106.003472877,-5.91564360899997,0],[106.003469688,-5.91563367999993,0],[106.003450489,-5.91562020599997,0],[106.003433971,-5.91561328599994,0],[106.003420132,-5.91561292199998,0],[106.003412259,-5.91561547699996,0],[106.003410352,-5.91562095399996,0],[106.003402924,-5.91562085199996,0],[106.003389972,-5.91561517099996,0],[106.003382925,-5.91560698099994,0],[106.003381782,-5.91559628099998,0],[106.00337456,-5.91558775999994,0],[106.003361258,-5.91558141799993,0],[106.003344686,-5.91557509899997,0],[106.003324846,-5.91556880099995,0],[106.003309267,-5.91556638599997,0],[106.00329795,-5.91556785299997,0],[106.003288953,-5.91556562699998,0],[106.003282275,-5.91555970699994,0],[106.003268815,-5.91555521399994,0],[106.00324857,-5.91555214699997,0],[106.003223423,-5.91555016899997,0],[106.003193373,-5.91554927899995,0],[106.003159633,-5.91554955299995,0],[106.003122202,-5.91555098999993,0],[106.003088923,-5.91555583199994,0],[106.003059796,-5.91556407999997,0],[106.003037952,-5.91557613499998,0],[106.003023393,-5.91559199799997,0],[106.00301483,-5.91560491899997,0],[106.003012264,-5.91561490099997,0],[106.003005832,-5.91562630699997,0],[106.002995535,-5.91563913699997,0],[106.00298717,-5.91564634199995,0],[106.002980738,-5.91564792199995,0],[106.002976732,-5.91564438799998,0],[106.00297515,-5.91563574199995,0],[106.002976732,-5.91562467199998,0],[106.002981476,-5.91561117499998,0],[106.002978836,-5.91560442699995,0],[106.00296881,-5.91560442699995,0],[106.002955758,-5.91561657299997,0],[106.002939679,-5.91564086299996,0],[106.002928217,-5.91565970899995,0],[106.002921372,-5.91567311099993,0],[106.002917427,-5.91568683299994,0],[106.002916381,-5.91570087599996,0],[106.00290875,-5.91570789699995,0],[106.002894534,-5.91570789799994,0],[106.002877137,-5.91571239599995,0],[106.002856558,-5.91572139299996,0],[106.002841968,-5.91572902699994,0],[106.002833366,-5.91573529599998,0],[106.002828169,-5.91574677199998,0],[106.002826854,-5.91575900399994,0],[106.002826376,-5.91576345599998,0],[106.002821596,-5.91577465899996,0],[106.002813829,-5.91578038199998,0],[106.002802833,-5.91578529599997,0],[106.002788607,-5.91578940299996,0],[106.002767519,-5.91578831899994,0],[106.002739569,-5.91578204099994,0],[106.002716909,-5.91577464699998,0],[106.002699538,-5.91576613699993,0],[106.002688292,-5.91575805099995,0],[106.002683169,-5.91575038899992,0],[106.002676109,-5.91574631599997,0],[106.002667111,-5.91574583299996,0],[106.002649889,-5.91573876999996,0],[106.002624444,-5.91572512299996,0],[106.002611018,-5.91571569999996,0],[106.002609612,-5.91571049799995,0],[106.002604252,-5.91570685999994,0],[106.002594939,-5.91570478399996,0],[106.002585568,-5.91569803599998,0],[106.00257614,-5.91568661499997,0],[106.002566409,-5.91567865599995,0],[106.002556375,-5.91567415699996,0],[106.002544034,-5.91566430999995,0],[106.002529387,-5.91564911299997,0],[106.002515698,-5.91563775699996,0],[106.002502965,-5.91563023999993,0],[106.002493204,-5.91562096799993,0],[106.002486412,-5.91560993999997,0],[106.002464933,-5.91558967999993,0],[106.002428767,-5.91556018599994,0],[106.002402689,-5.91554344099995,0],[106.002386698,-5.91553944499998,0],[106.002377779,-5.91553282399997,0],[106.002375934,-5.91552357599994,0],[106.002362337,-5.91550995399996,0],[106.002336987,-5.91549195999994,0],[106.002313562,-5.91547733799996,0],[106.002292062,-5.91546609199997,0],[106.002270153,-5.91545147099993,0],[106.002247835,-5.91543347599998,0],[106.002230692,-5.91542186699996,0],[106.002218725,-5.91541664299996,0],[106.002194747,-5.91541144799993,0],[106.002158757,-5.91540628199994,0],[106.002130728,-5.91540093099997,0],[106.002110659,-5.91539539499996,0],[106.002088762,-5.91539100999995,0],[106.002073545,-5.91538796199995,0],[106.002019385,-5.91537862999996,0],[106.001978598,-5.91536993599993,0],[106.001951184,-5.91536187899993,0],[106.001932064,-5.91535345499994,0],[106.001921239,-5.91534466399997,0],[106.00191117,-5.91533898799997,0],[106.001901856,-5.91533642599995,0],[106.001885847,-5.91532486399996,0],[106.001863142,-5.91530429899996,0],[106.001847986,-5.91528796199998,0],[106.001840376,-5.91527585399996,0],[106.001831642,-5.91527048399996,0],[106.001821784,-5.91527184999995,0],[106.001815427,-5.91526328299994,0],[106.001812571,-5.91524478199995,0],[106.0018002,-5.91521958699997,0],[106.001778312,-5.91518769599998,0],[106.001755261,-5.91515594499998,0],[106.001731045,-5.91512432999997,0],[106.001716424,-5.91510835199995,0],[106.001711398,-5.91510800899994,0],[106.001697639,-5.91509778899996,0],[106.001675145,-5.91507769299994,0],[106.001647472,-5.91505856199996,0],[106.001614619,-5.91504039799997,0],[106.001590979,-5.91502388699996,0],[106.001576551,-5.91500902899998,0],[106.001572734,-5.91499975999994,0],[106.001579526,-5.91499607999998,0],[106.001592547,-5.91500219799997,0],[106.001611799,-5.91501811299997,0],[106.001627368,-5.91502670099993,0],[106.001639256,-5.91502796099996,0],[106.001650614,-5.91503533999997,0],[106.001661438,-5.91504883599993,0],[106.001675589,-5.91505960599994,0],[106.001693065,-5.91506764999997,0],[106.001700367,-5.91506669399996,0],[106.001697494,-5.91505673699993,0],[106.00169028,-5.91504595499993,0],[106.001678726,-5.91503434699996,0],[106.001669706,-5.91502841199997,0],[106.001663222,-5.91502814899997,0],[106.00165871,-5.91502380399993,0],[106.001656171,-5.91501538099993,0],[106.001648465,-5.91500621699993,0],[106.001635593,-5.91499631499994,0],[106.001627829,-5.91498829899996,0],[106.001625176,-5.91498216999997,0],[106.001615867,-5.91497556999997,0],[106.001599902,-5.91496849599997,0],[106.00158742,-5.91496151399997,0],[106.001578423,-5.91495462399996,0],[106.001566904,-5.91495253699998,0],[106.001552863,-5.91495525399995,0],[106.001539819,-5.91494649099997,0],[106.001527773,-5.91492624599994,0],[106.001516974,-5.91491179899998,0],[106.001507423,-5.91490314799995,0],[106.001500635,-5.91489302699995,0],[106.001496611,-5.91488143299995,0],[106.001483515,-5.91486438899994,0],[106.001461347,-5.91484189599993,0],[106.00144456,-5.91482839899993,0],[106.001433155,-5.91482390099998,0],[106.001411097,-5.91481164299995,0],[106.001396411,-5.91480265799993,0],[106.001378384,-5.91479162799993,0],[106.00135202,-5.91477089699993,0],[106.001332327,-5.91474979699996,0],[106.001332004,-5.91474945099998,0],[106.001315393,-5.91473344599996,0],[106.001302187,-5.91472288299997,0],[106.001288247,-5.91470356799994,0],[106.001273574,-5.91467550199997,0],[106.001262937,-5.91465990099994,0],[106.001256339,-5.91465676599995,0],[106.001253615,-5.91465069999992,0],[106.001254766,-5.91464170299997,0],[106.001249727,-5.91463404699994,0],[106.001238498,-5.91462773399996,0],[106.00123468,-5.91461986199994,0],[106.001238274,-5.91461042899994,0],[106.001238586,-5.91460121399996,0],[106.001235616,-5.91459221699995,0],[106.00123099,-5.91458659399996,0],[106.001224708,-5.91458434399993,0],[106.001222186,-5.91457534699992,0],[106.001223425,-5.91455960099995,0],[106.001221637,-5.91454732599993,0],[106.001216822,-5.91453851899996,0],[106.001215442,-5.91452879399998,0],[106.001217498,-5.91451814899995,0],[106.001214027,-5.91451267099995,0],[106.00120503,-5.91451236099994,0],[106.001203942,-5.91451051699994,0],[106.001202842,-5.91450865199994,0],[106.00120341,-5.91450777899996,0],[106.001207464,-5.91450154399996,0],[106.001206102,-5.91449141799995,0],[106.001198756,-5.91447827299993,0],[106.001195879,-5.91446808899997,0],[106.001197469,-5.91446086699995,0],[106.001195356,-5.91444273399998,0],[106.001189539,-5.91441369299997,0],[106.001183524,-5.91439994299998,0],[106.001182233,-5.91439699299997,0],[106.001173438,-5.91439263499996,0],[106.001172414,-5.91438856099995,0],[106.001179162,-5.91438477199995,0],[106.001177893,-5.91437897899993,0],[106.001168605,-5.91437118099998,0],[106.001165574,-5.91436018999997,0],[106.001168798,-5.91434600899993,0],[106.001167366,-5.91433813599997,0],[106.001161278,-5.91433657199997,0],[106.00116017,-5.91433093199993,0],[106.001164045,-5.91432121699995,0],[106.001162028,-5.91431559299997,0],[106.001154121,-5.91431406199996,0],[106.001152513,-5.91430992299996,0],[106.001157205,-5.91430317499993,0],[106.00115583,-5.91429305199995,0],[106.001148388,-5.91427955599994,0],[106.001144236,-5.91426471199998,0],[106.001143374,-5.91424851799997,0],[106.001144486,-5.91423727099993,0],[106.00114757,-5.91423097099994,0],[106.001145097,-5.91422651099998,0],[106.001137066,-5.91422388999996,0],[106.001137427,-5.91421814399996,0],[106.001146177,-5.91420927099995,0],[106.001151463,-5.91419483599998,0],[106.0011518,-5.91419112899996,0],[106.001153281,-5.91417483799995,0],[106.001152667,-5.91415657999994,0],[106.001149617,-5.91414006099996,0],[106.001147777,-5.91411988699997,0],[106.001147144,-5.91409605799993,0],[106.001144798,-5.91407619999995,0],[106.001143602,-5.91407151899995,0],[106.001140739,-5.91406031499997,0],[106.001139754,-5.91405124699997,0],[106.001141846,-5.91404899799994,0],[106.001141951,-5.91404634799994,0],[106.001142338,-5.91403662599993,0],[106.001141231,-5.91401413199998,0],[106.001138973,-5.91399388799994,0],[106.001138001,-5.91398875599998,0],[106.001135564,-5.91397589399998,0],[106.001132018,-5.91394163799993,0],[106.001128337,-5.91389112199994,0],[106.001126364,-5.91384725999995,0],[106.001126101,-5.91381004999994,0],[106.00112635,-5.91380279299995,0],[106.001127049,-5.91378244899994,0],[106.001129211,-5.91376445399993,0],[106.001129773,-5.91374878999994,0],[106.001128736,-5.91373545599993,0],[106.001129571,-5.91371971099994,0],[106.001132277,-5.91370155299995,0],[106.001133358,-5.91367335499996,0],[106.001132814,-5.91363511599997,0],[106.001133916,-5.91360687699995,0],[106.001136666,-5.91358863899995,0],[106.001137804,-5.91356501999996,0],[106.001137329,-5.91353602199996,0],[106.001138331,-5.91351714899997,0],[106.001140809,-5.91350839899997,0],[106.001142668,-5.91348028199997,0],[106.001143907,-5.91343279799997,0],[106.001145769,-5.91340343199994,0],[106.001148255,-5.91339218499996,0],[106.00114888,-5.91337318499995,0],[106.001148103,-5.91335642299993,0],[106.00114764,-5.91334642899994,0],[106.001145971,-5.91332936599997,0],[106.001143871,-5.91332199399994,0],[106.001143234,-5.91330950399993,0],[106.00114406,-5.91329189499993,0],[106.001141837,-5.91326509599998,0],[106.001145341,-5.91325433599997,0],[106.001178743,-5.91315175699998,0],[106.001179751,-5.91314866099998,0],[106.001187371,-5.91312119599996,0],[106.001189284,-5.91311947999998,0],[106.001200298,-5.91311310299994,0],[106.001204954,-5.91311275299995,0],[106.00120883,-5.91311246099997,0],[106.001212393,-5.91310895699996,0],[106.001210987,-5.91310258899995,0],[106.001215701,-5.91309359199994,0],[106.001226535,-5.91308196499995,0],[106.001232993,-5.91307062799996,0],[106.001234526,-5.91306249599995,0],[106.001235076,-5.91305958099997,0],[106.001240717,-5.91304706899996,0],[106.001249916,-5.91303309099993,0],[106.001257315,-5.91302454599997,0],[106.001262911,-5.91302143099995,0],[106.001268535,-5.91301400999993,0],[106.001274185,-5.91300228499995,0],[106.001286653,-5.91299000599997,0],[106.001305939,-5.91297717599997,0],[106.001318187,-5.91296786699996,0],[106.001323398,-5.91296207899995,0],[106.001336248,-5.91295337899993,0],[106.001349394,-5.91294592999998,0],[106.001356739,-5.91294176799994,0],[106.001366984,-5.91293258199994,0],[106.001366984,-5.91293115399998,0],[106.001366984,-5.91292582299997,0],[106.001372036,-5.91292206099996,0],[106.001378381,-5.91292158099998,0],[106.00138214,-5.91292129599998,0],[106.001391138,-5.91291548499993,0],[106.001399028,-5.91290462799998,0],[106.001404929,-5.91290099099996,0],[106.001408838,-5.91290457599996,0],[106.001415617,-5.91290385899993,0],[106.001425265,-5.91289883999997,0],[106.001429852,-5.91289383999998,0],[106.001429377,-5.91288885999995,0],[106.001437197,-5.91288207999997,0],[106.001453311,-5.91287349999993,0],[106.001455701,-5.91287141999993,0],[106.001460824,-5.91286696099996,0],[106.001459735,-5.91286246199996,0],[106.001463864,-5.91285982099993,0],[106.001473213,-5.91285903899995,0],[106.001486151,-5.91285042399994,0],[106.001502679,-5.91283397599994,0],[106.001513034,-5.91282761899993,0],[106.001517216,-5.91283135299994,0],[106.001521961,-5.91282872099993,0],[106.001527268,-5.91281972499996,0],[106.001534736,-5.91281241599995,0],[106.001544366,-5.91280679699997,0],[106.001550662,-5.91280096899993,0],[106.001553623,-5.91279493299993,0],[106.001559809,-5.91278924099993,0],[106.00156922,-5.91278389499996,0],[106.001575049,-5.91277805399994,0],[106.001577299,-5.91277171899998,0],[106.001582056,-5.91276810899996,0],[106.001589323,-5.91276722299995,0],[106.001596585,-5.91276028799996,0],[106.001603843,-5.91274730099997,0],[106.001619838,-5.91273354399993,0],[106.001644573,-5.91271901899995,0],[106.001660955,-5.91270388199996,0],[106.001668986,-5.91268813699998,0],[106.001676349,-5.91267906699994,0],[106.001683045,-5.91267667299996,0],[106.001699888,-5.91266566399997,0],[106.001726881,-5.91264604199995,0],[106.001751623,-5.91263640999995,0],[106.001774117,-5.91263677099994,0],[106.001777065,-5.91263650199994,0],[106.00178905,-5.91263540799997,0],[106.001796422,-5.91263232199998,0],[106.001803328,-5.91262643799996,0],[106.001809768,-5.91261775699996,0],[106.001819692,-5.91260988399995,0],[106.001833101,-5.91260281999996,0],[106.001842006,-5.91259372999997,0],[106.001845929,-5.91258382599995,0],[106.001846409,-5.91258261499996,0],[106.001852049,-5.91257586699993,0],[106.001858019,-5.91257379999996,0],[106.001858929,-5.91257348499994,0],[106.00186841,-5.91256722299994,0],[106.001880492,-5.91255707899995,0],[106.001884998,-5.91255142699993,0],[106.001890481,-5.91254454999995,0],[106.001898381,-5.91252963499994,0],[106.00191146,-5.91251671099997,0],[106.001929718,-5.91250578099994,0],[106.001944339,-5.91249236499993,0],[106.001955322,-5.91247646299996,0],[106.001970417,-5.91245846899994,0],[106.001989625,-5.91243838099996,0],[106.001997636,-5.91243083799998,0],[106.002002682,-5.91242608699997,0],[106.002009588,-5.91242158799997,0],[106.002021353,-5.91240833299997,0],[106.002037977,-5.91238631999994,0],[106.002054109,-5.91236152199997,0],[106.00206975,-5.91233393899995,0],[106.002088869,-5.91231715199996,0],[106.002111468,-5.91231115899996,0],[106.002131765,-5.91230087599996,0],[106.00214976,-5.91228630099994,0],[106.00216663,-5.91226900899994,0],[106.002182375,-5.91224899999997,0],[106.002201411,-5.91222663999997,0],[106.002223738,-5.91220192999998,0],[106.002238358,-5.91218935099994,0],[106.002245274,-5.91218890299996,0],[106.002252953,-5.91218336199995,0],[106.002261397,-5.91217272799997,0],[106.002269814,-5.91216516199995,0],[106.002278206,-5.91216066299995,0],[106.002283807,-5.91215503899997,0],[106.002286619,-5.91214829099994,0],[106.002295072,-5.91214061999995,0],[106.002309165,-5.91213202799997,0],[106.002319015,-5.91212190599992,0],[106.00232462,-5.91211025499996,0],[106.002332963,-5.91210152499997,0],[106.002344043,-5.91209571699994,0],[106.002353722,-5.91208784499997,0],[106.002361998,-5.91207790699997,0],[106.002370526,-5.91207085099995,0],[106.002379303,-5.91206667799997,0],[106.002389373,-5.91205874799994,0],[106.002400734,-5.91204706199994,0],[106.002408607,-5.91204174999996,0],[106.002412991,-5.91204281299997,0],[106.002421932,-5.91203898899994,0],[106.002435428,-5.91203027699993,0],[106.002450036,-5.91202306799994,0],[106.002465755,-5.91201736099993,0],[106.002477002,-5.91201126399994,0],[106.002483776,-5.91200477799993,0],[106.002486038,-5.91199802299997,0],[106.002483789,-5.91199100099993,0],[106.002485533,-5.91198135399998,0],[106.00249127,-5.91196908399996,0],[106.002501393,-5.91196387099995,0],[106.002515899,-5.91196571599994,0],[106.0025344,-5.91196448799997,0],[106.002556893,-5.91196018699998,0],[106.002573693,-5.91195189699994,0],[106.002584799,-5.91193961699997,0],[106.002591095,-5.91192897899998,0],[106.00259258,-5.91191998199997,0],[106.002598343,-5.91190311199995,0],[106.002607932,-5.91187948899994,0],[106.002608387,-5.91187836899996,0],[106.002616457,-5.91186573999994,0],[106.002622555,-5.91186522599997,0],[106.002629928,-5.91186105699995,0],[106.00263113,-5.91186037699993,0],[106.002642184,-5.91185119299996,0],[106.002653685,-5.91184891599994,0],[106.002665635,-5.91185354299995,0],[106.002671184,-5.91185164399997,0],[106.002670331,-5.91184321799994,0],[106.002671702,-5.91183137899998,0],[106.002675296,-5.91181612799994,0],[106.002674031,-5.91181077899995,0],[106.002673657,-5.91180919599998,0],[106.002666787,-5.91181058499996,0],[106.002662393,-5.91180696399994,0],[106.002660478,-5.91179833299998,0],[106.002666703,-5.91178468399994,0],[106.002681069,-5.91176601399997,0],[106.002690743,-5.91175598999996,0],[106.002695725,-5.91175460999995,0],[106.002700122,-5.91175788199996,0],[106.002703936,-5.91176580499996,0],[106.002710243,-5.91176949799996,0],[106.002711453,-5.91177020699996,0],[106.002722673,-5.91177108499994,0],[106.002727792,-5.91176833299994,0],[106.002726807,-5.91176194899998,0],[106.0027353,-5.91175761699998,0],[106.002753268,-5.91175533699993,0],[106.002763672,-5.91174999099997,0],[106.002766509,-5.91174157799998,0],[106.002772528,-5.91173466299995,0],[106.002781727,-5.91172924499995,0],[106.002782624,-5.91172452299998,0],[106.002780747,-5.91172350199997,0],[106.002775217,-5.91172049399995,0],[106.002774654,-5.91171487199995,0],[106.002780937,-5.91170765599998,0],[106.002788577,-5.91170339299993,0],[106.002797574,-5.91170208499994,0],[106.002804059,-5.91169732099996,0],[106.00280803,-5.91168910299996,0],[106.002816157,-5.91168214099997,0],[106.002828441,-5.91167643399996,0],[106.002836771,-5.91166975499993,0],[106.002841147,-5.91166210399996,0],[106.002851014,-5.91165690199995,0],[106.002866373,-5.91165414999995,0],[106.002878722,-5.91164889199996,0],[106.002888062,-5.91164112599995,0],[106.002893317,-5.91162582699997,0],[106.002894485,-5.91160299299997,0],[106.002908935,-5.91159194699998,0],[106.002936665,-5.91159268899997,0],[106.002956101,-5.91158589099996,0],[106.002967242,-5.91157155099995,0],[106.002982948,-5.91155877099993,0],[106.003003219,-5.91154755099996,0],[106.003016767,-5.91154217899998,0],[106.003023595,-5.91154265599994,0],[106.00303601,-5.91153931399998,0],[106.003054014,-5.91153215199995,0],[106.003065085,-5.91151845499996,0],[106.003069224,-5.91149822199998,0],[106.003076907,-5.91148342199995,0],[106.003088136,-5.91147405599997,0],[106.00309506,-5.91147121499995,0],[106.003097679,-5.91147490199995,0],[106.003106567,-5.91147508599994,0],[106.003112495,-5.91147378899996,0],[106.003121723,-5.91147176899995,0],[106.003131845,-5.91146526999995,0],[106.003136932,-5.91145558899996,0],[106.003145065,-5.91144887899998,0],[106.003156241,-5.91144513799998,0],[106.003165115,-5.91143985599996,0],[106.003171687,-5.91143303399997,0],[106.003177347,-5.91142147799997,0],[106.003182091,-5.91140518999993,0],[106.003188962,-5.91139394999993,0],[106.00319796,-5.91138775799993,0],[106.003205833,-5.91138601099993,0],[106.003212581,-5.91138871099997,0],[106.003216719,-5.91138722099993,0],[106.003218248,-5.91138153999998,0],[106.003227245,-5.91137052999994,0],[106.003243711,-5.91135419199998,0],[106.003256214,-5.91134555299993,0],[106.003264755,-5.91134461499996,0],[106.003278615,-5.91132952599997,0],[106.003297797,-5.91130028399994,0],[106.003307022,-5.91127648999998,0],[106.00330649,-5.91126309199996,0],[106.003306293,-5.91125814399993,0],[106.003313749,-5.91124582599997,0],[106.003329388,-5.91123953699997,0],[106.003331008,-5.91123868499994,0],[106.003341804,-5.91123300899994,0],[106.003350995,-5.91122624099995,0],[106.003357795,-5.91121669999995,0],[106.003360401,-5.91120942599997,0],[106.003362206,-5.91120438599995,0],[106.003368331,-5.91119367499994,0],[106.003376168,-5.91118456799995,0],[106.003386593,-5.91117636199994,0],[106.003399607,-5.91116905799993,0],[106.003408323,-5.91116172999995,0],[106.003412742,-5.91115437799994,0],[106.003421238,-5.91114713199994,0],[106.00342206,-5.91114666499993,0],[106.003433812,-5.91113999399994,0],[106.003448706,-5.91113436999996,0],[106.003465918,-5.91113026199997,0],[106.003479613,-5.91112025799993,0],[106.003489787,-5.91110435599995,0],[106.003498402,-5.91109551499994,0],[106.003505458,-5.91109373299997,0],[106.003508678,-5.91108721699993,0],[106.003508063,-5.91107596599994,0],[106.003504535,-5.91107043699998,0],[106.003498095,-5.91107062999993,0],[106.003498248,-5.91106696899993,0],[106.003504996,-5.91105945399994,0],[106.003516243,-5.91105674399995,0],[106.003531989,-5.91105883799997,0],[106.003543235,-5.91105449599996,0],[106.003549983,-5.91104371899996,0],[106.00355819,-5.91103830699996,0],[106.003567855,-5.91103825799996,0],[106.003576401,-5.91102878299995,0],[106.003583825,-5.91100988099993,0],[106.003592638,-5.91099413499995,0],[106.003602839,-5.91098154699995,0],[106.003611415,-5.91096850399992,0],[106.003618365,-5.91095500799997,0],[106.003621147,-5.91094528799994,0],[106.003621906,-5.91094263599996,0],[106.003622038,-5.91093138899993,0],[106.003628241,-5.91092014299994,0],[106.003640516,-5.91090889699996,0],[106.0036503,-5.91089762599995,0],[106.003657593,-5.91088633399994,0],[106.003664965,-5.91088070999996,0],[106.003672415,-5.91088075599993,0],[106.00367549,-5.91087290699994,0],[106.00367419,-5.91085716099997,0],[106.003677235,-5.91085316799996,0],[106.003684625,-5.91086092899997,0],[106.00369027,-5.91086400599994,0],[106.003694171,-5.91086239799995,0],[106.003698669,-5.91084931699993,0],[106.003703766,-5.91082476299994,0],[106.003713137,-5.91081276499995,0],[106.003726782,-5.91081332199997,0],[106.003734576,-5.91081007299994,0],[106.003736518,-5.91080301499994,0],[106.003740973,-5.91079846999997,0],[106.00374794,-5.91079643799998,0],[106.003751169,-5.91079224099997,0],[106.00375066,-5.91078587699997,0],[106.003754003,-5.91077693399995,0],[106.003761199,-5.91076541299998,0],[106.003775561,-5.91075169499993,0],[106.003797088,-5.91073577999992,0],[106.003812834,-5.91072227799998,0],[106.003822797,-5.91071118699995,0],[106.003829937,-5.91070097399995,0],[106.00383425,-5.91069163799995,0],[106.00384598,-5.91068304699996,0],[106.003865126,-5.91067520099995,0],[106.003877204,-5.91066629399995,0],[106.003882212,-5.91065632799996,0],[106.003895413,-5.91064103299993,0],[106.003916809,-5.91062040899993,0],[106.003929774,-5.91061120599994,0],[106.003934307,-5.91061342399996,0],[106.003937211,-5.91060995799995,0],[106.003938486,-5.91060080699998,0],[106.003947773,-5.91058751599996,0],[106.003965073,-5.91057008599995,0],[106.003978802,-5.91055120099998,0],[106.003988959,-5.91053086199997,0],[106.003996077,-5.91051961599993,0],[106.004000153,-5.91051746099993,0],[106.004033735,-5.91049251399994,0],[106.004105506,-5.91043919699996,0],[106.004248274,-5.91030214099993,0],[106.004453873,-5.91016199499995,0],[106.004460136,-5.91016163399996,0],[106.004462098,-5.91016152099996,0],[106.004471095,-5.91015484299993,0],[106.004482342,-5.91014924099994,0],[106.004495838,-5.91014471399996,0],[106.004517998,-5.91013325499995,0],[106.004548821,-5.91011486499997,0],[106.004570189,-5.91010692799995,0],[106.004582104,-5.91010944599998,0],[106.004593685,-5.91010928299994,0],[106.004604932,-5.91010643999994,0],[106.004615958,-5.91010101599994,0],[106.004626767,-5.91009300999997,0],[106.004631388,-5.91008663499997,0],[106.004629824,-5.91008189199994,0],[106.004634543,-5.91008029299996,0],[106.004645543,-5.91008183699995,0],[106.004663415,-5.91007753299994,0],[106.004688158,-5.91006737999993,0],[106.004703903,-5.91006284099996,0],[106.004710651,-5.91006391499997,0],[106.004722544,-5.91006046799993,0],[106.004739581,-5.91005250099994,0],[106.004749703,-5.91004473799995,0],[106.00475291,-5.91003717899997,0],[106.004760138,-5.91003262999993,0],[106.004771384,-5.91003108999996,0],[106.004781507,-5.91002670099994,0],[106.004790504,-5.91001945999994,0],[106.004797252,-5.91001752299996,0],[106.00480175,-5.91002088799996,0],[106.004808498,-5.91002063399998,0],[106.004817496,-5.91001676199994,0],[106.004824244,-5.91001725699994,0],[106.004828743,-5.91002212099994,0],[106.00483781,-5.91002049299993,0],[106.004851447,-5.91001237699993,0],[106.004863818,-5.91000349399997,0],[106.004874925,-5.90999384399993,0],[106.004882876,-5.90999054799994,0],[106.004887674,-5.90999360599994,0],[106.004896672,-5.90999206199996,0],[106.004909869,-5.90998591499994,0],[106.004919684,-5.90998367299994,0],[106.004926116,-5.90998533699997,0],[106.004935113,-5.90998358899998,0],[106.004946676,-5.90997842799993,0],[106.004956956,-5.90997204399997,0],[106.004965954,-5.90996443399996,0],[106.004976076,-5.90996016299994,0],[106.004987322,-5.90995922999997,0],[106.004997444,-5.90995601899994,0],[106.005006442,-5.90995053199993,0],[106.005012066,-5.90994988599994,0],[106.005014314,-5.90995408199996,0],[106.005025562,-5.90995223699997,0],[106.005045806,-5.90994435099998,0],[106.005056665,-5.90993780699995,0],[106.005058142,-5.90993260599993,0],[106.005077261,-5.90992262099996,0],[106.005114025,-5.90990785199995,0],[106.00513578,-5.90990122299996,0],[106.005142527,-5.90990273199998,0],[106.005153775,-5.90989899299996,0],[106.00516952,-5.90989000699994,0],[106.00518639,-5.90988482499995,0],[106.005204385,-5.90988344799996,0],[106.005233706,-5.90987583699996,0],[106.005274352,-5.90986199499997,0],[106.005301345,-5.90985443599993,0],[106.005314682,-5.90985316199993,0],[106.005329225,-5.90984854399994,0],[106.00534497,-5.90984058399994,0],[106.005360715,-5.90983670199995,0],[106.005376461,-5.90983689699993,0],[106.00538632,-5.90983476599996,0],[106.005390291,-5.90983030899997,0],[106.005397039,-5.90982841499994,0],[106.005406563,-5.90982908199993,0],[106.0054147,-5.90982746199995,0],[106.005421448,-5.90982355399996,0],[106.005430445,-5.90982224299995,0],[106.005441692,-5.90982352899994,0],[106.005463061,-5.90981848299998,0],[106.005494552,-5.90980710899993,0],[106.005528622,-5.90979716999993,0],[106.005565271,-5.90978866399996,0],[106.00559091,-5.90978047899995,0],[106.005605539,-5.90977261499995,0],[106.005631077,-5.90976488799993,0],[106.005667524,-5.90975729599995,0],[106.005687997,-5.90975152199997,0],[106.005692495,-5.90974756299994,0],[106.005707626,-5.90974310099995,0],[106.005733388,-5.90973813699998,0],[106.005757007,-5.90972942899998,0],[106.00577848,-5.90971697899994,0],[106.005797943,-5.90970832299996,0],[106.005815393,-5.90970346199992,0],[106.00584126,-5.90969912199995,0],[106.005875546,-5.90969530099994,0],[106.005900561,-5.90968927599994,0],[106.005916306,-5.90968104499996,0],[106.005939924,-5.90967476899993,0],[106.005971416,-5.90967044899998,0],[106.005990535,-5.90966604799996,0],[106.005997283,-5.90966156699994,0],[106.006019337,-5.90965652799997,0],[106.006056698,-5.90965093099993,0],[106.006076669,-5.90965065499995,0],[106.006077444,-5.90965216799998,0],[106.006079253,-5.90965570099996,0],[106.006087341,-5.90965592699996,0],[106.006100933,-5.90965133399993,0],[106.00610858,-5.90964708799993,0],[106.006112453,-5.90964493699994,0],[106.006121898,-5.90963673699997,0],[106.006132244,-5.90963199299995,0],[106.006143492,-5.90963070599997,0],[106.006156987,-5.90963169999998,0],[106.006172733,-5.90963497499996,0],[106.006182767,-5.90963836799995,0],[106.00618709,-5.90964187899993,0],[106.006199462,-5.90964291499995,0],[106.006219881,-5.90964147799997,0],[106.006237964,-5.90964180499998,0],[106.00625371,-5.90964389299995,0],[106.006266081,-5.90964833299995,0],[106.006275079,-5.90965512299994,0],[106.006285201,-5.90966029699996,0],[106.006296448,-5.90966385599995,0],[106.006305893,-5.90967138199994,0],[106.006313538,-5.90968287399994,0],[106.006319161,-5.90968835799993,0],[106.006322763,-5.90968783299996,0],[106.006334458,-5.90970132899997,0],[106.006342969,-5.90971316399992,0],[106.006354245,-5.90972884599995,0],[106.006369991,-5.90974614699996,0],[106.006381695,-5.90975323199996,0],[106.006388672,-5.90975956099993,0],[106.006390921,-5.90976513899994,0],[106.006397005,-5.90976946999996,0],[106.00639826,-5.90976985999993,0],[106.006406925,-5.90977255399997,0],[106.006417048,-5.90978089099997,0],[106.006427372,-5.90979448199994,0],[106.006447365,-5.90981113999993,0],[106.006477029,-5.90983086599994,0],[106.006502681,-5.90984993799998,0],[106.006524322,-5.90986835699994,0],[106.006540981,-5.90988133499997,0],[106.006552659,-5.90988887199995,0],[106.006564121,-5.90989840999993,0],[106.006575368,-5.90990995099997,0],[106.006583939,-5.90991673099995,0],[106.006589835,-5.90991874999997,0],[106.006603331,-5.90992739199993,0],[106.006624428,-5.90994265599994,0],[106.006635801,-5.90995572599996,0],[106.006637453,-5.90996660099995,0],[106.006644202,-5.90997311199993,0],[106.006656046,-5.90997525799997,0],[106.006667754,-5.90997959699996,0],[106.006679326,-5.90998612799996,0],[106.006695071,-5.90999923899994,0],[106.006704891,-5.91000894799993,0],[106.00671499,-5.91001893199996,0],[106.006730573,-5.91003157799997,0],[106.00674182,-5.91003717799993,0],[106.006748568,-5.91004276199993,0],[106.006750818,-5.91004833299996,0],[106.006756441,-5.91005143999996,0],[106.006765438,-5.91005208299993,0],[106.00677556,-5.91005927099997,0],[106.006786807,-5.91007300199993,0],[106.006800304,-5.91008334499998,0],[106.006816049,-5.91009029999998,0],[106.006835168,-5.91010503699994,0],[106.006857662,-5.91012755699995,0],[106.00687241,-5.91013873599996,0],[106.006879413,-5.91013857299993,0],[106.006880755,-5.91013672199995,0],[106.006885998,-5.91012949399993,0],[106.006892167,-5.91011149899992,0],[106.006893357,-5.91010025299994,0],[106.00688957,-5.91009575399994,0],[106.006893529,-5.91009237999998,0],[106.006905232,-5.91009013099995,0],[106.006913448,-5.91008113399994,0],[106.006918175,-5.91006538799996,0],[106.006918549,-5.91004739299996,0],[106.006914568,-5.91002714799993,0],[106.006910319,-5.91001140299994,0],[106.006905803,-5.91000015599997,0],[106.006904112,-5.90999115899996,0],[106.006905246,-5.90998441099993,0],[106.006910882,-5.90997428899993,0],[106.006921022,-5.90996079299993,0],[106.00693204,-5.90995387499993,0],[106.006943937,-5.90995353699998,0],[106.006952134,-5.90995095199997,0],[106.006956633,-5.90994612199995,0],[106.006967208,-5.90994358999995,0],[106.006983858,-5.90994335499994,0],[106.006999165,-5.90994637899996,0],[106.007013127,-5.90995266399995,0],[106.007024694,-5.90996548799995,0],[106.007033867,-5.90998485099993,0],[106.007052095,-5.90999923799995,0],[106.007079377,-5.91000864899996,0],[106.007093291,-5.91002101999993,0],[106.007093835,-5.91003635199996,0],[106.007088124,-5.91005047499993,0],[106.007076157,-5.91006338599993,0],[106.007073841,-5.91007329099995,0],[106.007081179,-5.91008018799994,0],[106.007085664,-5.91008017599995,0],[106.007087299,-5.91007325199996,0],[106.007098546,-5.91006609899995,0],[106.007119404,-5.91005871899995,0],[106.007135457,-5.91005088599996,0],[106.007146704,-5.91004259999994,0],[106.007156826,-5.91004007899994,0],[106.007165823,-5.91004332299997,0],[106.007173231,-5.91004921299998,0],[106.007179048,-5.91005774699994,0],[106.007180172,-5.91006626899997,0],[106.007176605,-5.91007477799997,0],[106.007168284,-5.91008468999996,0],[106.00715521,-5.91009600599995,0],[106.00715296,-5.91010214299996,0],[106.007161536,-5.91010310299993,0],[106.007165679,-5.91010091699997,0],[106.007165389,-5.91009558599995,0],[106.007171012,-5.91009322599996,0],[106.007182549,-5.91009383599993,0],[106.007193941,-5.91009146499994,0],[106.007205187,-5.91008611099994,0],[106.007214114,-5.91008932699998,0],[106.007220722,-5.91010110999997,0],[106.007219597,-5.91011135999997,0],[106.007210741,-5.91012007899997,0],[106.007196875,-5.91012525999997,0],[106.007178002,-5.91012690599996,0],[106.007167844,-5.91013038399996,0],[106.007166403,-5.91013569599994,0],[106.007160912,-5.91013582699998,0],[106.00715137,-5.91013077899993,0],[106.007141283,-5.91013289899996,0],[106.007130651,-5.91014218599997,0],[106.007129197,-5.91015036899995,0],[106.007136921,-5.91015744599997,0],[106.007136947,-5.91016548399995,0],[106.007129276,-5.91017448199995,0],[106.007120916,-5.91018091599994,0],[106.007111865,-5.91018478899997,0],[106.007101717,-5.91018672299998,0],[106.00709047,-5.91018671599994,0],[106.007080111,-5.91018276799997,0],[106.007070639,-5.91017487699997,0],[106.007061641,-5.91016226299996,0],[106.007053119,-5.91014492399995,0],[106.007044358,-5.91013017799997,0],[106.007035361,-5.91011802099996,0],[106.007028415,-5.91011275699998,0],[106.007023521,-5.91011438499993,0],[106.007021614,-5.91012102199994,0],[106.007022695,-5.91013266799996,0],[106.007021768,-5.91014520499994,0],[106.007018833,-5.91015863399997,0],[106.007017335,-5.91017434999998,0],[106.007017274,-5.91019235299996,0],[106.007013588,-5.91020588299995,0],[106.007006278,-5.91021493999995,0],[106.00699478,-5.91022171799995,0],[106.006979096,-5.91022621599996,0],[106.006978705,-5.91022916999998,0],[106.006993608,-5.91023057799993,0],[106.007002469,-5.91023845099994,0],[106.00700529,-5.91025278799998,0],[106.007004489,-5.91026333099995,0],[106.00700007,-5.91027007899993,0],[106.007002737,-5.91027378299998,0],[106.00701249,-5.91027444099996,0],[106.007017058,-5.91027863299996,0],[106.007016444,-5.91028635599997,0],[106.00701082,-5.91028877899993,0],[106.007000189,-5.91028590099995,0],[106.00698779,-5.91028654399997,0],[106.006973627,-5.91029070699994,0],[106.006967388,-5.91028570499998,0],[106.006969075,-5.91027153899995,0],[106.006964239,-5.91026175599995,0],[106.006952877,-5.91025635599993,0],[106.006947074,-5.91025106399997,0],[106.006946828,-5.91024587799996,0],[106.006950866,-5.91024296099994,0],[106.006959186,-5.91024231299997,0],[106.006963355,-5.91023929099993,0],[106.006963373,-5.91023389599997,0],[106.006955184,-5.91023421399996,0],[106.006938788,-5.91024024299998,0],[106.006927541,-5.91024100099997,0],[106.006921443,-5.91023648699996,0],[106.00691502,-5.91024128599997,0],[106.006908273,-5.91025539999993,0],[106.006902464,-5.91027739099997,0],[106.006897597,-5.91030725899998,0],[106.00689437,-5.91031485299993,0],[106.006890577,-5.91032377699997,0],[106.006881403,-5.91032694599994,0],[106.00687875,-5.91033275699994,0],[106.006882616,-5.91034120699993,0],[106.006879514,-5.91035448599996,0],[106.006869444,-5.91037259299998,0],[106.006863145,-5.91039058699994,0],[106.006860614,-5.91040846999994,0],[106.006860263,-5.91042078599997,0],[106.006862091,-5.91042753399995,0],[106.006861014,-5.91043756299996,0],[106.006857034,-5.91045087199996,0],[106.006858269,-5.91046099399995,0],[106.006864717,-5.91046792899994,0],[106.006870345,-5.91048930399995,0],[106.006875152,-5.91052511799995,0],[106.006879834,-5.91054654599998,0],[106.006884395,-5.91055358799997,0],[106.006884975,-5.91056042399993,0],[106.006881574,-5.91056705299997,0],[106.006881632,-5.91057653199994,0],[106.006885146,-5.91058885899997,0],[106.006890277,-5.91059490699996,0],[106.006897025,-5.91059467399998,0],[106.006900399,-5.91060165899995,0],[106.0069004,-5.91061586299998,0],[106.006910377,-5.91062233399992,0],[106.006926037,-5.91062134399994,0],[106.006930331,-5.91062107299996,0],[106.006940168,-5.91062338399996,0],[106.006939887,-5.91062926599994,0],[106.006943406,-5.91063402999993,0],[106.006950724,-5.91063767399993,0],[106.006954898,-5.91064470799995,0],[106.006955927,-5.91065513099994,0],[106.006953976,-5.91066596599995,0],[106.006949046,-5.91067721199994,0],[106.006951784,-5.91068395999997,0],[106.006962187,-5.91068620999994,0],[106.006967001,-5.91069469899998,0],[106.006966897,-5.91069668399996,0],[106.006966228,-5.91070942799996,0],[106.006974976,-5.91072179899993,0],[106.006993243,-5.91073181299993,0],[106.00700032,-5.91074788799995,0],[106.006996209,-5.91077002299994,0],[106.006987567,-5.91078915799994,0],[106.006974395,-5.91080529299995,0],[106.006966821,-5.91081796099996,0],[106.006964844,-5.91082716299996,0],[106.006966703,-5.91083501999998,0],[106.006972397,-5.91084153299994,0],[106.006980278,-5.91084379199998,0],[106.006990348,-5.91084179799998,0],[106.006993098,-5.91083401799995,0],[106.006988529,-5.91082045099995,0],[106.006989737,-5.91081357599995,0],[106.006996722,-5.91081339099998,0],[106.00699783,-5.91080774899996,0],[106.006993058,-5.91079664899996,0],[106.006998471,-5.91079110899994,0],[106.007014067,-5.91079112499995,0],[106.007020266,-5.91079667499997,0],[106.007017067,-5.91080775699993,0],[106.007016087,-5.91081779699994,0],[106.007017327,-5.91082679499993,0],[106.007013505,-5.91083466699996,0],[106.007004621,-5.91084141499994,0],[106.007006901,-5.91084496499997,0],[106.007020345,-5.91084531699994,0],[106.007025999,-5.91084217799994,0],[106.007023864,-5.91083554799997,0],[106.00702646,-5.91083199899998,0],[106.007033788,-5.91083152899995,0],[106.007033858,-5.91082597399998,0],[106.007026672,-5.91081533599993,0],[106.007031846,-5.91080971199995,0],[106.007049385,-5.91080910399995,0],[106.007059546,-5.91081329799994,0],[106.007062331,-5.91082229599994,0],[106.007058558,-5.91083354299997,0],[106.007048225,-5.91084703899998,0],[106.007042636,-5.91085753799996,0],[106.007041792,-5.91086503999998,0],[106.007034715,-5.91086953799993,0],[106.007021404,-5.91087103399997,0],[106.007015543,-5.91087389199993,0],[106.007017133,-5.91087811199998,0],[106.007016971,-5.91089273199998,0],[106.007015055,-5.91091775399997,0],[106.007011783,-5.91093138999997,0],[106.007007152,-5.91093363899995,0],[106.007014932,-5.91094129599998,0],[106.007035124,-5.91095435899996,0],[106.007045826,-5.91096448099995,0],[106.007047038,-5.91097166199995,0],[106.007054164,-5.91098199999993,0],[106.007067203,-5.91099549599994,0],[106.007068631,-5.91100690999997,0],[106.007058447,-5.91101624099997,0],[106.007052174,-5.91102529599993,0],[106.00704981,-5.91103407399993,0],[106.007051739,-5.91104065499997,0],[106.00705796,-5.91104503999998,0],[106.0070526,-5.91105531199997,0],[106.00703566,-5.91107147199995,0],[106.007024637,-5.91107943999998,0],[106.007019532,-5.91107921299994,0],[106.007017964,-5.91108888999997,0],[106.007019932,-5.91110846899994,0],[106.00702538,-5.91112159599993,0],[106.007034307,-5.91112827099994,0],[106.007033195,-5.91113098399995,0],[106.007022045,-5.91112973399993,0],[106.00701756,-5.91113312299996,0],[106.007019739,-5.91114115199997,0],[106.007016887,-5.91114992499996,0],[106.007009006,-5.91115944099994,0],[106.007010943,-5.91116701799996,0],[106.0070227,-5.91117265699995,0],[106.007025775,-5.91117682599997,0],[106.007020169,-5.91117952799993,0],[106.007014309,-5.91118907999993,0],[106.007008193,-5.91120548299995,0],[106.007006299,-5.91121516299995,0],[106.007008628,-5.91121812199998,0],[106.007009731,-5.91123049399994,0],[106.007009608,-5.91125227799995,0],[106.007011229,-5.91126654299995,0],[106.007014594,-5.91127329199998,0],[106.007015491,-5.91128566299994,0],[106.007013917,-5.91130365799995,0],[106.007018534,-5.91131393199993,0],[106.007029343,-5.91131648399994,0],[106.007034035,-5.91131310999998,0],[106.00703261,-5.91130380999994,0],[106.007037219,-5.91129695499995,0],[106.00704786,-5.91129254699996,0],[106.007052134,-5.91129370699997,0],[106.007050044,-5.91130043799996,0],[106.007055425,-5.91130405299998,0],[106.00706828,-5.91130455499996,0],[106.007076223,-5.91131014199993,0],[106.007079255,-5.91132081499995,0],[106.007077291,-5.91133320699993,0],[106.007070332,-5.91134731799997,0],[106.007057349,-5.91136306399994,0],[106.007038344,-5.91138044399997,0],[106.007033054,-5.91138992299994,0],[106.00704148,-5.91139150299995,0],[106.007046542,-5.91139712599994,0],[106.007048238,-5.91140679399996,0],[106.007046103,-5.91141342799995,0],[106.007040136,-5.91141702699997,0],[106.007038586,-5.91143015499995,0],[106.00704145,-5.91145280899997,0],[106.007045694,-5.91146900299998,0],[106.007051317,-5.91147873899996,0],[106.007052393,-5.91148739999994,0],[106.007048923,-5.91149498699997,0],[106.007053119,-5.91150296799998,0],[106.007064981,-5.91151134099994,0],[106.007075173,-5.91152216899997,0],[106.007083696,-5.91153544899993,0],[106.007084091,-5.91154405499998,0],[106.007076359,-5.91154798499997,0],[106.007070617,-5.91155744699995,0],[106.007066865,-5.91157244099998,0],[106.00706853,-5.91158172299993,0],[106.007075612,-5.91158529199993,0],[106.00707671,-5.91158883599996,0],[106.007071825,-5.91159235599997,0],[106.007071575,-5.91159797899996,0],[106.00707596,-5.91160570699998,0],[106.007077202,-5.91161556599997,0],[106.007075304,-5.91162755799996,0],[106.007078244,-5.91163655499997,0],[106.00708602,-5.91164255799993,0],[106.007089398,-5.91164930099995,0],[106.007088379,-5.91165678299996,0],[106.007090936,-5.91166240599995,0],[106.007097069,-5.91166617099998,0],[106.007099688,-5.91167417399993,0],[106.007098791,-5.91168641299993,0],[106.007104493,-5.91169765999996,0],[106.007116795,-5.91170791399998,0],[106.007120683,-5.91171753999993,0],[106.007116158,-5.91172653699994,0],[106.00711788,-5.91173113299993,0],[106.007125849,-5.91173132899996,0],[106.007132703,-5.91173695199996,0],[106.00713844,-5.91174800399995,0],[106.007137988,-5.91175622999998,0],[106.007131345,-5.91176163199998,0],[106.007130502,-5.91176613099998,0],[106.007135457,-5.91176972599993,0],[106.007141533,-5.91177985099995,0],[106.007148729,-5.91179650299995,0],[106.007159076,-5.91181501299997,0],[106.007172572,-5.91183538099995,0],[106.007190567,-5.91184689199997,0],[106.00721306,-5.91184954799996,0],[106.007225054,-5.91185390999993,0],[106.007226548,-5.91185997999997,0],[106.00723667,-5.91186519699994,0],[106.00725542,-5.91186956099995,0],[106.007269909,-5.91187531699995,0],[106.007280137,-5.91188246199994,0],[106.007304879,-5.91188697799993,0],[106.007344138,-5.91188886499998,0],[106.007366017,-5.91189120699994,0],[106.007370515,-5.91189400299993,0],[106.00738775,-5.91189331099997,0],[106.007417721,-5.91188913099995,0],[106.007448461,-5.91188627899993,0],[106.007479969,-5.91188475399997,0],[106.007501272,-5.91187416999998,0],[106.00751237,-5.91185452499997,0],[106.007515972,-5.91184215399994,0],[106.00751208,-5.91183705499998,0],[106.007502432,-5.91183485799996,0],[106.007487029,-5.91183556399994,0],[106.007482614,-5.91184006299994,0],[106.007489186,-5.91184835499996,0],[106.007491985,-5.91185607199998,0],[106.007491009,-5.91186321599997,0],[106.007483576,-5.91186919699993,0],[106.007469685,-5.91187401399998,0],[106.007454866,-5.91187640999993,0],[106.007439121,-5.91187638699995,0],[106.007427804,-5.91187265499997,0],[106.007420914,-5.91186521699996,0],[106.007421534,-5.91185474999997,0],[106.007429662,-5.91184125399997,0],[106.007432008,-5.91183338199994,0],[106.007428572,-5.91183113199997,0],[106.007416706,-5.91183050799998,0],[106.007396409,-5.91183150699993,0],[106.007380637,-5.91183101399997,0],[106.00736939,-5.91182902799994,0],[106.007348127,-5.91182751199995,0],[106.007316847,-5.91182646299995,0],[106.007293229,-5.91182419799998,0],[106.007277273,-5.91182071299994,0],[106.007261083,-5.91181532099995,0],[106.007244661,-5.91180801899998,0],[106.00722961,-5.91179840699994,0],[106.007215929,-5.91178648399995,0],[106.007203325,-5.91176927499993,0],[106.007191797,-5.91174678099998,0],[106.007182457,-5.91173180899995,0],[106.007175304,-5.91172435899995,0],[106.007169567,-5.91171311199997,0],[106.007165244,-5.91169806899995,0],[106.007157881,-5.91168016299997,0],[106.007147478,-5.91165939399997,0],[106.007143058,-5.91164027399998,0],[106.007144622,-5.91162280499998,0],[106.007143638,-5.91160957099993,0],[106.007140105,-5.91160057299993,0],[106.007136274,-5.91158251799993,0],[106.007132145,-5.91155540499994,0],[106.007130625,-5.91153740999994,0],[106.007131714,-5.91152853299997,0],[106.007129022,-5.91152110399997,0],[106.007122546,-5.91151512299996,0],[106.007118323,-5.91150500099997,0],[106.007116355,-5.91149073799994,0],[106.007117018,-5.91147770499992,0],[106.007120314,-5.91146589999994,0],[106.007122805,-5.91144573699995,0],[106.007124491,-5.91141721899993,0],[106.00711973,-5.91140060999993,0],[106.007108518,-5.91139591099994,0],[106.007103149,-5.91138821399994,0],[106.007103624,-5.91137751599996,0],[106.007108518,-5.91137078499997,0],[106.007117832,-5.91136802199998,0],[106.007117792,-5.91136235499994,0],[106.007108399,-5.91135378699994,0],[106.007105737,-5.91134624199998,0],[106.007109805,-5.91133972199998,0],[106.007111457,-5.91132713699994,0],[106.007110693,-5.91130848599994,0],[106.007107424,-5.91129915999994,0],[106.007101651,-5.91129915899995,0],[106.007103185,-5.91129463399994,0],[106.007112024,-5.91128558399993,0],[106.007114607,-5.91127277299995,0],[106.007110934,-5.91125619899998,0],[106.007110306,-5.91123710499994,0],[106.007112722,-5.91121549299993,0],[106.007108909,-5.91120273999996,0],[106.007098865,-5.91119884499994,0],[106.007094969,-5.91119098899998,0],[106.007097218,-5.91117917399993,0],[106.007100843,-5.91117324899994,0],[106.007105842,-5.91117321299993,0],[106.007108575,-5.91116869699994,0],[106.007109041,-5.91115969999993,0],[106.007105917,-5.91114957799994,0],[106.007099204,-5.91113833099996,0],[106.007096393,-5.91111125799995,0],[106.007097482,-5.91106835999994,0],[106.007095615,-5.91104136799993,0],[106.007090791,-5.91103028099997,0],[106.007090317,-5.91102361299994,0],[106.007094191,-5.91102136399996,0],[106.007094811,-5.91101536099995,0],[106.007092175,-5.91100560699994,0],[106.007095044,-5.91099316699996,0],[106.007103417,-5.91097804299994,0],[106.007100724,-5.91096604999996,0],[106.007086965,-5.91095718899993,0],[106.007085194,-5.91094771299993,0],[106.007095413,-5.91093762099996,0],[106.007099977,-5.91093084199997,0],[106.007098888,-5.91092737399993,0],[106.00710271,-5.91091667399996,0],[106.007111443,-5.91089874199997,0],[106.007114413,-5.91088262499994,0],[106.00711162,-5.91086832299993,0],[106.007111057,-5.91085257799995,0],[106.007112726,-5.91083538899994,0],[106.007115327,-5.91082117099995,0],[106.00711886,-5.91080992499997,0],[106.007118689,-5.91079219099993,0],[106.007114814,-5.91076797099993,0],[106.007109511,-5.91075699299995,0],[106.00710278,-5.91075925799993,0],[106.00710108,-5.91076542699994,0],[106.00710441,-5.91077550099993,0],[106.007100891,-5.91078298099995,0],[106.007090523,-5.91078786499997,0],[106.007083178,-5.91078818399995,0],[106.007078855,-5.91078393299995,0],[106.007077743,-5.91077505899995,0],[106.007079843,-5.91076156299994,0],[106.007078455,-5.91074811999994,0],[106.007073578,-5.91073472899996,0],[106.007071906,-5.91072423799994,0],[106.007071786,-5.91072348199998,0],[106.007073077,-5.91071437999994,0],[106.007077629,-5.91070622099994,0],[106.00708544,-5.91069900799994,0],[106.00709695,-5.91069873899994,0],[106.00711216,-5.91070541799996,0],[106.007117401,-5.91071239799993,0],[106.007112674,-5.91071968199998,0],[106.007111002,-5.91072495299994,0],[106.007109734,-5.91072894799993,0],[106.007108584,-5.91074019499996,0],[106.007113293,-5.91074469299997,0],[106.007123863,-5.91074244399994,0],[106.007126548,-5.91073794499994,0],[106.007121346,-5.91073119699996,0],[106.007122046,-5.91072515499997,0],[106.007122128,-5.91072444899993,0],[106.007128344,-5.91071824899996,0],[106.007128894,-5.91071770099995,0],[106.007130619,-5.91071028099998,0],[106.007131802,-5.91070519299996,0],[106.007130854,-5.91068692599993,0],[106.007120121,-5.91067990399995,0],[106.007099604,-5.91068412599998,0],[106.007085146,-5.91067976199997,0],[106.007076745,-5.91066681599995,0],[106.007072586,-5.91065280799995,0],[106.007072664,-5.91063773899998,0],[106.007074132,-5.91062713299993,0],[106.007076988,-5.91062098899994,0],[106.007084522,-5.91061418999993,0],[106.007096735,-5.91060673699997,0],[106.007107283,-5.91060266599993,0],[106.007116167,-5.91060197899998,0],[106.007125375,-5.91060752599998,0],[106.007134908,-5.91061930899997,0],[106.007145241,-5.91062289099995,0],[106.007156374,-5.91061827099998,0],[106.007157429,-5.91061514399996,0],[106.00716024,-5.91060681299996,0],[106.007159258,-5.91060152899996,0],[106.007156839,-5.91058851399993,0],[106.007156426,-5.91057036799998,0],[106.007159001,-5.91055237299997,0],[106.00716274,-5.91053781099993,0],[106.007167642,-5.91052668099996,0],[106.007169671,-5.91052401499996,0],[106.0071724,-5.91052042899997,0],[106.007177014,-5.91051905599994,0],[106.007181292,-5.91051027899994,0],[106.007182621,-5.91050482699995,0],[106.007185237,-5.91049409899995,0],[106.007190993,-5.91047997299995,0],[106.007198558,-5.91046790299993,0],[106.007203333,-5.91046498399993,0],[106.007205319,-5.91047121799994,0],[106.007209221,-5.91047088499994,0],[106.007215037,-5.91046398299994,0],[106.007226007,-5.91045564899997,0],[106.007242131,-5.91044588599993,0],[106.007250755,-5.91043876599997,0],[106.007251879,-5.91043428899997,0],[106.007260029,-5.91042924099997,0],[106.007275203,-5.91042362199994,0],[106.007287619,-5.91041738399997,0],[106.007297274,-5.91041052899993,0],[106.007309646,-5.91040814099995,0],[106.007324733,-5.91041022099995,0],[106.007329328,-5.91041004899995,0],[106.007334938,-5.91040983799996,0],[106.007340263,-5.91040699099995,0],[106.007350386,-5.91040564799994,0],[106.007365305,-5.91040580799995,0],[106.007379956,-5.91040260499994,0],[106.007380079,-5.91040257799995,0],[106.007394709,-5.91039595699993,0],[106.007405956,-5.91039431799993,0],[106.007413819,-5.91039765899995,0],[106.00742001,-5.91039710199993,0],[106.007424526,-5.91039264699998,0],[106.007433484,-5.91039383399993,0],[106.007446883,-5.91040066099993,0],[106.007459246,-5.91040372399993,0],[106.007470572,-5.91040302299996,0],[106.007499853,-5.91040852799995,0],[106.007504741,-5.91040973999998,0],[106.007547089,-5.91042023799997,0],[106.007563363,-5.91041989699994,0],[106.00757102,-5.91041973699993,0],[106.007571643,-5.91040702499993,0],[106.007576001,-5.91040021799995,0],[106.007584094,-5.91039931499995,0],[106.007588334,-5.91039450299996,0],[106.00758872,-5.91038578199993,0],[106.007592626,-5.91037731499995,0],[106.007600051,-5.91036909899998,0],[106.007607431,-5.91036572499996,0],[106.007614767,-5.91036719199997,0],[106.007614122,-5.91037380499995,0],[106.007605494,-5.91038556399997,0],[106.00760346,-5.91039366099994,0],[106.00760802,-5.91039809599994,0],[106.007618396,-5.91039982999996,0],[106.00763459,-5.91039886299995,0],[106.007645622,-5.91040201399994,0],[106.007651492,-5.91040927999995,0],[106.007652374,-5.91042078599997,0],[106.007648271,-5.91043653199995,0],[106.007648711,-5.91044691699994,0],[106.007653693,-5.91045194299994,0],[106.007669543,-5.91045657899997,0],[106.007696263,-5.91046082499997,0],[106.00771768,-5.91046735699996,0],[106.007733795,-5.91047617399994,0],[106.007744053,-5.91047987999997,0],[106.007748455,-5.91047847399994,0],[106.007759003,-5.91048020199997,0],[106.007775698,-5.91048506599998,0],[106.007790318,-5.91049067399996,0],[106.007799327,-5.91049523499993,0],[106.007802866,-5.91049702699996,0],[106.007814438,-5.91049974899994,0],[106.007825035,-5.91049884199998,0],[106.00783853,-5.91050287299993,0],[106.007854926,-5.91051184199995,0],[106.007866085,-5.91051409199997,0],[106.007872007,-5.91050962199995,0],[106.007872008,-5.91050208999997,0],[106.007872008,-5.91050185299997,0],[106.007866085,-5.91049078599997,0],[106.007863045,-5.91047841499994,0],[106.007862887,-5.91046473799997,0],[106.007873009,-5.91046419699995,0],[106.007893411,-5.91047678999996,0],[106.007908801,-5.91048128899996,0],[106.007919178,-5.91047769299996,0],[106.007926216,-5.91046493699997,0],[106.007929915,-5.91044302199998,0],[106.007940195,-5.91043205199998,0],[106.007957057,-5.91043203099997,0],[106.007968497,-5.91043511599997,0],[106.007974516,-5.91044130799997,0],[106.007978166,-5.91044984899997,0],[106.007979449,-5.91046073799993,0],[106.007980035,-5.91046219799995,0],[106.00798234,-5.91046793599997,0],[106.007986839,-5.91047144299995,0],[106.007993587,-5.91046899399993,0],[106.008002584,-5.91046058399996,0],[106.008013571,-5.91045451099995,0],[106.00802655,-5.91045077199993,0],[106.008031471,-5.91044511199993,0],[106.008033298,-5.91044300999994,0],[106.008033816,-5.91043122599996,0],[106.008038574,-5.91042498499996,0],[106.008047571,-5.91042428899993,0],[106.008056569,-5.91042103999996,0],[106.008065566,-5.91041523799993,0],[106.008075688,-5.91041552299993,0],[106.008086935,-5.91042189299998,0],[106.008092559,-5.91042113199995,0],[106.008092559,-5.91041323899998,0],[106.008088987,-5.91040027199995,0],[106.008081844,-5.91038223099997,0],[106.008074472,-5.91037076499993,0],[106.008066871,-5.91036587399998,0],[106.008069318,-5.91035898099994,0],[106.008081813,-5.91035008899996,0],[106.008090507,-5.91035101599994,0],[106.0080954,-5.91036176299997,0],[106.008100426,-5.91036620799997,0],[106.008105585,-5.91036435399997,0],[106.008111379,-5.91037317799993,0],[106.008117811,-5.91039267999997,0],[106.008124032,-5.91040377899998,0],[106.008130042,-5.91040647399996,0],[106.008139795,-5.91040005899993,0],[106.008153291,-5.91038453199997,0],[106.008164903,-5.91037716999995,0],[106.008174629,-5.91037797199994,0],[106.008182155,-5.91037576099995,0],[106.00818748,-5.91037053799994,0],[106.008194987,-5.91036962099997,0],[106.008204679,-5.91037301099993,0],[106.008215776,-5.91037138799993,0],[106.00822828,-5.91036475399994,0],[106.008244025,-5.91035871399993,0],[106.008263013,-5.91035326899993,0],[106.008274445,-5.91034701799992,0],[106.00827832,-5.91033996299996,0],[106.008281834,-5.91032392599993,0],[106.008284989,-5.91029890599998,0],[106.008302135,-5.91028656999993,0],[106.008333275,-5.91028691999998,0],[106.008347966,-5.91028277099997,0],[106.008346209,-5.91027412599993,0],[106.008349618,-5.91026653099993,0],[106.008358193,-5.91025998699996,0],[106.008360518,-5.91024543999993,0],[106.00835659,-5.91022288899995,0],[106.008358936,-5.91020804799996,0],[106.008367555,-5.91020091799993,0],[106.008375143,-5.91019838399995,0],[106.008381697,-5.91020044699997,0],[106.008386385,-5.91019692599997,0],[106.008390809,-5.91019360399997,0],[106.008402478,-5.91017785699995,0],[106.008405852,-5.91016595699995,0],[106.008400931,-5.91015790699993,0],[106.008392847,-5.91015389499995,0],[106.008383388,-5.91015391699995,0],[106.0083816,-5.91015392099996,0],[106.008374655,-5.91015999799993,0],[106.00837201,-5.91017212599996,0],[106.008368658,-5.91017386599998,0],[106.008364599,-5.91016521699993,0],[106.008355799,-5.91016023499998,0],[106.008342259,-5.91015891999996,0],[106.008322252,-5.91015530899995,0],[106.008295778,-5.91014940499997,0],[106.008279202,-5.91014079499996,0],[106.008272524,-5.91012947999997,0],[106.008261932,-5.91012207499995,0],[106.008247426,-5.91011857999996,0],[106.008232699,-5.91011100099996,0],[106.008217754,-5.91009933699996,0],[106.008210092,-5.91009101099996,0],[106.008209714,-5.91008602499994,0],[106.008204012,-5.91008141699996,0],[106.008192985,-5.91007718899994,0],[106.008184338,-5.91006955999995,0],[106.008178073,-5.91005853099995,0],[106.008182792,-5.91004626799997,0],[106.008198493,-5.91003277199997,0],[106.008203954,-5.91001908599998,0],[106.008199174,-5.91000520999995,0],[106.008191728,-5.90999433099995,0],[106.008181614,-5.90998644999996,0],[106.008171589,-5.90997623099997,0],[106.008161651,-5.90996367399993,0],[106.008141096,-5.90994374399997,0],[106.008109921,-5.90991644099995,0],[106.008089105,-5.90989451799993,0],[106.008078649,-5.90987797699995,0],[106.008060039,-5.90986396799997,0],[106.008033275,-5.90985249099998,0],[106.008006569,-5.90983877699995,0],[106.007979919,-5.90982282799996,0],[106.007954223,-5.90980998099997,0],[106.00792948,-5.90980023999998,0],[106.007909837,-5.90979342499998,0],[106.007895296,-5.90978953599995,0],[106.00788563,-5.90978488699994,0],[106.007880842,-5.90977947699997,0],[106.007866744,-5.90977211199993,0],[106.007843336,-5.90976279399996,0],[106.007829384,-5.90976176899994,0],[106.007824885,-5.90976903799998,0],[106.007819261,-5.90977267199997,0],[106.007812514,-5.90977267299996,0],[106.007808015,-5.90976592699997,0],[106.007805765,-5.90975243499997,0],[106.007799017,-5.90974858299995,0],[106.007787771,-5.90975437099996,0],[106.007778773,-5.90975401599997,0],[106.007772025,-5.90974751499994,0],[106.007765976,-5.90974539899997,0],[106.007760625,-5.90974766599993,0],[106.007760098,-5.90975624799995,0],[106.007764394,-5.90977114599997,0],[106.007763696,-5.90977831099997,0],[106.007758002,-5.90977774499993,0],[106.007746074,-5.90977212099995,0],[106.007727912,-5.90976144099994,0],[106.007724011,-5.90975220099995,0],[106.007734371,-5.90974440099995,0],[106.007741202,-5.90974192199997,0],[106.007744506,-5.90974476399998,0],[106.007748407,-5.90973974499997,0],[106.007752906,-5.90972686399994,0],[106.007746157,-5.90971647699996,0],[106.007728163,-5.90970858099996,0],[106.007708762,-5.90970316199997,0],[106.007687956,-5.90970021899994,0],[106.007674459,-5.90969674599995,0],[106.007668274,-5.90969274399993,0],[106.007658432,-5.90969239899994,0],[106.007644937,-5.90969571099993,0],[106.007634815,-5.90969440899994,0],[106.007628066,-5.90968849099994,0],[106.007610274,-5.90968313299993,0],[106.007581436,-5.90967833199994,0],[106.007559004,-5.90967004699996,0],[106.007542978,-5.90965827499997,0],[106.007530677,-5.90965330399996,0],[106.0075221,-5.90965513399993,0],[106.007506294,-5.90964631099996,0],[106.007483256,-5.90962683499993,0],[106.00746559,-5.90961525899996,0],[106.007453298,-5.90961158199997,0],[106.007445605,-5.90960265299998,0],[106.007442512,-5.90958847199994,0],[106.007432882,-5.90957554199997,0],[106.007416714,-5.90956386499994,0],[106.007405288,-5.90955848599998,0],[106.007398601,-5.90955940699996,0],[106.007392824,-5.90955381699996,0],[106.007387957,-5.90954171499993,0],[106.007380084,-5.90953233599993,0],[106.007369206,-5.90952568099993,0],[106.007355529,-5.90951254799995,0],[106.007339055,-5.90949293799997,0],[106.007329223,-5.90947827199994,0],[106.007326034,-5.90946854699996,0],[106.007318978,-5.90945468699994,0],[106.007308056,-5.90943669299998,0],[106.007302134,-5.90942094699994,0],[106.007301211,-5.90940745099994,0],[106.00729651,-5.90939620399996,0],[106.007288032,-5.90938720699995,0],[106.007279957,-5.90937504399994,0],[106.007272286,-5.90935971599993,0],[106.007266983,-5.90935184299997,0],[106.007264048,-5.90935142499995,0],[106.007262858,-5.90934306599996,0],[106.007263411,-5.90932676499995,0],[106.007266215,-5.90931455199996,0],[106.007271267,-5.90930642599994,0],[106.007273402,-5.90929770699995,0],[106.00727262,-5.90928839399993,0],[106.007268337,-5.90927923799995,0],[106.007260551,-5.90927023999996,0],[106.007259818,-5.90925174699993,0],[106.007266135,-5.90922375699995,0],[106.007265907,-5.90920690099995,0],[106.007259133,-5.90920117599995,0],[106.007255468,-5.90919013999996,0],[106.007254915,-5.90917379199993,0],[106.007257177,-5.90916377999997,0],[106.007262256,-5.90916010299998,0],[106.007270419,-5.90915868999997,0],[106.007281665,-5.90915953999996,0],[106.007291788,-5.90915792199996,0],[106.007300785,-5.90915383599997,0],[106.007310894,-5.90915330099995,0],[106.007322114,-5.90915631699994,0],[106.007331064,-5.90915214199993,0],[106.007337741,-5.90914077399998,0],[106.007340671,-5.90913063899995,0],[106.007339854,-5.90912173599997,0],[106.007335404,-5.90911169399993,0],[106.00732732,-5.90910051299994,0],[106.007321561,-5.90908476799996,0],[106.007318125,-5.90906445699994,0],[106.007320375,-5.90905101799996,0],[106.007328309,-5.90904444999995,0],[106.00733565,-5.90904188599995,0],[106.007342398,-5.90904332499997,0],[106.007349221,-5.90903648599993,0],[106.007356118,-5.90902137099994,0],[106.007366447,-5.90900952199996,0],[106.007380207,-5.90900093699997,0],[106.007394753,-5.90898760599993,0],[106.007410085,-5.90896952699995,0],[106.007422575,-5.90895839699994,0],[106.007432223,-5.90895421399995,0],[106.007445719,-5.90895084299996,0],[106.007463064,-5.90894828499995,0],[106.007477359,-5.90894259799995,0],[106.007488607,-5.90893378299995,0],[106.007497573,-5.90893136499994,0],[106.007504259,-5.90893534499997,0],[106.007513257,-5.90893583899998,0],[106.007524566,-5.90893284699996,0],[106.007532469,-5.90893334899994,0],[106.007536967,-5.90893734199994,0],[106.007545965,-5.90893895699998,0],[106.007559461,-5.90893819599995,0],[106.007579705,-5.90894076299998,0],[106.007606697,-5.90894666099996,0],[106.007624692,-5.90895423599994,0],[106.00763369,-5.90896348799993,0],[106.007646062,-5.90896911599998,0],[106.007661807,-5.90897111999993,0],[106.007675303,-5.90897772799997,0],[106.007686549,-5.90898893899993,0],[106.007698921,-5.90899922799997,0],[106.007712418,-5.90900859399994,0],[106.007723625,-5.90901345099996,0],[106.007732543,-5.90901379799993,0],[106.007746724,-5.90901955599998,0],[106.007766169,-5.90903072399993,0],[106.007782481,-5.90903683299996,0],[106.007795661,-5.90903788499998,0],[106.007805097,-5.90904145699994,0],[106.007810791,-5.90904754899998,0],[106.007818168,-5.90905039599994,0],[106.007827227,-5.90905000099997,0],[106.007833975,-5.90905365399993,0],[106.007838412,-5.90906135599994,0],[106.007857013,-5.90907196799998,0],[106.007889778,-5.90908548999994,0],[106.007911147,-5.90909194399995,0],[106.00792112,-5.90909132899998,0],[106.00793169,-5.90909529899994,0],[106.007942858,-5.90910385499996,0],[106.007956353,-5.90910745099995,0],[106.007972179,-5.90910608599995,0],[106.007981386,-5.90910837399997,0],[106.007983979,-5.90911431399996,0],[106.007989338,-5.90911840899997,0],[106.007997466,-5.90912065799995,0],[106.008006292,-5.90912609299994,0],[106.008015817,-5.90913471199997,0],[106.008028425,-5.90914373699997,0],[106.008044118,-5.90915316699994,0],[106.008055365,-5.90916185399993,0],[106.008062166,-5.90916979699995,0],[106.008077937,-5.90917939799994,0],[106.00810268,-5.90919065499997,0],[106.008119766,-5.90919565299993,0],[106.008129194,-5.90919439299995,0],[106.008137067,-5.90919644899998,0],[106.008143385,-5.90920182199994,0],[106.008154666,-5.90920607099997,0],[106.008170913,-5.90920919699994,0],[106.00818216,-5.90921565199994,0],[106.008188406,-5.90922543499994,0],[106.008198278,-5.90922974599994,0],[106.008211774,-5.90922858499994,0],[106.008237642,-5.90923476899997,0],[106.008275881,-5.90924829999994,0],[106.008298331,-5.90925890199998,0],[106.008304991,-5.90926657499995,0],[106.008319612,-5.90927844099997,0],[106.008342193,-5.90929450099998,0],[106.008360232,-5.90930495599997,0],[106.008373728,-5.90930980599995,0],[106.008390598,-5.90932083499996,0],[106.008410842,-5.90933803999997,0],[106.00843896,-5.90935598799996,0],[106.008474949,-5.90937467699996,0],[106.00850644,-5.90938667899997,0],[106.008533432,-5.90939199199994,0],[106.008555926,-5.90940053199995,0],[106.008573921,-5.90941229699996,0],[106.008588897,-5.90941718399995,0],[106.008600856,-5.90941519499995,0],[106.008613227,-5.90941970299997,0],[106.008626011,-5.90943070999998,0],[106.00864141,-5.90943633299997,0],[106.008659423,-5.90943657299994,0],[106.008672813,-5.90943904899996,0],[106.008681582,-5.90944376399995,0],[106.008696194,-5.90944423499997,0],[106.00871665,-5.90944046299995,0],[106.008736999,-5.90944282899994,0],[106.008757243,-5.90945133199995,0],[106.008770739,-5.90945517399996,0],[106.008777487,-5.90945435399993,0],[106.008787179,-5.90945793499998,0],[106.008799814,-5.90946591599993,0],[106.008815722,-5.90947155999993,0],[106.008834903,-5.90947486799996,0],[106.008848825,-5.90947893699996,0],[106.008857489,-5.90948376399996,0],[106.008871947,-5.90948913399995,0],[106.0088922,-5.90949504599996,0],[106.008915788,-5.90949620399994,0],[106.00894271,-5.90949260999997,0],[106.008961829,-5.90949331799993,0],[106.008973146,-5.90949832899997,0],[106.008981054,-5.90949893899995,0],[106.008985553,-5.90949514799996,0],[106.009000173,-5.90949549899995,0],[106.009024917,-5.90949999299994,0],[106.009048535,-5.90950002999995,0],[106.009071029,-5.90949560699994,0],[106.009103064,-5.90949438599995,0],[106.009144642,-5.90949636599993,0],[106.009174336,-5.90949613799995,0],[106.009192147,-5.90949370399994,0],[106.009214095,-5.90948893399997,0],[106.009240182,-5.90948182799997,0],[106.009254351,-5.90947544799997,0],[106.009256601,-5.90946979299997,0],[106.009262127,-5.90946511799996,0],[106.009270931,-5.90946142199994,0],[106.009274305,-5.90945628699995,0],[106.009272249,-5.90944971399995,0],[106.009268255,-5.90944696099996,0],[106.009262324,-5.90944802599995,0],[106.00925392,-5.90944109399993,0],[106.009243042,-5.90942616299998,0],[106.009239625,-5.90941456399997,0],[106.009243667,-5.90940629599993,0],[106.009253073,-5.90940417099995,0],[106.009267843,-5.90940819099995,0],[106.009278839,-5.90940681799998,0],[106.009286061,-5.90940005299996,0],[106.009289743,-5.90939092999997,0],[106.009289884,-5.90937945099995,0],[106.009293078,-5.90937146199997,0],[106.00929479,-5.90937022899993,0],[106.009299325,-5.90936696199998,0],[106.009295767,-5.90936183499997,0],[106.009291788,-5.90936012099996,0],[106.009282402,-5.90935607799997,0],[106.00927347,-5.90935668799995,0],[106.009268971,-5.90936366599993,0],[106.00926352,-5.90936542099996,0],[106.009257114,-5.90936194999995,0],[106.009254914,-5.90935679199993,0],[106.009256916,-5.90934994799994,0],[106.009250322,-5.90934544899994,0],[106.00923513,-5.90934329599997,0],[106.00922496,-5.90934831899995,0],[106.009219811,-5.90936051699993,0],[106.009211253,-5.90936501599998,0],[106.009199285,-5.90936181499995,0],[106.009194906,-5.90935808499995,0],[106.009198113,-5.90935382599997,0],[106.009198473,-5.90934646699998,0],[106.009195986,-5.90933600899996,0],[106.0091897,-5.90933643299996,0],[106.009179613,-5.90934773799995,0],[106.009169491,-5.90935341699998,0],[106.009159333,-5.90935346699996,0],[106.009152005,-5.90935613999994,0],[106.009147506,-5.90936143399995,0],[106.009143007,-5.90936215699998,0],[106.009138509,-5.90935831199994,0],[106.009135134,-5.90935763599992,0],[106.009133865,-5.90935738199994,0],[106.00912807,-5.90935621999995,0],[106.009111693,-5.90935588399998,0],[106.009099422,-5.90935224199995,0],[106.00909126,-5.90934529399993,0],[106.00908419,-5.90933130799993,0],[106.009081138,-5.90932056599996,0],[106.009078216,-5.90931028399996,0],[106.009076061,-5.90930540199997,0],[106.009071806,-5.90929576299993,0],[106.009064962,-5.90928774499997,0],[106.009062225,-5.90928084899997,0],[106.009063595,-5.90927507399994,0],[106.009070742,-5.90927366599993,0],[106.009079603,-5.90927569399997,0],[106.009083668,-5.90927662499996,0],[106.009094022,-5.90927613799994,0],[106.009101807,-5.90927220599997,0],[106.009102093,-5.90926755299995,0],[106.00909488,-5.90926217799995,0],[106.009091246,-5.90925430499993,0],[106.009091194,-5.90924393399996,0],[106.009096483,-5.90923874899994,0],[106.009107115,-5.90923874999993,0],[106.009101403,-5.90923324099998,0],[106.009085605,-5.90922534999993,0],[106.009079349,-5.90922222499995,0],[106.009067101,-5.90921210299996,0],[106.009064658,-5.90920287499995,0],[106.009057923,-5.90919590799996,0],[106.009046896,-5.90919120299998,0],[106.009034736,-5.90918840799998,0],[106.009021441,-5.90918752299996,0],[106.009008059,-5.90918423799997,0],[106.00899459,-5.90917855599997,0],[106.008986717,-5.90917218399994,0],[106.008984441,-5.90916512099994,0],[106.008978805,-5.90915782399998,0],[106.008969808,-5.90915029099995,0],[106.008956065,-5.90914508499998,0],[106.008937579,-5.90914220299993,0],[106.008926332,-5.90913842599997,0],[106.008922324,-5.90913375699995,0],[106.008915822,-5.90913273599995,0],[106.008906826,-5.90913536599993,0],[106.008904576,-5.90912807699993,0],[106.008909075,-5.90911087099994,0],[106.008900174,-5.90909805399997,0],[106.008878917,-5.90909001999995,0],[106.008877873,-5.90908962499998,0],[106.008862045,-5.90907979899993,0],[106.008852687,-5.90906857399995,0],[106.008844717,-5.90906459699994,0],[106.008838136,-5.90906786799997,0],[106.008831472,-5.90906490399993,0],[106.008824724,-5.90905570699994,0],[106.008810423,-5.90904821299995,0],[106.008788572,-5.90904242299996,0],[106.008772826,-5.90903612199997,0],[106.008763187,-5.90902930999994,0],[106.008748246,-5.90902615599992,0],[106.008728001,-5.90902666099993,0],[106.008713829,-5.90902543899995,0],[106.008705728,-5.90902248999993,0],[106.008698979,-5.90902532799993,0],[106.008695221,-5.90903133699993,0],[106.008693585,-5.90903395399994,0],[106.008687065,-5.90903327799998,0],[106.008681898,-5.90902653399996,0],[106.008679421,-5.90902330099993,0],[106.008665925,-5.90901644899998,0],[106.008646576,-5.90901272399998,0],[106.008626857,-5.90900669199993,0],[106.008625656,-5.90900632499995,0],[106.008624117,-5.90900570399998,0],[106.008603163,-5.90899725299994,0],[106.008596612,-5.90899578899996,0],[106.008579544,-5.90899197499994,0],[106.008554801,-5.90899048999995,0],[106.008536846,-5.90898784899997,0],[106.008525679,-5.90898405299993,0],[106.008513306,-5.90898829399993,0],[106.008499731,-5.90900057099998,0],[106.008490695,-5.90900315799996,0],[106.008486196,-5.90899605299995,0],[106.008477392,-5.90899464699993,0],[106.008464283,-5.90899893699998,0],[106.008453036,-5.90899694899997,0],[106.008443651,-5.90898868299996,0],[106.0084286,-5.90898310599994,0],[106.008407882,-5.90898021799995,0],[106.008382967,-5.90897178799997,0],[106.008353857,-5.90895781699993,0],[106.00833385,-5.90894663399996,0],[106.008322946,-5.90893823799996,0],[106.008306247,-5.90893128699997,0],[106.008283754,-5.90892577999995,0],[106.00826126,-5.90891844399994,0],[106.008238766,-5.90890927999993,0],[106.008222388,-5.90890111899995,0],[106.008212126,-5.90889396299997,0],[106.008191904,-5.90888414799997,0],[106.008161721,-5.90887167599993,0],[106.008133113,-5.90886110399993,0],[106.008106076,-5.90885243399993,0],[106.008089185,-5.90884300199997,0],[106.008082437,-5.90883280799994,0],[106.008076813,-5.90882884699994,0],[106.008072314,-5.90883111999995,0],[106.008056569,-5.90882622299995,0],[106.008029577,-5.90881415399997,0],[106.008010457,-5.90880377099995,0],[106.00799921,-5.90879507199998,0],[106.007986378,-5.90878960099997,0],[106.007971959,-5.90878735599995,0],[106.007962961,-5.90878310899996,0],[106.007959385,-5.90877685899994,0],[106.007953098,-5.90877303599996,0],[106.007944101,-5.90877163899995,0],[106.007933149,-5.90876613499995,0],[106.007920241,-5.90875652499994,0],[106.00790562,-5.90875035299996,0],[106.007889286,-5.90874761699996,0],[106.007878962,-5.90874350299993,0],[106.007874648,-5.90873800899993,0],[106.007862276,-5.90873055699996,0],[106.007841847,-5.90872114399997,0],[106.007828232,-5.90871652799996,0],[106.007821432,-5.90871671099995,0],[106.007813256,-5.90871345199997,0],[106.007803705,-5.90870675299993,0],[106.007789655,-5.90870060999993,0],[106.007775523,-5.90869635599995,0],[106.007771107,-5.90869502699996,0],[106.007760164,-5.90869044899995,0],[106.007756825,-5.90868687699998,0],[106.007743908,-5.90868059199994,0],[106.007721415,-5.90867159199996,0],[106.007704751,-5.90866625299998,0],[106.007693917,-5.90866457499993,0],[106.007679296,-5.90865942499994,0],[106.007660888,-5.90865080299994,0],[106.007640376,-5.90864278499993,0],[106.00761776,-5.90863537099995,0],[106.007602313,-5.90862834899997,0],[106.007599576,-5.90862710499994,0],[106.007585825,-5.90861798799995,0],[106.007578177,-5.90860651799994,0],[106.00757663,-5.90859269599997,0],[106.007573524,-5.90857927899998,0],[106.007568858,-5.90856626699997,0],[106.007567048,-5.90855405699995,0],[106.007568094,-5.90854265299993,0],[106.007572891,-5.90852907699997,0],[106.007581441,-5.90851333199993,0],[106.007586462,-5.90850057899996,0],[106.007587956,-5.90849081999994,0],[106.007592283,-5.90848427899994,0],[106.007599445,-5.90848095399997,0],[106.007604558,-5.90847346299995,0],[106.007607625,-5.90846180299997,0],[106.007612386,-5.90845259899993,0],[106.007618845,-5.90844585199994,0],[106.007621257,-5.90843572999995,0],[106.007619623,-5.90842223299995,0],[106.007622096,-5.90840761199996,0],[106.007628677,-5.90839186699998,0],[106.007631814,-5.90838061999995,0],[106.007631506,-5.90837387099998,0],[106.00763542,-5.90836251399998,0],[106.007643557,-5.90834654599996,0],[106.007646184,-5.90833509299995,0],[106.007643302,-5.90832815099998,0],[106.007645605,-5.90831926499993,0],[106.007653091,-5.90830843299995,0],[106.007656122,-5.90829514499995,0],[106.007654698,-5.90827939899998,0],[106.007656785,-5.90826852299995,0],[106.007662382,-5.90826251799996,0],[106.007668488,-5.90824108399994,0],[106.007675105,-5.90820422299993,0],[106.007681748,-5.90818135799998,0],[106.007688417,-5.90817248999997,0],[106.007696878,-5.90815568399995,0],[106.007707132,-5.90813094099997,0],[106.007716235,-5.90810609299996,0],[106.007724187,-5.90808113899993,0],[106.007733791,-5.90806313999997,0],[106.007745046,-5.90805209499996,0],[106.00775577,-5.90803143099993,0],[106.007765963,-5.90800114799993,0],[106.007774907,-5.90798315799998,0],[106.007782604,-5.90797745999993,0],[106.007785517,-5.90796997099994,0],[106.007783645,-5.90796068999992,0],[106.007788566,-5.90795318999994,0],[106.007800278,-5.90794746899996,0],[106.007805344,-5.90793256999996,0],[106.007803762,-5.90790849399997,0],[106.007807887,-5.90789046199995,0],[106.00781772,-5.90787847699994,0],[106.00782601,-5.90785984299993,0],[106.007832758,-5.90783455999997,0],[106.007839216,-5.90781735399997,0],[106.007845384,-5.90780822399995,0],[106.007846509,-5.90780108699994,0],[106.00784259,-5.90779593999997,0],[106.007835953,-5.90779752199995,0],[106.007846069,-5.90777920999994,0],[106.007869916,-5.90774925199997,0],[106.007872653,-5.90773819999993,0],[106.007873972,-5.90774024899997,0],[106.00788477,-5.90773750099993,0],[106.007891206,-5.90773059299994,0],[106.007893279,-5.90771952699993,0],[106.007890745,-5.90771166699994,0],[106.007883601,-5.90770701399993,0],[106.007887424,-5.90768781799994,0],[106.007902211,-5.90765407799995,0],[106.007914855,-5.90763515099997,0],[106.007925354,-5.90763103599994,0],[106.007925469,-5.90763091199995,0],[106.007933706,-5.90762203899993,0],[106.00793991,-5.90760815799996,0],[106.007945533,-5.90759202699996,0],[106.007950577,-5.90757364599995,0],[106.007955467,-5.90756139399997,0],[106.007960202,-5.90755527199997,0],[106.007962482,-5.90754309399995,0],[106.007962356,-5.90753007399996,0],[106.007962306,-5.90752485999997,0],[106.007965975,-5.90751349299995,0],[106.007969108,-5.90751161699995,0],[106.007973488,-5.90750899399995,0],[106.007982691,-5.90749685899993,0],[106.007993587,-5.90747708699996,0],[106.007998797,-5.90746238199995,0],[106.007998352,-5.90745335599996,0],[106.007998322,-5.90745274299996,0],[106.008001815,-5.90743824099997,0],[106.008009275,-5.90741887499996,0],[106.008016731,-5.90740771299994,0],[106.008024181,-5.90740475399997,0],[106.008028158,-5.90739635899996,0],[106.008028658,-5.90738252599994,0],[106.008032626,-5.90737447899994,0],[106.008040058,-5.90737221699993,0],[106.008044457,-5.90736226199994,0],[106.008045819,-5.90734461599993,0],[106.008049017,-5.90732996099996,0],[106.008054051,-5.90731829399994,0],[106.008062622,-5.90730747699996,0],[106.00807473,-5.90729750799994,0],[106.008080354,-5.90729092599997,0],[106.008079493,-5.90728772999995,0],[106.00808806,-5.90727973799994,0],[106.008106055,-5.90726694899996,0],[106.0081218,-5.90726331499997,0],[106.008125233,-5.90726471899995,0],[106.008135296,-5.90726883499997,0],[106.008151173,-5.90727203199998,0],[106.008169432,-5.90727290599995,0],[106.008180964,-5.90727124599994,0],[106.008185771,-5.90726704999997,0],[106.008188424,-5.90725791999995,0],[106.008188924,-5.90724385499993,0],[106.008195388,-5.90723439599998,0],[106.008207812,-5.90722954399996,0],[106.008212108,-5.90722167099995,0],[106.008208278,-5.90721077799998,0],[106.008207614,-5.90719904499997,0],[106.008210118,-5.90718647099993,0],[106.00820873,-5.90717634899994,0],[106.008203449,-5.90716867799995,0],[106.008201973,-5.90716146899996,0],[106.008204301,-5.90715472099993,0],[106.008201639,-5.90715022199993,0],[106.008193986,-5.90714797199996,0],[106.008193134,-5.90714549899997,0],[106.008191679,-5.90714127699994,0],[106.008194719,-5.90713013599998,0],[106.008192751,-5.90712220299997,0],[106.008185775,-5.90711747799998,0],[106.008185077,-5.90711067699993,0],[106.008190656,-5.90710179999996,0],[106.008192229,-5.90709511299997,0],[106.008189794,-5.90709061399997,0],[106.008193858,-5.90708049199998,0],[106.00820442,-5.90706474699994,0],[106.008207679,-5.90706206399994,0],[106.008219445,-5.90705237499998,0],[106.008238934,-5.90704337799997,0],[106.008247562,-5.90703518099997,0],[106.008245331,-5.90702778499997,0],[106.008246829,-5.90701995199993,0],[106.008252056,-5.90701168099997,0],[106.008260395,-5.90700764599995,0],[106.008271843,-5.90700784599994,0],[106.008280178,-5.90700218299997,0],[106.008285397,-5.90699065699994,0],[106.008281394,-5.90698151999993,0],[106.00826817,-5.90697477199996,0],[106.008258672,-5.90696633199997,0],[106.0082529,-5.90695620199995,0],[106.008245216,-5.90695057899995,0],[106.008245127,-5.90695056899995,0],[106.008235621,-5.90694946299993,0],[106.008230305,-5.90694553099996,0],[106.008229269,-5.90693878199994,0],[106.008225068,-5.90693724699997,0],[106.008217705,-5.90694092399997,0],[106.008220131,-5.90692855299994,0],[106.008232343,-5.90690013299997,0],[106.00824512,-5.90688367299992,0],[106.008258457,-5.90687917499997,0],[106.008265386,-5.90687196399995,0],[106.008265903,-5.90686204199994,0],[106.008269998,-5.90685378299997,0],[106.008277669,-5.90684718899996,0],[106.008282392,-5.90684676399997,0],[106.008284166,-5.90685250499996,0],[106.008290915,-5.90685247899995,0],[106.008292928,-5.90685148399996,0],[106.008302636,-5.90684668499995,0],[106.008319998,-5.90684394299996,0],[106.008328138,-5.90684405299993,0],[106.008343001,-5.90684425499995,0],[106.008356498,-5.90684729199995,0],[106.008360486,-5.90685305699998,0],[106.00836923,-5.90685912399994,0],[106.008382726,-5.90686549399993,0],[106.008397346,-5.90687563599994,0],[106.00840216,-5.90687988999997,0],[106.008413092,-5.90688954899997,0],[106.008425349,-5.90689487099996,0],[106.008434118,-5.90689159999994,0],[106.00844424,-5.90689238599998,0],[106.008455716,-5.90689722999997,0],[106.008465218,-5.90689773299994,0],[106.008472748,-5.90689389599993,0],[106.008485119,-5.90687806399995,0],[106.008502332,-5.90685023999993,0],[106.008510051,-5.90683049599994,0],[106.008508276,-5.90681883399998,0],[106.008504573,-5.90681403199994,0],[106.008498941,-5.90681608999995,0],[106.008498945,-5.90681045899993,0],[106.008504586,-5.90679713599997,0],[106.008508479,-5.90679315799997,0],[106.008510622,-5.90679852499994,0],[106.008518315,-5.90679764299995,0],[106.008531556,-5.90679051499995,0],[106.008540739,-5.90678132799997,0],[106.008545861,-5.90677008099993,0],[106.00854804,-5.90675546999995,0],[106.008547275,-5.90673749499996,0],[106.008550878,-5.90672062499993,0],[106.008558847,-5.90670485999993,0],[106.008563592,-5.90668999299993,0],[106.008565113,-5.90667602499997,0],[106.008562362,-5.90666477799994,0],[106.008555342,-5.90665625199995,0],[106.008552881,-5.90663851899996,0],[106.008554981,-5.90661157699998,0],[106.008554744,-5.90660271199994,0],[106.00855441,-5.90659020799995,0],[106.008551168,-5.90657441199994,0],[106.008550017,-5.90656092999996,0],[106.008550957,-5.90654976299993,0],[106.00855079,-5.90654473099994,0],[106.008550399,-5.90653298899997,0],[106.008548343,-5.90651060999994,0],[106.008543844,-5.90649028899998,0],[106.008536903,-5.90647202599996,0],[106.008529413,-5.90645907999993,0],[106.008521373,-5.90645145099995,0],[106.008514624,-5.90644044699997,0],[106.008509168,-5.90642606799997,0],[106.008501942,-5.90641765099997,0],[106.008499254,-5.90641691799993,0],[106.008492944,-5.90641519799993,0],[106.0084807,-5.90640599499994,0],[106.008465209,-5.90639004299993,0],[106.008460443,-5.90637558599997,0],[106.0084664,-5.90636262399994,0],[106.008466132,-5.90636057499995,0],[106.008465064,-5.90635241699994,0],[106.008457493,-5.90634587899996,0],[106.008456435,-5.90634496599995,0],[106.00845108,-5.90633667299994,0],[106.008450602,-5.90633457499996,0],[106.008448998,-5.90632753999995,0],[106.008443458,-5.90632324999996,0],[106.00843446,-5.90632380399995,0],[106.008427849,-5.90631608299998,0],[106.008423622,-5.90630008999995,0],[106.00841575,-5.90628856999996,0],[106.00840423,-5.90628152599993,0],[106.008388349,-5.90627990099995,0],[106.008368105,-5.90628369399997,0],[106.008351344,-5.90628271699995,0],[106.008338068,-5.90627697099995,0],[106.00832907,-5.90627606599998,0],[106.008324352,-5.90628000199996,0],[106.008316216,-5.90627984699995,0],[106.008304661,-5.90627559899997,0],[106.008292298,-5.90627701499994,0],[106.008284163,-5.90628138899996,0],[106.008279127,-5.90628409699997,0],[106.008271229,-5.90628632199997,0],[106.008268602,-5.90628368999995,0],[106.008266872,-5.90628352799996,0],[106.008257345,-5.90628263299993,0],[106.008237462,-5.90628314899993,0],[106.008210649,-5.90628519799998,0],[106.008176909,-5.90628878199993,0],[106.008146226,-5.90628789799996,0],[106.008118602,-5.90628254599994,0],[106.008099267,-5.90627077099998,0],[106.008088222,-5.90625257199997,0],[106.008084883,-5.90622947999998,0],[106.008089251,-5.90620149499995,0],[106.008094966,-5.90618653699994,0],[106.008102031,-5.90618460499996,0],[106.008132678,-5.90618042999995,0],[106.008186908,-5.90617400899993,0],[106.008226966,-5.90616850699996,0],[106.008252852,-5.90616392199996,0],[106.008268417,-5.90615825599997,0],[106.008273662,-5.90615150799994,0],[106.008274216,-5.90613847899994,0],[106.008270077,-5.90611916799998,0],[106.008263509,-5.90610411299997,0],[106.008254512,-5.90609331099995,0],[106.008245936,-5.90608722099995,0],[106.008237783,-5.90608584099994,0],[106.00822991,-5.90608104799998,0],[106.008222318,-5.90607284199996,0],[106.00821065,-5.90606927799996,0],[106.008194904,-5.90607035599993,0],[106.008184782,-5.90607508199997,0],[106.008180283,-5.90608345299995,0],[106.008167912,-5.90608645699996,0],[106.008147668,-5.90608409399994,0],[106.008130797,-5.90608318199997,0],[106.008117301,-5.90608372199995,0],[106.008100128,-5.90607078599993,0],[106.008079278,-5.90604437399998,0],[106.008065922,-5.90602877899994,0],[106.008060061,-5.90602400099993,0],[106.008050242,-5.90602316099995,0],[106.008036466,-5.90602625799994,0],[106.008026203,-5.90602556099998,0],[106.008019454,-5.90602107199993,0],[106.008008911,-5.90601741299997,0],[106.007994571,-5.90601458699996,0],[106.007978623,-5.90601767199996,0],[106.007961068,-5.90602666899997,0],[106.007953999,-5.90602340299995,0],[106.007953617,-5.90602322599995,0],[106.007953697,-5.90602274799994,0],[106.007956271,-5.90600734499998,0],[106.007956613,-5.90599370699994,0],[106.007954645,-5.90598231299998,0],[106.007954008,-5.90596551199997,0],[106.007954702,-5.90594330099998,0],[106.007952312,-5.90592794399993,0],[106.007946838,-5.90591944099998,0],[106.007945226,-5.90590485799993,0],[106.007947475,-5.90588419699998,0],[106.007947879,-5.90586820399994,0],[106.007946438,-5.90585688099998,0],[106.007941742,-5.90583434899997,0],[106.007933789,-5.90580060899993,0],[106.007927762,-5.90578172399995,0],[106.007926081,-5.90578007299996,0],[106.007923659,-5.90577769499993,0],[106.007924929,-5.90577277799997,0],[106.007925157,-5.90577189599998,0],[106.007932257,-5.90576432699993,0],[106.007933034,-5.90575509399997,0],[106.00792749,-5.90574419899997,0],[106.007926458,-5.90573339499997,0],[106.007929937,-5.90572268099993,0],[106.007931408,-5.90571220799995,0],[106.007930872,-5.90570197399995,0],[106.007927753,-5.90569608399994,0],[106.007922051,-5.90569453699993,0],[106.00791887,-5.90568158599996,0],[106.007918211,-5.90565722999997,0],[106.007915334,-5.90563473599997,0],[106.007910238,-5.90561410499993,0],[106.007904355,-5.90559704199995,0],[106.007897686,-5.90558354599995,0],[106.007894756,-5.90556296199998,0],[106.007895564,-5.90553529099998,0],[106.007894506,-5.90551712699994,0],[106.007891579,-5.90550846999997,0],[106.007892528,-5.90549418899997,0],[106.007897352,-5.90547428199994,0],[106.007905752,-5.90545983099997,0],[106.007917728,-5.90545083299997,0],[106.00792488,-5.90543846199995,0],[106.007927209,-5.90542271699996,0],[106.007926682,-5.90541095799995,0],[106.007923299,-5.90540318599994,0],[106.007915984,-5.90539810699994,0],[106.007904737,-5.90539571899996,0],[106.007895639,-5.90538385899993,0],[106.007888689,-5.90536252699997,0],[106.007881787,-5.90534945699994,0],[106.007874934,-5.90534464999996,0],[106.007873532,-5.90533790099994,0],[106.007877582,-5.90532921299996,0],[106.007879788,-5.90531699699994,0],[106.007880148,-5.90530125099997,0],[106.00787553,-5.90528550599993,0],[106.007865936,-5.90526975999995,0],[106.007863208,-5.90525019099994,0],[106.007867346,-5.90522679699995,0],[106.007867689,-5.90521089799995,0],[106.007864235,-5.90520249699995,0],[106.007863787,-5.90518748399995,0],[106.007866344,-5.90516586199993,0],[106.00787021,-5.90515510499995,0],[106.007875386,-5.90515521399993,0],[106.007875636,-5.90514793199998,0],[106.007870962,-5.90513325999996,0],[106.007870624,-5.90512767299998,0],[106.007874621,-5.90513116999995,0],[106.007885617,-5.90512400899996,0],[106.007903612,-5.90510618999997,0],[106.007913734,-5.90509997999993,0],[106.007915984,-5.90510537899996,0],[106.007928136,-5.90510401299997,0],[106.00795019,-5.90509588099997,0],[106.007973878,-5.90509166799995,0],[106.007999202,-5.90509137399994,0],[106.008016291,-5.90508600399994,0],[106.008025148,-5.90507555899995,0],[106.008037115,-5.90506953099998,0],[106.008052193,-5.90506791799993,0],[106.008060145,-5.90506511599995,0],[106.00806097,-5.90506112199995,0],[106.008070228,-5.90505575599997,0],[106.008087915,-5.90504901599996,0],[106.008097958,-5.90504201499994,0],[106.008100356,-5.90503475299994,0],[106.00810714,-5.90502924699996,0],[106.008118307,-5.90502549399997,0],[106.008128429,-5.90501981799997,0],[106.008137506,-5.90501221399995,0],[106.008144562,-5.90500403599998,0],[106.008149596,-5.90499527999998,0],[106.008150304,-5.90498849899996,0],[106.008146684,-5.90498369199997,0],[106.008151007,-5.90498067899995,0],[106.008163272,-5.90497945699997,0],[106.008172665,-5.90497312899993,0],[106.008179185,-5.90496169299996,0],[106.008181658,-5.90495372599997,0],[106.008180086,-5.90494922699997,0],[106.008184409,-5.90494472899996,0],[106.008194627,-5.90494022899998,0],[106.008205492,-5.90493791699993,0],[106.008217002,-5.90493778899997,0],[106.008227322,-5.90493576599994,0],[106.008236451,-5.90493184699994,0],[106.008243265,-5.90492175699995,0],[106.008247764,-5.90490549499998,0],[106.008253488,-5.90489504799996,0],[106.008260439,-5.90489041499995,0],[106.008266677,-5.90488257399994,0],[106.008272204,-5.90487152499998,0],[106.008274686,-5.90486262699994,0],[106.008274124,-5.90485587899997,0],[106.00827557,-5.90485094399997,0],[106.00827676,-5.90484688099997,0],[106.008282594,-5.90483563499993,0],[106.008294227,-5.90482848199997,0],[106.00831166,-5.90482542099994,0],[106.0083152,-5.90482372099996,0],[106.00832571,-5.90481867299997,0],[106.008334133,-5.90481043199998,0],[106.008336376,-5.90480823699994,0],[106.008344653,-5.90479424999995,0],[106.008350541,-5.90477671199994,0],[106.0083555,-5.90476546599996,0],[106.008359534,-5.90476050999996,0],[106.008357987,-5.90475057899994,0],[106.008350861,-5.90473567499993,0],[106.008347992,-5.90472442899994,0],[106.00834938,-5.90471683899995,0],[106.008340805,-5.90471061299996,0],[106.008322266,-5.90470574899996,0],[106.008306247,-5.90469509599995,0],[106.008292751,-5.90467865199997,0],[106.008282629,-5.90467201999996,0],[106.008275881,-5.90467520099998,0],[106.008269133,-5.90467156399995,0],[106.008262385,-5.90466111099994,0],[106.008256762,-5.90465717099994,0],[106.008252263,-5.90465974499995,0],[106.008255636,-5.90465225799994,0],[106.008266883,-5.90463470899994,0],[106.008274756,-5.90462471899997,0],[106.008279255,-5.90462228699994,0],[106.008288885,-5.90462543999996,0],[106.008303647,-5.90463417599995,0],[106.008318268,-5.90464080099997,0],[106.008332747,-5.90464531499993,0],[106.008344486,-5.90465550699997,0],[106.008353484,-5.90467137799993,0],[106.008358883,-5.90467537399996,0],[106.008360684,-5.90466749699993,0],[106.008365183,-5.90466519499995,0],[106.008372379,-5.90466846799995,0],[106.008379352,-5.90467552399997,0],[106.008386099,-5.90468636199995,0],[106.008399595,-5.90469194299993,0],[106.00841984,-5.90469226599993,0],[106.008434461,-5.90469788599995,0],[106.008443458,-5.90470880299995,0],[106.008444999,-5.90471159999993,0],[106.008450483,-5.90472155299994,0],[106.008455535,-5.90473613399996,0],[106.008467907,-5.90475214899993,0],[106.008487597,-5.90476959899996,0],[106.008499837,-5.90478464099994,0],[106.008504625,-5.90479727399998,0],[106.008513671,-5.90480124599998,0],[106.008526974,-5.90479655499996,0],[106.008530203,-5.90479165599993,0],[106.008523359,-5.90478654599997,0],[106.008518711,-5.90477985099994,0],[106.008516259,-5.90477156999998,0],[106.008517384,-5.90476392199997,0],[106.008522085,-5.90475690799997,0],[106.008530058,-5.90475397899996,0],[106.008541305,-5.90475513499996,0],[106.008555926,-5.90475449099995,0],[106.008573921,-5.90475204799998,0],[106.008586921,-5.90474700499993,0],[106.008594925,-5.90473936099994,0],[106.008609546,-5.90473263999996,0],[106.008630783,-5.90472684299993,0],[106.008643962,-5.90473052899995,0],[106.008649085,-5.90474369699996,0],[106.008653584,-5.90474831399996,0],[106.008657459,-5.90474437799998,0],[106.008667414,-5.90474420999993,0],[106.00868345,-5.90474781299997,0],[106.008686823,-5.90475355599995,0],[106.008677536,-5.90476143999996,0],[106.008666144,-5.90476292199997,0],[106.008652648,-5.90475800499996,0],[106.008643392,-5.90475815499997,0],[106.008638374,-5.90476337399997,0],[106.00863373,-5.90476287099995,0],[106.00862946,-5.90475664599995,0],[106.008625221,-5.90476015999997,0],[106.008621012,-5.90477341499997,0],[106.008612159,-5.90477765199995,0],[106.008598663,-5.90477287199997,0],[106.008596801,-5.90477636699995,0],[106.008606571,-5.90478813599998,0],[106.00861332,-5.90479095599994,0],[106.008617045,-5.90478482499998,0],[106.008623902,-5.90478482499998,0],[106.008633893,-5.90479095599994,0],[106.008638691,-5.90479094699998,0],[106.008638296,-5.90478479899997,0],[106.008653545,-5.90477852299995,0],[106.008684438,-5.90477211999996,0],[106.008700834,-5.90477294499993,0],[106.008702732,-5.90478099699993,0],[106.008701607,-5.90478820899995,0],[106.008697459,-5.90479457999993,0],[106.008699885,-5.90480257299993,0],[106.008708882,-5.90481218999997,0],[106.008712062,-5.90481912699994,0],[106.008709427,-5.90482338399994,0],[106.008712801,-5.90483185899996,0],[106.008722185,-5.90484455099994,0],[106.00873127,-5.90485140199996,0],[106.008740057,-5.90485241199997,0],[106.008750491,-5.90484831599997,0],[106.008762572,-5.90483911199993,0],[106.008763837,-5.90483004799995,0],[106.008754286,-5.90482112199993,0],[106.008751813,-5.90481091199996,0],[106.008756417,-5.90479941799993,0],[106.008753913,-5.90479173099993,0],[106.0087443,-5.90478785099998,0],[106.008736938,-5.90477841499995,0],[106.008731823,-5.90476341999994,0],[106.008733168,-5.90475947999994,0],[106.00874097,-5.90476659499996,0],[106.008746155,-5.90476840399998,0],[106.00874872,-5.90476490699996,0],[106.008747644,-5.90475405499996,0],[106.008742926,-5.90473584699993,0],[106.008744376,-5.90472605299993,0],[106.008751993,-5.90472467399997,0],[106.008755521,-5.90471899999994,0],[106.008754959,-5.90470903099992,0],[106.008760538,-5.90469998699996,0],[106.008772259,-5.90469186599995,0],[106.008776626,-5.90468518999995,0],[106.008773639,-5.90467995999995,0],[106.008775848,-5.90467614799996,0],[106.008783256,-5.90467375399993,0],[106.008789934,-5.90466267099993,0],[106.008795882,-5.90464290199998,0],[106.008803623,-5.90463079699992,0],[106.008813157,-5.90462635799997,0],[106.008819904,-5.90462687399997,0],[106.008823867,-5.90463234599997,0],[106.008828687,-5.90463320399994,0],[106.008834363,-5.90462944699993,0],[106.008835281,-5.90463339799993,0],[106.008831441,-5.90464505599994,0],[106.008832456,-5.90465020299996,0],[106.008838325,-5.90464883799996,0],[106.008842578,-5.90465245899998,0],[106.008845214,-5.90466106599996,0],[106.00885299,-5.90466530099997,0],[106.008865906,-5.90466516499993,0],[106.008869939,-5.90466808599996,0],[106.00886509,-5.90467406499994,0],[106.008868977,-5.90468042899994,0],[106.008881604,-5.90468717699997,0],[106.008887728,-5.90469434099998,0],[106.00888735,-5.90470192199996,0],[106.008895451,-5.90470973399994,0],[106.008912032,-5.90471777899995,0],[106.008914698,-5.90471435099994,0],[106.008903452,-5.90469945399997,0],[106.00890364,-5.90469145399993,0],[106.008915265,-5.90469035099994,0],[106.008923138,-5.90469533299995,0],[106.008927259,-5.90470639699993,0],[106.008932785,-5.90470780199996,0],[106.008939717,-5.90469954599996,0],[106.008941572,-5.90469267999993,0],[106.008938347,-5.90468720199993,0],[106.008938254,-5.90467730499995,0],[106.008941295,-5.90466298899997,0],[106.008940254,-5.90465407599993,0],[106.008935131,-5.90465056599993,0],[106.008934613,-5.90464410599998,0],[106.008938699,-5.90463469799994,0],[106.008943509,-5.90463160399997,0],[106.008949044,-5.90463482199993,0],[106.008952595,-5.90463162199995,0],[106.008954158,-5.90462200499996,0],[106.008957533,-5.90461639499995,0],[106.008962717,-5.90461479099997,0],[106.00896592,-5.90460674999997,0],[106.008967141,-5.90459226899998,0],[106.008970515,-5.90458224699995,0],[106.008976042,-5.90457668299996,0],[106.00897543,-5.90456983699994,0],[106.008968683,-5.90456170999994,0],[106.00896081,-5.90456099099993,0],[106.008951812,-5.90456767899997,0],[106.008946725,-5.90456775099995,0],[106.008945547,-5.90456120699997,0],[106.008950802,-5.90455360599998,0],[106.008962488,-5.90454494399995,0],[106.0089716,-5.90452973599997,0],[106.008978137,-5.90450798299997,0],[106.008980756,-5.90449268499998,0],[106.008979455,-5.90448384099994,0],[106.008981054,-5.90447883299993,0],[106.008985553,-5.90447765999994,0],[106.008992613,-5.90448208199996,0],[106.009002234,-5.90449209799993,0],[106.009006504,-5.90450475199998,0],[106.009005424,-5.90452004299993,0],[106.009012585,-5.90453426399995,0],[106.009027987,-5.90454741499997,0],[106.0090358,-5.90455930199994,0],[106.009092555,-5.90453482499993,0],[106.009164193,-5.90450119099995,0],[106.009240646,-5.90448669299997,0],[106.009293165,-5.90445309399996,0],[106.009307241,-5.90444051999998,0],[106.009307584,-5.90443862099994,0],[106.009313085,-5.90442400199993,0],[106.009320826,-5.90441275599994,0],[106.009323765,-5.90439482599993,0],[106.009321902,-5.90437021599996,0],[106.009325654,-5.90435646799995,0],[106.00933502,-5.90435358399998,0],[106.009342827,-5.90435883499993,0],[106.009349074,-5.90437222099996,0],[106.009356697,-5.90437605299996,0],[106.009365694,-5.90437033099994,0],[106.009382564,-5.90437126799998,0],[106.009398569,-5.90437618099998,0],[106.00945073,-5.90435708199993,0],[106.009531963,-5.90434257499993,0],[106.00960839,-5.90431371799997,0],[106.009675196,-5.90425137599993,0],[106.009676006,-5.90424986399995,0],[106.009683354,-5.90425324899996,0],[106.009696516,-5.90425273099993,0],[106.009704016,-5.90424839899993,0],[106.009705852,-5.90424025399994,0],[106.009712649,-5.90423393199995,0],[106.009724405,-5.90422943299995,0],[106.009730977,-5.90421892999996,0],[106.009732366,-5.90420242199997,0],[106.009736816,-5.90420060399993,0],[106.009744328,-5.90421347399996,0],[106.009750334,-5.90421767699996,0],[106.009754833,-5.90421321299993,0],[106.009760456,-5.90421305999996,0],[106.009767205,-5.90421721899997,0],[106.009771167,-5.90421286199995,0],[106.009772344,-5.90419998899995,0],[106.009775718,-5.90418861699993,0],[106.009781289,-5.90417874599996,0],[106.009788573,-5.90417492799997,0],[106.00979757,-5.90417716399998,0],[106.00980326,-5.90418825799998,0],[106.009805641,-5.90420821099997,0],[106.009809014,-5.90422015399997,0],[106.009813382,-5.90422408799998,0],[106.009824857,-5.90422550499994,0],[106.00984344,-5.90422440399993,0],[106.009851889,-5.90421681299995,0],[106.009850202,-5.90420273299998,0],[106.009852618,-5.90419523299994,0],[106.009859138,-5.90419431299995,0],[106.009862837,-5.90420240899994,0],[106.009863715,-5.90421952299994,0],[106.009865504,-5.90422066699995,0],[106.009868201,-5.90420584199995,0],[106.009875481,-5.90419856299997,0],[106.009887342,-5.90419882799995,0],[106.009897464,-5.90420461799994,0],[106.009905847,-5.90421592999996,0],[106.009919036,-5.90421017999995,0],[106.009937031,-5.90418736599997,0],[106.009951432,-5.90417617499998,0],[106.009962239,-5.90417661099997,0],[106.009969027,-5.90418038099995,0],[106.009971794,-5.90418748699994,0],[106.009984386,-5.90419056099995,0],[106.0100068,-5.90418960299996,0],[106.010019132,-5.90419104499995,0],[106.010021382,-5.90419488499998,0],[106.010025366,-5.90418977899998,0],[106.010031086,-5.90417572699994,0],[106.01003671,-5.90416750399993,0],[106.010042236,-5.90416510999995,0],[106.010043875,-5.90416055199995,0],[106.010041625,-5.90415383199996,0],[106.010047222,-5.90415055899996,0],[106.010060666,-5.90415072999997,0],[106.010070121,-5.90415483099997,0],[106.010075586,-5.90416286199996,0],[106.010080111,-5.90417501499996,0],[106.010083695,-5.90419128999997,0],[106.010097859,-5.90419943699993,0],[106.010122603,-5.90419945699995,0],[106.010140597,-5.90419801599995,0],[106.010151844,-5.90419511699997,0],[106.010160806,-5.90418970799993,0],[106.010166062,-5.90418347599996,0],[106.010258228,-5.90418330799997,0],[106.010348969,-5.90414006699996,0],[106.010391919,-5.90410169899997,0],[106.010430115,-5.90407769699993,0],[106.010468329,-5.90406326899995,0],[106.010611657,-5.90402471799996,0],[106.010635531,-5.90401031599993,0],[106.010673701,-5.90397195599996,0],[106.010697505,-5.90391926399997,0],[106.010698462,-5.90391866199997,0],[106.010702703,-5.90393218099996,0],[106.01070773,-5.90393780499994,0],[106.010712676,-5.90393278099998,0],[106.010714781,-5.90392648599993,0],[106.010714043,-5.90391892099996,0],[106.010722583,-5.90391392499993,0],[106.010740402,-5.90391149799996,0],[106.0107536,-5.90390628299997,0],[106.010762175,-5.90389827999996,0],[106.01076528,-5.90389277299994,0],[106.010769503,-5.90388528199998,0],[106.010775584,-5.90386728699997,0],[106.010776062,-5.90385693399998,0],[106.01077094,-5.90385422399993,0],[106.010769613,-5.90384859999995,0],[106.010772082,-5.90384006399995,0],[106.010771217,-5.90383467199996,0],[106.010767017,-5.90383242199994,0],[106.010762636,-5.90382494099993,0],[106.010758077,-5.90381222999997,0],[106.010760295,-5.90379666899997,0],[106.010769293,-5.90377826199995,0],[106.010772965,-5.90375395299998,0],[106.010771313,-5.90372374199995,0],[106.010769082,-5.90370220599993,0],[106.01076627,-5.90368934499998,0],[106.010767821,-5.90367541999996,0],[106.010773734,-5.90366043299997,0],[106.01077767,-5.90363904499998,0],[106.01077963,-5.90361125799996,0],[106.010780635,-5.90358386799994,0],[106.010780664,-5.90356902899993,0],[106.010787682,-5.90356491299997,0],[106.010964539,-5.90356459199995,0],[106.011155763,-5.90357860299997,0],[106.011375675,-5.90359734899994,0],[106.011662514,-5.90362075899998,0],[106.01168388,-5.90361946099995,0],[106.011702775,-5.90362121799996,0],[106.011734266,-5.90362711199998,0],[106.011765757,-5.90363106099994,0],[106.011797248,-5.90363306699993,0],[106.011818246,-5.90363665799993,0],[106.011821798,-5.90363726499993,0],[106.011839405,-5.90364365499994,0],[106.011848759,-5.90366709399996,0],[106.011849858,-5.90370758199998,0],[106.011851305,-5.90372027999996,0],[106.011873022,-5.90372567399993,0],[106.011873688,-5.90372551899998,0],[106.011917015,-5.90371542399993,0],[106.011913661,-5.90369615499998,0],[106.011907563,-5.90366928299994,0],[106.011905292,-5.90365359799995,0],[106.011906847,-5.90364909899995,0],[106.011904171,-5.90363443999996,0],[106.011897265,-5.90360962099993,0],[106.011892512,-5.90358466199996,0],[106.011889911,-5.90355956599996,0],[106.011892143,-5.90354953999997,0],[106.011940047,-5.90347477499995,0],[106.012076168,-5.90342800399998,0],[106.012107659,-5.90342417699998,0],[106.012130152,-5.90341793799996,0],[106.012153542,-5.90340736799993,0],[106.012177828,-5.90339246599996,0],[106.012208454,-5.90338498199998,0],[106.012245419,-5.90338491499995,0],[106.012267016,-5.90338570499995,0],[106.012273246,-5.90338735099994,0],[106.012281984,-5.90338613599994,0],[106.012293231,-5.90338205999996,0],[106.012311568,-5.90338002999994,0],[106.012336997,-5.90338004699993,0],[106.012354992,-5.90338112499995,0],[106.012365553,-5.90338326599993,0],[106.012374208,-5.90338247099993,0],[106.012380956,-5.90337873999994,0],[106.012388895,-5.90337794599998,0],[106.012398024,-5.90338008699996,0],[106.012425016,-5.90338103499994,0],[106.012469871,-5.90338078799994,0],[106.012499825,-5.90338163399997,0],[106.012514876,-5.90338357499996,0],[106.012529497,-5.90338388899994,0],[106.012543687,-5.90338257799993,0],[106.01255615,-5.90338629699994,0],[106.012566888,-5.90339504599996,0],[106.012571304,-5.90340288099998,0],[106.012569397,-5.90340979999996,0],[106.012573025,-5.90341738099994,0],[106.01258219,-5.90342562499995,0],[106.012590493,-5.90342968999994,0],[106.012597935,-5.90342957599995,0],[106.012606932,-5.90343628699998,0],[106.012617486,-5.90344982199997,0],[106.012633104,-5.90345670199997,0],[106.012653787,-5.90345692399995,0],[106.012665047,-5.90346176399993,0],[106.012666883,-5.90347122199995,0],[106.012663967,-5.90347773799994,0],[106.012656295,-5.90348131199994,0],[106.012652983,-5.90349142199995,0],[106.012654029,-5.90350806499993,0],[106.012657266,-5.90351921999996,0],[106.012662696,-5.90352488499997,0],[106.012663593,-5.90353147999997,0],[106.012659955,-5.90353900599996,0],[106.01266354,-5.90354254899995,0],[106.012674348,-5.90354210999993,0],[106.012678952,-5.90354558799993,0],[106.012677353,-5.90355298399993,0],[106.01268291,-5.90356166899994,0],[106.012695624,-5.90357164099993,0],[106.012710838,-5.90357901799996,0],[106.012728552,-5.90358379799994,0],[106.012737989,-5.90358804199997,0],[106.012739148,-5.90359175199995,0],[106.012747601,-5.90359262199996,0],[106.012763346,-5.90359064899997,0],[106.012775538,-5.90358465899993,0],[106.012784175,-5.90357464999994,0],[106.01279518,-5.90357070899995,0],[106.012808554,-5.90357283299994,0],[106.012821021,-5.90357751299996,0],[106.012832585,-5.90358474899995,0],[106.012835076,-5.90359447099996,0],[106.012828494,-5.90360667999994,0],[106.012827871,-5.90361272299998,0],[106.012833204,-5.90361259999997,0],[106.012836086,-5.90360825399995,0],[106.012836516,-5.90359968499996,0],[106.012847083,-5.90359562799995,0],[106.012867783,-5.90359608199998,0],[106.012884021,-5.90359464999995,0],[106.012895795,-5.90359133099997,0],[106.012908645,-5.90359293299997,0],[106.012922572,-5.90359945799997,0],[106.012932694,-5.90360170499997,0],[106.012939011,-5.90359967499995,0],[106.012946093,-5.90360340899997,0],[106.01295394,-5.90361290699997,0],[106.012955157,-5.90362279699997,0],[106.012949744,-5.90363307699994,0],[106.012954757,-5.90363812599998,0],[106.012970195,-5.90363794399997,0],[106.012979527,-5.90364390299993,0],[106.012982751,-5.90365600499996,0],[106.012986625,-5.90366118799994,0],[106.01299115,-5.90365945199994,0],[106.012994099,-5.90366364999994,0],[106.01299547,-5.90367378099995,0],[106.012999946,-5.90367942699993,0],[106.013007529,-5.90368058899998,0],[106.013009585,-5.90368383699996,0],[106.013006114,-5.90368917099994,0],[106.013007946,-5.90369276799993,0],[106.013015081,-5.90369463099995,0],[106.013012142,-5.90370025399994,0],[106.012999129,-5.90370963899994,0],[106.012992087,-5.90371853399995,0],[106.012991015,-5.90372693999996,0],[106.012980409,-5.90374380999998,0],[106.012960271,-5.90376914499996,0],[106.012951216,-5.90378968399995,0],[106.012953246,-5.90380542999998,0],[106.012957986,-5.90381258099995,0],[106.012965437,-5.90381113699993,0],[106.012970288,-5.90381540999994,0],[106.012972537,-5.90382539799998,0],[106.012975911,-5.90382861499995,0],[106.012980409,-5.90382506099996,0],[106.012985628,-5.90382681399996,0],[106.012991568,-5.90383387399993,0],[106.012997192,-5.90383367199996,0],[106.013002499,-5.90382620799994,0],[106.013005337,-5.90381568299995,0],[106.013005706,-5.90380209999995,0],[106.013007894,-5.90379080799994,0],[106.0130119,-5.90378181099993,0],[106.01301505,-5.90376940199997,0],[106.013017344,-5.90375358199998,0],[106.013026403,-5.90374015999993,0],[106.013042227,-5.90372913499994,0],[106.013059976,-5.90372804699996,0],[106.013079649,-5.90373689799998,0],[106.013098768,-5.90374113199994,0],[106.013117335,-5.90374074999994,0],[106.013129881,-5.90374299899997,0],[106.01313641,-5.90374787999997,0],[106.013145408,-5.90375119299995,0],[106.013156874,-5.90375293999995,0],[106.013167106,-5.90375737099993,0],[106.013176103,-5.90376448899997,0],[106.013185057,-5.90376806799998,0],[106.013193966,-5.90376810899994,0],[106.01320542,-5.90377246899993,0],[106.013219417,-5.90378114599997,0],[106.013234283,-5.90379336199993,0],[106.01325002,-5.90380911799997,0],[106.013267809,-5.90382097699995,0],[106.013287649,-5.90382893399993,0],[106.013306566,-5.90384128299996,0],[106.013324561,-5.90385802199995,0],[106.013339181,-5.90386736299996,0],[106.013350428,-5.90386930699998,0],[106.013369477,-5.90387508299995,0],[106.013396329,-5.90388469099997,0],[106.013412075,-5.90389277899993,0],[106.013416714,-5.90389934699994,0],[106.013428054,-5.90390502099996,0],[106.013446092,-5.90390980099994,0],[106.013459588,-5.90391518199993,0],[106.013468542,-5.90392116599998,0],[106.013480891,-5.90392107699995,0],[106.013496636,-5.90391491599996,0],[106.013507717,-5.90391773399995,0],[106.013514131,-5.90392953199995,0],[106.013523128,-5.90393617999996,0],[106.013534709,-5.90393767799998,0],[106.013541624,-5.90394152999994,0],[106.013543873,-5.90394773499997,0],[106.013550977,-5.90394906999995,0],[106.013562935,-5.90394553299996,0],[106.013569428,-5.90393727199995,0],[106.013570457,-5.90392428499996,0],[106.013563924,-5.90391359199998,0],[106.01354983,-5.90390519199997,0],[106.013540608,-5.90389593999993,0],[106.01353626,-5.90388583599997,0],[106.013534563,-5.90387396199998,0],[106.013535521,-5.90386031799994,0],[106.013532384,-5.90384344799998,0],[106.013525153,-5.90382335099997,0],[106.013508419,-5.90380191999998,0],[106.013482182,-5.90377915699997,0],[106.013467211,-5.90376400199995,0],[106.013463503,-5.90375645699993,0],[106.013456618,-5.90374814499995,0],[106.013446558,-5.90373906499997,0],[106.01344068,-5.90373145199993,0],[106.013438984,-5.90372530399998,0],[106.01343336,-5.90371839099993,0],[106.013423809,-5.90371071399994,0],[106.013416288,-5.90370199099993,0],[106.013410796,-5.90369222299995,0],[106.013405784,-5.90367772799993,0],[106.01340125,-5.90365850799998,0],[106.0133905,-5.90364389899997,0],[106.013373533,-5.90363390199997,0],[106.013363178,-5.90362214299995,0],[106.013359435,-5.90360862299997,0],[106.013354936,-5.90359976099995,0],[106.013349681,-5.90359555599997,0],[106.013344084,-5.90359627899994,0],[106.013338144,-5.90360192899993,0],[106.013326898,-5.90360142799994,0],[106.013310344,-5.90359477599998,0],[106.013299901,-5.90358842999996,0],[106.01329557,-5.90358238999994,0],[106.013293742,-5.90357486999994,0],[106.013294419,-5.90356587299993,0],[106.013290961,-5.90355622599998,0],[106.01328337,-5.90354593099994,0],[106.013279143,-5.90353736399993,0],[106.013278282,-5.90353052599994,0],[106.013272035,-5.90352155499994,0],[106.013260401,-5.90351045099993,0],[106.013249585,-5.90350236999996,0],[106.013239586,-5.90349731299995,0],[106.013227763,-5.90348901299996,0],[106.013214118,-5.90347746699996,0],[106.013206794,-5.90346712199994,0],[106.013205793,-5.90345797799995,0],[106.013209123,-5.90345689699996,0],[106.013216785,-5.90346387999995,0],[106.013222887,-5.90346612999997,0],[106.01322743,-5.90346364499993,0],[106.013232179,-5.90345466199994,0],[106.013237135,-5.90343917999996,0],[106.013242855,-5.90342755099994,0],[106.013249339,-5.90341977499997,0],[106.01325708,-5.90341646099995,0],[106.013266078,-5.90341760999996,0],[106.01327261,-5.90342382999995,0],[106.013276678,-5.90343512099997,0],[106.013283427,-5.90344346799998,0],[106.013292854,-5.90344887099997,0],[106.013300529,-5.90343782199994,0],[106.013306452,-5.90341031999998,0],[106.013312449,-5.90339540499997,0],[106.01331852,-5.90339307699998,0],[106.013317602,-5.90338683699997,0],[106.013309694,-5.90337668699993,0],[106.013315458,-5.90336619199996,0],[106.013334893,-5.90335535399993,0],[106.013344884,-5.90334734799995,0],[106.013345429,-5.90334217299994,0],[106.01335031,-5.90334127899996,0],[106.013359527,-5.90334466199994,0],[106.01336776,-5.90334502099995,0],[106.013375009,-5.90334235299997,0],[106.013380043,-5.90334406599993,0],[106.013382864,-5.90335015899996,0],[106.01339151,-5.90335833999995,0],[106.013405982,-5.90336860999997,0],[106.013423669,-5.90337845499994,0],[106.013444572,-5.90338787499996,0],[106.013462654,-5.90339790899998,0],[106.013477917,-5.90340855899996,0],[106.013495815,-5.90341804499997,0],[106.013516349,-5.90342636799994,0],[106.013533575,-5.90343636099993,0],[106.013547493,-5.90344802599998,0],[106.013558836,-5.90345369299996,0],[106.013567606,-5.90345336299993,0],[106.013579713,-5.90344972599996,0],[106.01359516,-5.90344277999998,0],[106.013606407,-5.90343915999995,0],[106.013613453,-5.90343886599993,0],[106.013625974,-5.90343212499994,0],[106.013643969,-5.90341893899995,0],[106.013665281,-5.90340905799997,0],[106.01368991,-5.90340248099994,0],[106.013714652,-5.90340421399998,0],[106.01373951,-5.90341425699995,0],[106.013754188,-5.90342396299997,0],[106.013758687,-5.90343333199996,0],[106.013765593,-5.90343623999996,0],[106.013774907,-5.90343268799995,0],[106.013793899,-5.90343865799997,0],[106.013822569,-5.90345415099995,0],[106.013838156,-5.90346625099994,0],[106.013840661,-5.90347495499998,0],[106.013845348,-5.90348301899996,0],[106.013852219,-5.90349043799995,0],[106.013857843,-5.90349329599997,0],[106.013862218,-5.90349159099998,0],[106.013864556,-5.90349602599997,0],[106.013864854,-5.90350660099995,0],[106.013868228,-5.90351613599995,0],[106.013874678,-5.90352462999994,0],[106.013880152,-5.90352584599998,0],[106.01388465,-5.90351978299998,0],[106.013891399,-5.90352127599994,0],[106.013900396,-5.90353032399997,0],[106.013909587,-5.90353229099998,0],[106.013918971,-5.90352717799993,0],[106.013929581,-5.90352705999993,0],[106.013941416,-5.90353194099993,0],[106.013948525,-5.90354337899993,0],[106.013950906,-5.90356137399993,0],[106.013954789,-5.90357599499993,0],[106.013960175,-5.90358724199996,0],[106.013962354,-5.90362210699993,0],[106.013961326,-5.90368059099995,0],[106.01396166,-5.90371791099994,0],[106.013963356,-5.90373406999993,0],[106.013962552,-5.90374049799993,0],[106.013959248,-5.90373719699994,0],[106.013953203,-5.90373790199993,0],[106.013944416,-5.90374261399995,0],[106.013940239,-5.90375104799995,0],[106.013940669,-5.90376320299993,0],[106.013938525,-5.90376566599997,0],[106.013933807,-5.90375843499993,0],[106.013928715,-5.90375872299995,0],[106.01392325,-5.90376653299995,0],[106.013913387,-5.90377215599995,0],[106.013899126,-5.90377559399997,0],[106.013889382,-5.90377393899996,0],[106.013884154,-5.90376718999994,0],[106.013877257,-5.90376565699995,0],[106.01386869,-5.90376933799996,0],[106.01386177,-5.90377496299993,0],[106.013856498,-5.90378252699998,0],[106.013853124,-5.90379253699996,0],[106.013851648,-5.90380499199995,0],[106.013856648,-5.90381961299994,0],[106.013868123,-5.90383639999993,0],[106.013873676,-5.90384929199996,0],[106.013873307,-5.90385828899997,0],[106.013876211,-5.90386426599997,0],[106.013882388,-5.90386722299996,0],[106.013888081,-5.90387369999996,0],[106.013893292,-5.90388369699997,0],[106.01390087,-5.90388784199996,0],[106.013910817,-5.90388613499994,0],[106.0139218,-5.90388217199995,0],[106.01393382,-5.90387594999993,0],[106.013943085,-5.90388157399997,0],[106.013949597,-5.90389904099993,0],[106.013947149,-5.90391677299993,0],[106.013935744,-5.90393476799994,0],[106.013931628,-5.90394713399996,0],[106.0139348,-5.90395387099994,0],[106.013939759,-5.90395309199994,0],[106.013946507,-5.90394479699995,0],[106.013951494,-5.90395042599994,0],[106.013954719,-5.90396997899995,0],[106.01396079,-5.90398762699994,0],[106.013969708,-5.90400337299997,0],[106.013980222,-5.90401486599995,0],[106.013992329,-5.90402210599996,0],[106.014000878,-5.90403121199995,0],[106.014005869,-5.90404218499998,0],[106.014013263,-5.90405053599994,0],[106.01402306,-5.90405626699993,0],[106.014035099,-5.90407223699998,0],[106.014049376,-5.90409844799996,0],[106.014065605,-5.90412158099997,0],[106.014083784,-5.90414163599996,0],[106.01409533,-5.90415145899993,0],[106.014100241,-5.90415104999994,0],[106.014104867,-5.90415767399998,0],[106.014109208,-5.90417132799996,0],[106.014119476,-5.90416915299994,0],[106.014135669,-5.90415114899997,0],[106.014147271,-5.90414203799997,0],[106.014154283,-5.90414181799997,0],[106.014157126,-5.90413341599998,0],[106.014155799,-5.90411683099995,0],[106.014156344,-5.90410670899996,0],[106.01415876,-5.90410304999995,0],[106.014156932,-5.90409392099997,0],[106.014150861,-5.90407932499994,0],[106.014142202,-5.90406857599993,0],[106.014130955,-5.90406167399993,0],[106.014125951,-5.90404709799998,0],[106.01412719,-5.90402484899994,0],[106.014133902,-5.90401988599996,0],[106.01414609,-5.90403221099996,0],[106.014159138,-5.90402129899996,0],[106.014173047,-5.90398714799994,0],[106.014182435,-5.90396911899995,0],[106.014187303,-5.90396721199994,0],[106.014189786,-5.90396063499998,0],[106.014189882,-5.90394938799994,0],[106.014187487,-5.90393814099997,0],[106.014182603,-5.90392689499993,0],[106.014173201,-5.90392288599998,0],[106.014159283,-5.90392611499993,0],[106.014151393,-5.90392274099997,0],[106.01414953,-5.90391276299994,0],[106.014151779,-5.90391093399995,0],[106.014158141,-5.90391725099994,0],[106.014161747,-5.90391344999995,0],[106.0141626,-5.90389952999993,0],[106.01415478,-5.90388399999995,0],[106.014138287,-5.90386685999994,0],[106.014128864,-5.90385253299996,0],[106.014126509,-5.90384102099995,0],[106.014117213,-5.90383290299997,0],[106.014100976,-5.90382817999995,0],[106.014093607,-5.90381819099997,0],[106.01409511,-5.90380293599998,0],[106.014095356,-5.90378594299995,0],[106.014094346,-5.90376721499996,0],[106.014089847,-5.90375596799993,0],[106.01408186,-5.90375220299995,0],[106.014067982,-5.90375106299996,0],[106.014048212,-5.90375254799994,0],[106.014030836,-5.90374805999994,0],[106.014015856,-5.90373759899995,0],[106.014006792,-5.90373753199998,0],[106.014003647,-5.90374785899996,0],[106.013998023,-5.90375040599997,0],[106.013989922,-5.90374517399994,0],[106.013984053,-5.90373212699996,0],[106.013980415,-5.90371126499997,0],[106.013978833,-5.90368733899993,0],[106.013979308,-5.90366034599998,0],[106.013982691,-5.90363897699996,0],[106.013988982,-5.90362323099993,0],[106.013992321,-5.90361085999996,0],[106.013992707,-5.90360186299995,0],[106.013996156,-5.90359961399997,0],[106.014002667,-5.90360411199993,0],[106.014004622,-5.90361198499994,0],[106.014002021,-5.90362323199997,0],[106.014008216,-5.90363226799997,0],[106.014023206,-5.90363909599995,0],[106.014036363,-5.90364762799993,0],[106.01404769,-5.90365786399997,0],[106.014060008,-5.90366232299993,0],[106.01407332,-5.90366100499995,0],[106.014078455,-5.90366259599995,0],[106.014075415,-5.90366709499995,0],[106.014078882,-5.90367317399995,0],[106.014088854,-5.90368083299995,0],[106.01409468,-5.90367829799993,0],[106.014096358,-5.90366556899994,0],[106.014100277,-5.90365332099998,0],[106.014106436,-5.90364155599997,0],[106.014107768,-5.90363404799996,0],[106.014104271,-5.90363079699995,0],[106.014103387,-5.90362346899997,0],[106.014105118,-5.90361206399996,0],[106.014106322,-5.90358629099995,0],[106.014106998,-5.90354614899996,0],[106.01411071,-5.90352757499994,0],[106.014117459,-5.90353056699996,0],[106.014122331,-5.90352514299997,0],[106.014125327,-5.90351130499994,0],[106.014128912,-5.90350829699997,0],[106.014133086,-5.90351612099994,0],[106.01413313,-5.90352628499994,0],[106.014129044,-5.90353878799993,0],[106.014135019,-5.90353281699993,0],[106.014151055,-5.90350837099993,0],[106.014160025,-5.90350047599998,0],[106.014161932,-5.90350913299994,0],[106.014167643,-5.90350856899994,0],[106.014177159,-5.90349878599994,0],[106.014186301,-5.90349555699993,0],[106.01419507,-5.90349888299994,0],[106.014204543,-5.90349863299997,0],[106.014214718,-5.90349480799995,0],[106.014224303,-5.90348780399995,0],[106.014233301,-5.90347762099998,0],[106.014236187,-5.90346823599998,0],[106.014232963,-5.90345964899996,0],[106.014235893,-5.90345329899998,0],[106.014244978,-5.90344918799997,0],[106.014251089,-5.90344974699997,0],[106.014254226,-5.90345497699997,0],[106.014261418,-5.90345390499994,0],[106.014272665,-5.90344653099993,0],[106.014276039,-5.90343810399997,0],[106.01427154,-5.90342862299997,0],[106.014267182,-5.90342437499993,0],[106.014262964,-5.90342535899993,0],[106.014259344,-5.90342036799996,0],[106.014256322,-5.90340940199997,0],[106.014257182,-5.90339492199996,0],[106.014261927,-5.90337692699995,0],[106.014265469,-5.90337025699995,0],[106.014267806,-5.90337491199995,0],[106.014273969,-5.90337674199998,0],[106.01428396,-5.90337574799997,0],[106.014290786,-5.90337941499996,0],[106.014294451,-5.90338774399993,0],[106.014300781,-5.90339411099995,0],[106.014309779,-5.90339851799996,0],[106.01432233,-5.90340921399996,0],[106.014338436,-5.90342620099995,0],[106.014355728,-5.90345286799993,0],[106.014374206,-5.90348921599997,0],[106.014391604,-5.90351976099993,0],[106.01440792,-5.90354450399997,0],[106.014418486,-5.90356249899997,0],[106.014423301,-5.90357374599995,0],[106.014427861,-5.90358949099993,0],[106.014432166,-5.90360973599996,0],[106.014438532,-5.90362435599997,0],[106.014446959,-5.90363335399996,0],[106.014455056,-5.90365134899997,0],[106.014462822,-5.90367834099993,0],[106.014464998,-5.90369633599994,0],[106.01446158,-5.90370533399994,0],[106.01446277,-5.90371320599996,0],[106.014468569,-5.90371995399994,0],[106.014470353,-5.90372675699996,0],[106.014468121,-5.90373361499996,0],[106.014470436,-5.90374033999996,0],[106.014477299,-5.90374693199993,0],[106.014484012,-5.90374790999994,0],[106.014490575,-5.90374327199993,0],[106.014499573,-5.90374043099996,0],[106.014511004,-5.90373938499994,0],[106.014517093,-5.90374397599993,0],[106.01451784,-5.90375420399994,0],[106.014523463,-5.90376560999994,0],[106.014533963,-5.90377819399993,0],[106.014544915,-5.90380173299997,0],[106.014556321,-5.90383622399997,0],[106.014566443,-5.90386338799993,0],[106.014575282,-5.90388322299998,0],[106.014580097,-5.90390242299998,0],[106.014580887,-5.90392098699994,0],[106.014585386,-5.90393719199994,0],[106.014593593,-5.90395103999998,0],[106.014600381,-5.90396678499997,0],[106.014605749,-5.90398442899993,0],[106.014609773,-5.90399372599995,0],[106.014612453,-5.90399467399993,0],[106.014615164,-5.90400817099993,0],[106.014617905,-5.90403421299993,0],[106.014621604,-5.90405060999996,0],[106.014626261,-5.90405735799993,0],[106.014626776,-5.90406747999998,0],[106.014623146,-5.90408097599993,0],[106.014625546,-5.90408904099996,0],[106.014633972,-5.90409167499996,0],[106.014641023,-5.90409670799994,0],[106.014646699,-5.90410414199994,0],[106.014649581,-5.90411294699993,0],[106.014649669,-5.90412312299998,0],[106.014651844,-5.90413833399998,0],[106.014656105,-5.90415857899995,0],[106.01466125,-5.90417560299994,0],[106.014667277,-5.90418940599994,0],[106.014669799,-5.90420256199997,0],[106.014668814,-5.90421506899997,0],[106.014669237,-5.90423628399998,0],[106.014671064,-5.90426620699998,0],[106.014673651,-5.90428355499995,0],[106.014677,-5.90428832799995,0],[106.014685544,-5.90429382799994,0],[106.014699286,-5.90430005299993,0],[106.014710006,-5.90431116299993,0],[106.014717703,-5.90432715599997,0],[106.014726613,-5.90433965099993,0],[106.014727585,-5.90434051499994,0],[106.014736735,-5.90434864899993,0],[106.014742595,-5.90435793699993,0],[106.014744195,-5.90436751699997,0],[106.014747366,-5.90437201599997,0],[106.014752111,-5.90437143399993,0],[106.0147569,-5.90437789999993,0],[106.014761732,-5.90439141699994,0],[106.014774512,-5.90441141899993,0],[106.01479524,-5.90443790799998,0],[106.014806487,-5.90445596399996,0],[106.014808253,-5.90446558399998,0],[106.014815274,-5.90447257399995,0],[106.014827548,-5.90447693199997,0],[106.014838136,-5.90448473499993,0],[106.014847036,-5.90449598199996,0],[106.014854396,-5.90450205799993,0],[106.014860212,-5.90450296299997,0],[106.01486102,-5.90449846399997,0],[106.01485682,-5.90448856099994,0],[106.014857581,-5.90448324499994,0],[106.0148633,-5.90448251299995,0],[106.014858653,-5.90446515699995,0],[106.014843636,-5.90443117399997,0],[106.014832359,-5.90441169199994,0],[106.01482482,-5.90440670999993,0],[106.014820321,-5.90439945199995,0],[106.014818863,-5.90438991599996,0],[106.014812066,-5.90438208899997,0],[106.014799932,-5.90437596899994,0],[106.014793233,-5.90436796899996,0],[106.014791967,-5.90435808799998,0],[106.014787781,-5.90434428099996,0],[106.014780672,-5.90432654799997,0],[106.014778546,-5.90431434499993,0],[106.014781401,-5.90430767399994,0],[106.014782561,-5.90429404799994,0],[106.014782025,-5.90427346499996,0],[106.014780039,-5.90426092399997,0],[106.014776604,-5.90425642499997,0],[106.014773449,-5.90424405399995,0],[106.014770576,-5.90422380999996,0],[106.014761477,-5.90419873099995,0],[106.014746154,-5.90416882099993,0],[106.014734784,-5.90414260799997,0],[106.014727368,-5.90412009399995,0],[106.014719162,-5.90410063399997,0],[106.014713469,-5.90409025099996,0],[106.014710164,-5.90408422499996,0],[106.014705666,-5.90408077699993,0],[106.014705666,-5.90409028999994,0],[106.01470252,-5.90409434099996,0],[106.014696228,-5.90409292899994,0],[106.014691422,-5.90408659899992,0],[106.014688101,-5.90407535199995,0],[106.014688615,-5.90406785999994,0],[106.014692965,-5.90406412099998,0],[106.014688853,-5.90404500099993,0],[106.014676279,-5.90401050099996,0],[106.014673164,-5.90399325099997,0],[106.014679508,-5.90399325099997,0],[106.014680218,-5.90398675799997,0],[106.014680554,-5.90398368199993,0],[106.014676301,-5.90396454499995,0],[106.014667427,-5.90395184099998,0],[106.014664381,-5.90395042499995,0],[106.01465393,-5.90394556899997,0],[106.014646057,-5.90393525499996,0],[106.014643808,-5.90392089799997,0],[106.014640232,-5.90390906199997,0],[106.014635329,-5.90389974499993,0],[106.014629275,-5.90387913999996,0],[106.014626158,-5.90386534199996,0],[106.01462207,-5.90384724499995,0],[106.014615397,-5.90382805199994,0],[106.014609255,-5.90382155999993,0],[106.014604251,-5.90380918899996,0],[106.014600385,-5.90379093699994,0],[106.014595214,-5.90377811199994,0],[106.014588738,-5.90377071099994,0],[106.014585703,-5.90376396299996,0],[106.014586107,-5.90375786699997,0],[106.014582987,-5.90374864999995,0],[106.014576345,-5.90373631099993,0],[106.014569456,-5.90373293699997,0],[106.014562321,-5.90373852699997,0],[106.014560617,-5.90373472399995,0],[106.014564343,-5.90372152399993,0],[106.014563499,-5.90371185599997,0],[106.014558087,-5.90370572099994,0],[106.014555152,-5.90369769999995,0],[106.014554695,-5.90368779299996,0],[106.014542781,-5.90366752699993,0],[106.014519408,-5.90363690199996,0],[106.014505472,-5.90362416499994,0],[106.014500974,-5.90362931799996,0],[106.014495351,-5.90363118699997,0],[106.014488603,-5.90362976999995,0],[106.014482214,-5.90362215599993,0],[106.014478507,-5.90361773899997,0],[106.014465064,-5.90359509399997,0],[106.014463664,-5.90358975499993,0],[106.014461048,-5.90357978099996,0],[106.01446646,-5.90357180099994,0],[106.014467853,-5.90355832899996,0],[106.014465226,-5.90353936599996,0],[106.014460618,-5.90352650899996,0],[106.014454028,-5.90351976099993,0],[106.014449234,-5.90352144399998,0],[106.014446238,-5.90353155699995,0],[106.014439934,-5.90353380599993,0],[106.014430322,-5.90352819199995,0],[106.014424505,-5.90351751199995,0],[106.014422484,-5.90350176699997,0],[106.014426166,-5.90349149199994,0],[106.014435549,-5.90348668799993,0],[106.014434446,-5.90347673599996,0],[106.014422858,-5.90346163599997,0],[106.014416544,-5.90344829299994,0],[106.014415507,-5.90343670499993,0],[106.014409748,-5.90342222299995,0],[106.014399265,-5.90340484499995,0],[106.014393295,-5.90339143599994,0],[106.014391836,-5.90338199499996,0],[106.014385057,-5.90337302799998,0],[106.014372958,-5.90336453299994,0],[106.014360855,-5.90334982499996,0],[106.014348748,-5.90332890499997,0],[106.014338792,-5.90331489899995,0],[106.014330989,-5.90330780999994,0],[106.014321636,-5.90329455899996,0],[106.014310732,-5.90327514699993,0],[106.014301164,-5.90326182199993,0],[106.014292931,-5.90325458299998,0],[106.014287118,-5.90324646499994,0],[106.014283727,-5.90323746699994,0],[106.014274114,-5.90322397099993,0],[106.014258281,-5.90320597599998,0],[106.014244934,-5.90318576999994,0],[106.014234074,-5.90316335399996,0],[106.014224106,-5.90314881299997,0],[106.014215029,-5.90314214799997,0],[106.014209445,-5.90313187099997,0],[106.014207354,-5.90311798099998,0],[106.014203637,-5.90310890299997,0],[106.014198295,-5.90310463799995,0],[106.014192992,-5.90309543599994,0],[106.014187729,-5.90308129599993,0],[106.014176921,-5.90306330199996,0],[106.01416057,-5.90304145199997,0],[106.014149003,-5.90302033099994,0],[106.014142219,-5.90299993899993,0],[106.014138827,-5.90298261899994,0],[106.014138828,-5.90296836899995,0],[106.014141078,-5.90295833799996,0],[106.014145576,-5.90295252499993,0],[106.014148963,-5.90294172799997,0],[106.014151238,-5.90292594799996,0],[106.014161361,-5.90290707999998,0],[106.014179329,-5.90288512399997,0],[106.014193076,-5.90287162799996,0],[106.0142026,-5.90286659199995,0],[106.014219484,-5.90285396399997,0],[106.014243726,-5.90283374499995,0],[106.014259208,-5.90282322999997,0],[106.014265929,-5.90282241699992,0],[106.014277163,-5.90281509399995,0],[106.014292908,-5.90280125899994,0],[106.014307529,-5.90279125999996,0],[106.014321026,-5.90278509599995,0],[106.014330023,-5.90278327599998,0],[106.014334522,-5.90278579799997,0],[106.014341212,-5.90278151399997,0],[106.014350096,-5.90277042199995,0],[106.014359094,-5.90276598499997,0],[106.014368205,-5.90276820199995,0],[106.014377259,-5.90276768599995,0],[106.014386257,-5.90276443799996,0],[106.014390756,-5.90275853799994,0],[106.014390756,-5.90274998799993,0],[106.014397416,-5.90274484699995,0],[106.014410737,-5.90274311599995,0],[106.014420353,-5.90274009099994,0],[106.014426266,-5.90273577099993,0],[106.014429728,-5.90273712599998,0],[106.014430738,-5.90274415499994,0],[106.014437992,-5.90275164599996,0],[106.014451488,-5.90275959799993,0],[106.014461926,-5.90276202099994,0],[106.014469307,-5.90275891599993,0],[106.0144812,-5.90275977999994,0],[106.014497605,-5.90276461099995,0],[106.014517533,-5.90276122399996,0],[106.014540984,-5.90274961799997,0],[106.014556084,-5.90274902199997,0],[106.014562831,-5.90275943599994,0],[106.014570458,-5.90276725099994,0],[106.014578963,-5.90277246699998,0],[106.014585435,-5.90278045499997,0],[106.014589872,-5.90279121399993,0],[106.014597991,-5.90280431899993,0],[106.014609791,-5.90281977199993,0],[106.014621187,-5.90283664199995,0],[106.014632179,-5.90285492999993,0],[106.014643426,-5.90286689399994,0],[106.014654927,-5.90287253199995,0],[106.014664052,-5.90288084699995,0],[106.014670801,-5.90289183799996,0],[106.014678673,-5.90290107399994,0],[106.01468767,-5.90290855599994,0],[106.014695073,-5.90291823599995,0],[106.014700881,-5.90293011399996,0],[106.014714377,-5.90294777899993,0],[106.014735561,-5.90297122899995,0],[106.014752819,-5.90298818299993,0],[106.014766148,-5.90299864299993,0],[106.014781164,-5.90300676599998,0],[106.014797867,-5.90301255299994,0],[106.014808037,-5.90301805899998,0],[106.014811675,-5.90302328299992,0],[106.014827025,-5.90303110299993,0],[106.014854088,-5.90304151699996,0],[106.014863371,-5.90304424599998,0],[106.014873207,-5.90304713699993,0],[106.014884384,-5.90304796399994,0],[106.014886362,-5.90304868999993,0],[106.014892116,-5.90305080399997,0],[106.014896404,-5.90305566199993,0],[106.014905437,-5.90306010999996,0],[106.014919214,-5.90306414899993,0],[106.014935666,-5.90306513199994,0],[106.014954795,-5.90306305499996,0],[106.01497054,-5.90305986299995,0],[106.014982903,-5.90305555299994,0],[106.014989555,-5.90305152499997,0],[106.014990495,-5.90304777999995,0],[106.014998557,-5.90304337699996,0],[106.01501374,-5.90303831599994,0],[106.015030144,-5.90302997099997,0],[106.015047769,-5.90301834499996,0],[106.015059952,-5.90301348099996,0],[106.015066692,-5.90301538099993,0],[106.015081299,-5.90301089199994,0],[106.015103775,-5.90300001099996,0],[106.015120645,-5.90299036599993,0],[106.01513191,-5.90298195299994,0],[106.015137287,-5.90296870399993,0],[106.015136778,-5.90295061499995,0],[106.015138943,-5.90293898399995,0],[106.015143785,-5.90293380999998,0],[106.015152453,-5.90291780999996,0],[106.015164947,-5.90289098299996,0],[106.015153019,-5.90288297199993,0],[106.015105743,-5.90285121999995,0],[106.015089133,-5.90282527099993,0],[106.015073824,-5.90280135599994,0],[106.015014517,-5.90270870799998,0],[106.014816135,-5.90235234599993,0],[106.014766079,-5.90225997099998,0],[106.015236557,-5.90204227799995,0],[106.015247143,-5.90204001799998,0],[106.01525464,-5.90203841699997,0],[106.015264763,-5.90203379799993,0],[106.015265909,-5.90203094399993,0],[106.015266923,-5.90202841999997,0],[106.015276229,-5.90201973299997,0],[106.015292677,-5.90200773499993,0],[106.015305048,-5.90200192699996,0],[106.015313343,-5.90200230899995,0],[106.015320605,-5.90199944599993,0],[106.015326834,-5.90199333899994,0],[106.015335494,-5.90198975999994,0],[106.015346583,-5.90198870999996,0],[106.015360562,-5.90198109599993,0],[106.015377432,-5.90196692099994,0],[106.015394733,-5.90195542499993,0],[106.015412464,-5.90194660999992,0],[106.01542686,-5.90194220999996,0],[106.015437923,-5.90194222399998,0],[106.015449816,-5.90194438199995,0],[106.015462539,-5.90194868399993,0],[106.01546977,-5.90195533399998,0],[106.01547151,-5.90196433199998,0],[106.015469647,-5.90196782499993,0],[106.015464181,-5.90196581199996,0],[106.015455826,-5.90196676399995,0],[106.015444579,-5.90197067899993,0],[106.015443951,-5.90197109499996,0],[106.015437559,-5.90197532999997,0],[106.015434765,-5.90198071499998,0],[106.015438138,-5.90198604299997,0],[106.01544768,-5.90199131399993,0],[106.015454288,-5.90199063099993,0],[106.015454952,-5.90198942999996,0],[106.015457961,-5.90198399299993,0],[106.015465452,-5.90198034699995,0],[106.01547676,-5.90197969099995,0],[106.015481672,-5.90198847899995,0],[106.015480186,-5.90200671099996,0],[106.015475433,-5.90201307499996,0],[106.015467411,-5.90200757099996,0],[106.015466462,-5.90200861199997,0],[106.015465162,-5.90201003799996,0],[106.015468684,-5.90202047299994,0],[106.015476378,-5.90203028799993,0],[106.015482153,-5.90203476399995,0],[106.015488239,-5.90203948099997,0],[106.015494369,-5.90204527499998,0],[106.015501735,-5.90205223799995,0],[106.015516866,-5.90206855799994,0],[106.015525591,-5.90208120199998,0],[106.015527911,-5.90209017199993,0],[106.015527542,-5.90209918899996,0],[106.015524483,-5.90210825599996,0],[106.015519458,-5.90211391399993,0],[106.015512464,-5.90211616299996,0],[106.015515469,-5.90212589799995,0],[106.015528473,-5.90214311899996,0],[106.015539983,-5.90216134399998,0],[106.01555,-5.90218057399994,0],[106.015560588,-5.90219698199996,0],[106.015571747,-5.90221056599995,0],[106.015582097,-5.90222677699995,0],[106.015591639,-5.90224561499997,0],[106.015602034,-5.90225390199993,0],[106.015613281,-5.90225163599996,0],[106.015702279,-5.90222290899993,0],[106.015819611,-5.90215552699993,0],[106.015925941,-5.90209985099995,0],[106.01592819,-5.90210401099995,0],[106.015934939,-5.90210145599997,0],[106.015946185,-5.90209218399997,0],[106.015955183,-5.90208685699997,0],[106.015961931,-5.90208547599997,0],[106.015964839,-5.90207491699994,0],[106.015963908,-5.90205517799996,0],[106.015957459,-5.90203406099994,0],[106.015945492,-5.90201156799998,0],[106.015937201,-5.90199244799993,0],[106.015932588,-5.90197670299995,0],[106.015925665,-5.90195970999997,0],[106.01591643,-5.90194146899995,0],[106.015905218,-5.90192657199998,0],[106.01589203,-5.90191502099998,0],[106.015886916,-5.90190502099995,0],[106.015889877,-5.90189657499997,0],[106.015885743,-5.90188271399995,0],[106.015874513,-5.90186343799996,0],[106.015863785,-5.90184316799997,0],[106.015853558,-5.90182190499996,0],[106.015838986,-5.90180723399993,0],[106.015836957,-5.90180636699995,0],[106.015820068,-5.90179915199997,0],[106.01580615,-5.90178568099998,0],[106.015797231,-5.90176682099997,0],[106.015789477,-5.90175320699996,0],[106.015782888,-5.90174484199997,0],[106.015777721,-5.90173128399994,0],[106.015773978,-5.90171253499994,0],[106.015768016,-5.90169647299996,0],[106.015759836,-5.90168310099995,0],[106.015759643,-5.90166867299996,0],[106.015765439,-5.90165715799998,0],[106.015767436,-5.90165319199997,0],[106.015768394,-5.90163826699995,0],[106.015762516,-5.90162390099994,0],[106.015756567,-5.90161410499996,0],[106.015750549,-5.90160887799993,0],[106.015745105,-5.90159905799993,0],[106.015740237,-5.90158464799993,0],[106.015733946,-5.90157106999993,0],[106.015726232,-5.90155832599993,0],[106.0157168,-5.90155157899994,0],[106.015714768,-5.90155144199997,0],[106.015705649,-5.90155082599995,0],[106.015695527,-5.90154831099994,0],[106.015686433,-5.90154403299994,0],[106.015678586,-5.90153391099994,0],[106.015671988,-5.90151794499997,0],[106.015668517,-5.90149861699996,0],[106.015668174,-5.90147592599993,0],[106.015662736,-5.90145767099995,0],[106.015652201,-5.90144384899997,0],[106.015641407,-5.90142559499998,0],[106.015630353,-5.90140290699998,0],[106.015621096,-5.90138683399994,0],[106.015565782,-5.90128068899998,0],[106.015579835,-5.90127175599997,0],[106.015599784,-5.90126112299993,0],[106.015624528,-5.90124949199998,0],[106.015643647,-5.90123868599994,0],[106.015657143,-5.90122870399995,0],[106.015669514,-5.90122358799994,0],[106.015680762,-5.90122333499994,0],[106.015688634,-5.90121860099993,0],[106.015712569,-5.90120070699993,0],[106.016028962,-5.90180635199994,0],[106.016124362,-5.90201794399997,0],[106.016141392,-5.90205571499996,0],[106.016234438,-5.90221706799997,0],[106.016276765,-5.90229046699994,0],[106.016334427,-5.90239045999994,0],[106.016406179,-5.90253480999996,0],[106.016420404,-5.90255423499997,0],[106.01643086,-5.90256690099994,0],[106.016442137,-5.90258299399994,0],[106.016454236,-5.90260251399997,0],[106.016474041,-5.90262882299993,0],[106.016501553,-5.90266191999996,0],[106.016519754,-5.90268663099994,0],[106.016528646,-5.90270295599993,0],[106.016540705,-5.90271898999993,0],[106.016555933,-5.90273473599996,0],[106.01656362,-5.90273805599998,0],[106.01656377,-5.90272895099997,0],[106.016561314,-5.90272242999993,0],[106.016556253,-5.90271849199996,0],[106.016555076,-5.90271116599996,0],[106.016557781,-5.90270045199998,0],[106.016563269,-5.90269721599998,0],[106.016571537,-5.90270145599993,0],[106.016575109,-5.90270658699995,0],[106.016573984,-5.90271260599997,0],[106.016576462,-5.90272025299993,0],[106.016582542,-5.90272952499993,0],[106.016590525,-5.90273821599993,0],[106.01660041,-5.90274632499995,0],[106.016608199,-5.90274978299993,0],[106.016613892,-5.90274858799995,0],[106.01661655,-5.90275185899998,0],[106.016616172,-5.90275959899998,0],[106.016621655,-5.90276648799994,0],[106.016632999,-5.90277252599998,0],[106.016639971,-5.90277968199996,0],[106.016642572,-5.90278795699993,0],[106.016652623,-5.90279996699996,0],[106.016670126,-5.90281571299994,0],[106.016670597,-5.90281121399994,0],[106.016654034,-5.90278647099996,0],[106.016639378,-5.90276669399998,0],[106.016626628,-5.90275188199996,0],[106.016617346,-5.90273591199997,0],[106.016611529,-5.90271878299995,0],[106.016605246,-5.90270522199995,0],[106.016598499,-5.90269522599993,0],[106.016590872,-5.90268870199998,0],[106.016582367,-5.90268565099996,0],[106.016575618,-5.90266250799993,0],[106.016570627,-5.90261927099993,0],[106.016562039,-5.90258440599996,0],[106.016549852,-5.90255791199996,0],[106.016542783,-5.90253566799993,0],[106.016540832,-5.90251767299998,0],[106.016541838,-5.90249571599998,0],[106.016545802,-5.90246979699998,0],[106.016546922,-5.90245147599995,0],[106.0165452,-5.90244075499993,0],[106.016545499,-5.90242784599997,0],[106.016547818,-5.90241275199998,0],[106.016547019,-5.90240251599994,0],[106.016543099,-5.90239713799997,0],[106.01654201,-5.90238926499995,0],[106.01654375,-5.90237889799994,0],[106.016547124,-5.90237202999998,0],[106.016552132,-5.90236865999998,0],[106.016552668,-5.90234307599997,0],[106.016548732,-5.90229527699995,0],[106.016545358,-5.90226538799993,0],[106.016542546,-5.90225340699993,0],[106.016536378,-5.90223512899996,0],[106.016526853,-5.90221055299997,0],[106.016520553,-5.90219039099998,0],[106.016517478,-5.90217464599993,0],[106.016512228,-5.90216002599993,0],[106.016504803,-5.90214652999992,0],[106.016490741,-5.90212391599994,0],[106.016470039,-5.90209218599995,0],[106.016452888,-5.90205602599997,0],[106.016439287,-5.90201543599994,0],[106.016432213,-5.90198856399996,0],[106.016431669,-5.90197540799994,0],[106.016429621,-5.90196542699994,0],[106.016426071,-5.90195861899997,0],[106.016424547,-5.90192262899996,0],[106.016425048,-5.90185745799994,0],[106.016426559,-5.90181924799998,0],[106.016429081,-5.90180800099995,0],[106.016445081,-5.90178154699993,0],[106.01647456,-5.90173988199996,0],[106.016493649,-5.90170427999993,0],[106.016502347,-5.90167473899993,0],[106.016512694,-5.90165508199993,0],[106.016524687,-5.90164530999994,0],[106.016534388,-5.90162917799995,0],[106.016541795,-5.90160668399994,0],[106.016563528,-5.90157798199994,0],[106.016599588,-5.90154307199998,0],[106.016622271,-5.90151398299997,0],[106.016631575,-5.90149071399998,0],[106.016639449,-5.90147591299996,0],[106.016645888,-5.90146958299994,0],[106.01665113,-5.90145683099996,0],[106.016655172,-5.90143765599993,0],[106.016660317,-5.90142107099996,0],[106.016666564,-5.90140707599994,0],[106.016673904,-5.90139642499997,0],[106.01668234,-5.90138911499997,0],[106.016689013,-5.90137891999996,0],[106.016693925,-5.90136583899994,0],[106.016700309,-5.90135443999998,0],[106.016708163,-5.90134472199998,0],[106.01671434,-5.90134001499996,0],[106.016718839,-5.90134031799994,0],[106.016725925,-5.90133223199996,0],[106.016735599,-5.90131575699996,0],[106.016741561,-5.90129852199993,0],[106.01674381,-5.90128052699993,0],[106.016746847,-5.90126836299993,0],[106.016750669,-5.90126202699997,0],[106.016751261,-5.90125077999994,0],[106.016748626,-5.90123462199995,0],[106.016750374,-5.90122204399995,0],[106.016756507,-5.90121304699994,0],[106.016767535,-5.90120292399996,0],[106.016783455,-5.90119167799998,0],[106.016797351,-5.90117705699993,0],[106.016809222,-5.90115906199998,0],[106.01682089,-5.90114443099998,0],[106.016832357,-5.90113316399993,0],[106.016844276,-5.90111911699995,0],[106.016856648,-5.90110228799995,0],[106.016877568,-5.90108498999996,0],[106.016907038,-5.90106722399997,0],[106.016926004,-5.90105807199996,0],[106.016934465,-5.90105753299997,0],[106.016942777,-5.90105372199997,0],[106.01695094,-5.90104663899996,0],[106.016958866,-5.90104331799995,0],[106.016966554,-5.90104375799996,0],[106.016976676,-5.90105463299994,0],[106.016989232,-5.90107594299997,0],[106.017003382,-5.90108820999995,0],[106.017019128,-5.90109143399997,0],[106.017033666,-5.90109830399996,0],[106.017046995,-5.90110881799995,0],[106.017057117,-5.90111903199994,0],[106.017064032,-5.90112894499993,0],[106.017076487,-5.90113513199998,0],[106.017094482,-5.90113759199994,0],[106.017103449,-5.90114160199994,0],[106.017103387,-5.90114715999994,0],[106.01711169,-5.90115221999997,0],[106.017128358,-5.90115678199993,0],[106.017144135,-5.90116391799995,0],[106.017159019,-5.90117363099995,0],[106.017166628,-5.90117683599993,0],[106.017166962,-5.90117353499994,0],[106.017175959,-5.90117776799997,0],[106.01719362,-5.90118953599995,0],[106.017208536,-5.90119711599993,0],[106.017220705,-5.90120050599995,0],[106.017228545,-5.90120445199994,0],[106.017232215,-5.90120629899997,0],[106.017234142,-5.90120775499997,0],[106.017243067,-5.90121449499998,0],[106.017253075,-5.90121910699997,0],[106.01726139,-5.90122003899995,0],[106.017262239,-5.90122013399997,0],[106.01726608,-5.90122178699994,0],[106.01727917,-5.90122741999994,0],[106.017303869,-5.90124096499994,0],[106.017338387,-5.90125817299997,0],[106.017382725,-5.90127904299993,0],[106.017409391,-5.90128931699996,0],[106.017418389,-5.90128899599995,0],[106.017431885,-5.90129513099993,0],[106.01744988,-5.90130772299995,0],[106.017473498,-5.90131623999997,0],[106.01750274,-5.90132067999997,0],[106.017534231,-5.90132722399994,0],[106.017567971,-5.90133587099996,0],[106.017587847,-5.90134171399995,0],[106.017589322,-5.90134214799997,0],[106.017591162,-5.90134294999996,0],[106.017598284,-5.90134605499998,0],[106.017602882,-5.90134731799998,0],[106.017617672,-5.90135138199997,0],[106.017647485,-5.90135812999995,0],[106.017669996,-5.90136773599994,0],[106.017680283,-5.90137616699997,0],[106.017685205,-5.90138020099994,0],[106.017704941,-5.90139168899998,0],[106.017729199,-5.90140219999995,0],[106.017749396,-5.90140833899994,0],[106.017765528,-5.90141010599996,0],[106.01779133,-5.90141661299998,0],[106.017826801,-5.90142785999996,0],[106.017853973,-5.90143811299993,0],[106.017872846,-5.90144737299994,0],[106.017885526,-5.90145216299993,0],[106.01789201,-5.90145248299996,0],[106.017896021,-5.90145470299996,0],[106.017901934,-5.90145797499997,0],[106.017915299,-5.90146863999996,0],[106.017928013,-5.90147622199993,0],[106.017940077,-5.90148071999994,0],[106.01794914,-5.90149048199993,0],[106.01794927,-5.90149080499998,0],[106.017955203,-5.90150550799996,0],[106.017961608,-5.90151483199998,0],[106.017968356,-5.90151845199995,0],[106.017980214,-5.90152105999994,0],[106.017997181,-5.90152265799998,0],[106.01800098,-5.90152008799993,0],[106.018006095,-5.90151662799997,0],[106.018006955,-5.90150296999997,0],[106.018017825,-5.90149598899995,0],[106.018038702,-5.90149568499993,0],[106.018052282,-5.90149944899997,0],[106.018058564,-5.90150727899993,0],[106.018063954,-5.90150784799994,0],[106.018068453,-5.90150115699993,0],[106.018080825,-5.90150632299998,0],[106.018101069,-5.90152334499993,0],[106.018117939,-5.90153185799994,0],[106.018131435,-5.90153186199996,0],[106.018146842,-5.90153010199998,0],[106.01816416,-5.90152657599998,0],[106.018175407,-5.90152741399993,0],[106.018180582,-5.90153261599994,0],[106.01818476,-5.90153180999994,0],[106.018187941,-5.90152499699997,0],[106.018186817,-5.90151438999993,0],[106.018181386,-5.90149998799996,0],[106.018184514,-5.90149258099996,0],[106.0181962,-5.90149217199996,0],[106.018204073,-5.90149601099995,0],[106.018208133,-5.90150409799998,0],[106.018231532,-5.90151337599997,0],[106.018274269,-5.90152384499993,0],[106.018315877,-5.90153330099997,0],[106.018356358,-5.90154174399993,0],[106.01838009,-5.90154472299997,0],[106.018387075,-5.90154223499997,0],[106.018397201,-5.90154597999998,0],[106.018410469,-5.90155595699997,0],[106.018417418,-5.90155742399998,0],[106.018423008,-5.90155860399994,0],[106.018434817,-5.90155392099996,0],[106.018450127,-5.90155173399995,0],[106.018468939,-5.90155204399997,0],[106.01847878,-5.90155543499998,0],[106.01847965,-5.90156190699997,0],[106.018484584,-5.90156399499995,0],[106.018493581,-5.90156169899996,0],[106.018497988,-5.90155802499993,0],[106.018497804,-5.90155297499996,0],[106.018503128,-5.90155014999993,0],[106.018513962,-5.90154954899998,0],[106.018525371,-5.90155172899995,0],[106.018537355,-5.90155669199993,0],[106.018556818,-5.90156041099993,0],[106.018583758,-5.90156288799994,0],[106.018593809,-5.90155969499995,0],[106.018586973,-5.90155083099995,0],[106.018578139,-5.90154720399994,0],[106.018567305,-5.90154881499996,0],[106.018561682,-5.90154759999996,0],[106.018561269,-5.90154355799996,0],[106.018555636,-5.90154019299996,0],[106.018544785,-5.90153750399998,0],[106.018539372,-5.90152982099994,0],[106.018539399,-5.90151714499996,0],[106.018542588,-5.90150610999996,0],[106.018548941,-5.90149671399996,0],[106.018541209,-5.90148638099993,0],[106.018519392,-5.90147510999998,0],[106.018507767,-5.90147698099997,0],[106.018506335,-5.90149199799993,0],[106.018499459,-5.90150189599996,0],[106.018487141,-5.90150667799998,0],[106.018475134,-5.90150727899993,0],[106.018463439,-5.90150370399994,0],[106.018457433,-5.90150377099997,0],[106.018457117,-5.90150748099995,0],[106.018448119,-5.90150907099996,0],[106.018430441,-5.90150854099994,0],[106.018417103,-5.90150600799996,0],[106.018408106,-5.90150146899992,0],[106.018401231,-5.90149389199996,0],[106.018396477,-5.90148327599996,0],[106.018391525,-5.90147921799996,0],[106.018386376,-5.90148171899995,0],[106.018373008,-5.90148151999995,0],[106.018353228,-5.90147886299997,0],[106.018341626,-5.90147372499996,0],[106.018298603,-5.90147141099993,0],[106.018290644,-5.90146930099996,0],[106.018262736,-5.90146190299993,0],[106.018242272,-5.90145077499994,0],[106.01823642,-5.90144759299994,0],[106.018231213,-5.90143850699997,0],[106.018232195,-5.90143182499997,0],[106.018225618,-5.90142253299996,0],[106.0182101,-5.90142004899997,0],[106.018205422,-5.90141555899993,0],[106.018209831,-5.90141090799995,0],[106.018200501,-5.90140936799997,0],[106.018119477,-5.90140951599994,0],[106.018116853,-5.90140952099995,0],[106.018080981,-5.90139762099994,0],[106.018066691,-5.90138653299994,0],[106.018059754,-5.90137807899993,0],[106.018050353,-5.90136453699995,0],[106.018044729,-5.90135351799995,0],[106.018041583,-5.90134316599995,0],[106.018041527,-5.90134235399995,0],[106.018040916,-5.90133348199993,0],[106.018033685,-5.90132429399995,0],[106.018019889,-5.90131560099996,0],[106.018007856,-5.90130514199996,0],[106.017997585,-5.90129291899996,0],[106.017991768,-5.90128335699995,0],[106.017990407,-5.90127645599995,0],[106.017980728,-5.90126644299994,0],[106.017962733,-5.90125331699994,0],[106.01795102,-5.90124666499997,0],[106.017947772,-5.90124655899996,0],[106.01794559,-5.90124648799997,0],[106.01793941,-5.90124030899995,0],[106.017932476,-5.90122813199997,0],[106.017933562,-5.90121079699998,0],[106.017942665,-5.90118830399996,0],[106.017950173,-5.90117593199994,0],[106.017950386,-5.90117585099995,0],[106.017956087,-5.90117368299997,0],[106.017956157,-5.90116312399994,0],[106.017954143,-5.90115654199997,0],[106.017950384,-5.90114425499996,0],[106.017947603,-5.90113075799997,0],[106.017947813,-5.90112263599997,0],[106.017954017,-5.90110972199994,0],[106.017966212,-5.90109201799993,0],[106.01796685,-5.90109124299994,0],[106.017977319,-5.90107852199998,0],[106.017987336,-5.90106923299993,0],[106.01799291,-5.90106130999993,0],[106.017994044,-5.90105475199994,0],[106.017991237,-5.90104678099993,0],[106.017984488,-5.90103739699993,0],[106.017963286,-5.90103141599997,0],[106.017927631,-5.90102883799995,0],[106.017904457,-5.90102385199998,0],[106.017893764,-5.90101645699997,0],[106.017882253,-5.90101190399997,0],[106.017875125,-5.90101091599996,0],[106.017869925,-5.90101019499997,0],[106.017852515,-5.90100018899994,0],[106.017830021,-5.90098189099996,0],[106.017825196,-5.90097771699993,0],[106.017809083,-5.90096377999993,0],[106.0177897,-5.90094585599996,0],[106.017774661,-5.90093620199997,0],[106.017763968,-5.90093481899993,0],[106.01775454,-5.90092707499997,0],[106.017746377,-5.90091297099997,0],[106.017740894,-5.90091083999994,0],[106.017737859,-5.90090965999997,0],[106.017728985,-5.90091714199997,0],[106.017722935,-5.90091969499997,0],[106.01771971,-5.90091731899997,0],[106.01772323,-5.90090396599993,0],[106.017733492,-5.90087963499997,0],[106.017745507,-5.90086388999993,0],[106.017759276,-5.90085672999993,0],[106.017771569,-5.90084427899995,0],[106.017782385,-5.90082653599995,0],[106.017782458,-5.90082646099995,0],[106.017792265,-5.90081641399996,0],[106.01780121,-5.90081391199993,0],[106.017812391,-5.90080478899995,0],[106.017825808,-5.90078904299997,0],[106.017832802,-5.90077069899996,0],[106.017833374,-5.90074975799996,0],[106.017829938,-5.90073568299994,0],[106.017822495,-5.90072847399995,0],[106.017809891,-5.90072994799993,0],[106.017792124,-5.90074010299998,0],[106.017783935,-5.90074612999996,0],[106.01775378,-5.90075533999993,0],[106.017739893,-5.90076464699996,0],[106.017735877,-5.90076733899997,0],[106.017720732,-5.90078103799993,0],[106.017719201,-5.90078706799994,0],[106.017713604,-5.90078986699996,0],[106.017700613,-5.90079099199994,0],[106.017680228,-5.90079044199996,0],[106.017669072,-5.90079153399995,0],[106.017658269,-5.90080337799998,0],[106.017637674,-5.90081467599992,0],[106.017637701,-5.90081485099995,0],[106.017636849,-5.90082622999995,0],[106.017632895,-5.90083445699997,0],[106.017621886,-5.90084245399993,0],[106.017603821,-5.90085021899995,0],[106.017586678,-5.90086200599995,0],[106.017570458,-5.90087781099993,0],[106.017557546,-5.90088656899997,0],[106.017557309,-5.90088661099998,0],[106.017548859,-5.90088811899994,0],[106.017548486,-5.90088853599997,0],[106.017540136,-5.90089692699996,0],[106.017463685,-5.90096596699993,0],[106.017457819,-5.90097126499995,0],[106.017429189,-5.90099883899995,0],[106.017423033,-5.90099796999993,0],[106.017421082,-5.90099769399995,0],[106.017419514,-5.90099502399994,0],[106.017403768,-5.90098265199993,0],[106.017396845,-5.90096588099993,0],[106.017398742,-5.90094471199995,0],[106.017393532,-5.90093187699995,0],[106.017381213,-5.90092737799995,0],[106.01737689,-5.90091909399996,0],[106.017380563,-5.90090702299995,0],[106.017379025,-5.90089830699998,0],[106.017372277,-5.90089294499995,0],[106.017362344,-5.90088979499996,0],[106.017349226,-5.90088885699993,0],[106.01734796,-5.90088942999995,0],[106.017334706,-5.90089542399994,0],[106.017318784,-5.90090949599994,0],[106.017303909,-5.90092086199996,0],[106.017290079,-5.90092952499998,0],[106.017278731,-5.90093205699998,0],[106.017269865,-5.90092845899994,0],[106.017260934,-5.90091909099993,0],[106.017251936,-5.90090395499993,0],[106.017238485,-5.90089452899997,0],[106.017220577,-5.90089081599996,0],[106.017208206,-5.90088537199995,0],[106.01720137,-5.90087819899998,0],[106.017199362,-5.90087037199993,0],[106.017202182,-5.90086188999993,0],[106.017214444,-5.90084741799996,0],[106.017236147,-5.90082695899997,0],[106.017248936,-5.90081838399993,0],[106.017252811,-5.90082169499993,0],[106.017259669,-5.90082178799997,0],[106.01726951,-5.90081866499997,0],[106.017278929,-5.90080954499996,0],[106.017287926,-5.90079443099995,0],[106.017305034,-5.90077893599994,0],[106.017330251,-5.90076306299994,0],[106.01734145,-5.90075260699996,0],[106.017342618,-5.90075151599996,0],[106.017342135,-5.90074429299995,0],[106.017337544,-5.90073618299994,0],[106.017332323,-5.90073078199993,0],[106.017328845,-5.90072718499994,0],[106.017325919,-5.90072088299996,0],[106.017327201,-5.90071925799998,0],[106.017328766,-5.90071727499998,0],[106.017325339,-5.90070602799995,0],[106.017315639,-5.90068714299997,0],[106.017311105,-5.90067391899993,0],[106.017311738,-5.90066635499994,0],[106.017308377,-5.90065960699997,0],[106.017301023,-5.90065367499994,0],[106.017296981,-5.90064058599995,0],[106.017296251,-5.90062034099998,0],[106.017292772,-5.90060783699994,0],[106.017286542,-5.90060307399995,0],[106.017283608,-5.90059182699997,0],[106.017283968,-5.90057409799994,0],[106.017286217,-5.90056175299998,0],[106.017290355,-5.90055479699993,0],[106.017289051,-5.90054941499994,0],[106.017282303,-5.90054560999994,0],[106.017274097,-5.90053480299997,0],[106.017264431,-5.90051699399993,0],[106.017259832,-5.90050437999997,0],[106.017260297,-5.90049696199998,0],[106.01725568,-5.90049100399995,0],[106.01724598,-5.90048650399996,0],[106.017240224,-5.90048088199995,0],[106.017238414,-5.90047413299993,0],[106.017238867,-5.90046242599993,0],[106.017241581,-5.90044575999997,0],[106.017240404,-5.90043367299995,0],[106.017235335,-5.90042616299996,0],[106.017230836,-5.90041218699997,0],[106.017226908,-5.90039174299994,0],[106.017222695,-5.90038169999997,0],[106.017218196,-5.90038206099996,0],[106.017217054,-5.90037736099993,0],[106.017219269,-5.90036760199996,0],[106.017217682,-5.90036207799994,0],[106.017212296,-5.90036078799994,0],[106.01720669,-5.90035062999993,0],[106.017200865,-5.90033160199994,0],[106.017194815,-5.90031989199997,0],[106.017188542,-5.90031549999998,0],[106.017184043,-5.90030532599997,0],[106.017181319,-5.90028936899995,0],[106.017175924,-5.90027474899995,0],[106.017167859,-5.90026146399993,0],[106.017161325,-5.90025348299997,0],[106.017156326,-5.90025080599997,0],[106.017149112,-5.90024203399997,0],[106.017139684,-5.90022716699997,0],[106.01713374,-5.90021378199998,0],[106.01713128,-5.90020187699997,0],[106.017126737,-5.90019260799994,0],[106.017120112,-5.90018597499994,0],[106.017105597,-5.90017674799998,0],[106.017083191,-5.90016492499996,0],[106.017065389,-5.90015034999993,0],[106.017052192,-5.90013302299997,0],[106.01704432,-5.90011928399997,0],[106.017041771,-5.90010913599997,0],[106.017032725,-5.90008878899994,0],[106.017020939,-5.90006562699995,0],[106.017017182,-5.90005824299993,0],[106.017007486,-5.90003632499997,0],[106.017003638,-5.90002303399996,0],[106.016999037,-5.90001356999994,0],[106.016993687,-5.90000793099995,0],[106.016988389,-5.89999443499994,0],[106.016983143,-5.89997308099993,0],[106.016976395,-5.89995884999996,0],[106.016968144,-5.89995173899996,0],[106.016962095,-5.89994274099996,0],[106.016958246,-5.89993185699996,0],[106.01695851,-5.89991153199998,0],[106.016962451,-5.89988472299996,0],[106.016962885,-5.89988176699995,0],[106.016964308,-5.89986781699997,0],[106.016964836,-5.89986264699996,0],[106.016964361,-5.89985417399993,0],[106.016967151,-5.89983949299994,0],[106.016973206,-5.89981860499995,0],[106.016987976,-5.89980303599998,0],[106.017011462,-5.89979278499993,0],[106.017027528,-5.89978400099994,0],[106.017036174,-5.89977668299997,0],[106.017044996,-5.89977425699993,0],[106.017050185,-5.89977567999995,0],[106.017053994,-5.89977672399993,0],[106.017059617,-5.89977574199997,0],[106.017061866,-5.89977130999995,0],[106.017075362,-5.89976514999995,0],[106.017100105,-5.89975726199998,0],[106.0171181,-5.89974841399993,0],[106.017129347,-5.89973860799995,0],[106.017136319,-5.89972812399998,0],[106.017139016,-5.89971696199996,0],[106.017144767,-5.89971003099993,0],[106.017153571,-5.89970732899997,0],[106.017160095,-5.89971089999995,0],[106.017164339,-5.89972074399998,0],[106.01716871,-5.89972468099995,0],[106.01717321,-5.89972270899995,0],[106.017173534,-5.89971553799995,0],[106.017169685,-5.89970316699993,0],[106.017170472,-5.89969439299995,0],[106.017175894,-5.89968921999997,0],[106.017182092,-5.89968719199993,0],[106.017189069,-5.89968831299996,0],[106.017192782,-5.89968532699993,0],[106.017193229,-5.89967823499995,0],[106.017183331,-5.89967875699995,0],[106.017163087,-5.89968689299997,0],[106.017142843,-5.89969290599993,0],[106.017122599,-5.89969679399996,0],[106.017109269,-5.89969588499997,0],[106.017102856,-5.89969017799996,0],[106.017090484,-5.89968473199997,0],[106.017072155,-5.89967954799994,0],[106.017058492,-5.89967718099996,0],[106.017049494,-5.89967763199996,0],[106.017039341,-5.89967366899998,0],[106.017028033,-5.89966529299994,0],[106.017019036,-5.89966378299994,0],[106.017012349,-5.89966913999996,0],[106.017003376,-5.89966638299995,0],[106.016983099,-5.89966015199997,0],[106.016931284,-5.89963682099994,0],[106.016893657,-5.89962225599993,0],[106.016870214,-5.89961645999995,0],[106.016863506,-5.89961319999998,0],[106.016856248,-5.89960967299993,0],[106.016851758,-5.89960189699997,0],[106.016844399,-5.89959833199993,0],[106.016834172,-5.89959897899996,0],[106.016825872,-5.89959560499994,0],[106.016819503,-5.89958820999993,0],[106.016807117,-5.89958563799996,0],[106.016788719,-5.89958788599995,0],[106.016773088,-5.89958758199998,0],[106.016760224,-5.89958472499995,0],[106.016746741,-5.89958417199995,0],[106.016732638,-5.89958592499994,0],[106.01671659,-5.89958262299996,0],[106.016698595,-5.89957426599995,0],[106.016677227,-5.89956634399994,0],[106.016652484,-5.89955885699993,0],[106.016632942,-5.89955163899998,0],[106.016618603,-5.89954469099996,0],[106.01660718,-5.89954079399996,0],[106.016598675,-5.89953994899997,0],[106.016591219,-5.89953614699994,0],[106.016584813,-5.89952939099993,0],[106.016571493,-5.89952276699995,0],[106.016551258,-5.89951627699998,0],[106.016538254,-5.89950615999993,0],[106.016532481,-5.89949241399995,0],[106.016523484,-5.89948233299998,0],[106.016511262,-5.89947591699996,0],[106.016499408,-5.89946591499995,0],[106.016487925,-5.89945232599996,0],[106.016481084,-5.89943856999997,0],[106.016478887,-5.89942464599994,0],[106.016479823,-5.89940653199994,0],[106.016483891,-5.89938422599994,0],[106.016487824,-5.89936739799998,0],[106.016488338,-5.89936519999998,0],[106.016493161,-5.89934945499994,0],[106.016494286,-5.89934076699996,0],[106.016491711,-5.89933913599998,0],[106.016490077,-5.89932338999995,0],[106.016489383,-5.89929353099996,0],[106.016491219,-5.89927747499996,0],[106.016495586,-5.89927522599993,0],[106.016495301,-5.89926735399996,0],[106.016490362,-5.89925385799995,0],[106.01648886,-5.89924151399993,0],[106.016490793,-5.89923032299993,0],[106.016494027,-5.89922240599998,0],[106.016498561,-5.89921776399996,0],[106.016499211,-5.89921098799994,0],[106.016495977,-5.89920207899996,0],[106.016496412,-5.89919312499995,0],[106.016500516,-5.89918412699996,0],[106.01650048,-5.89917063099995,0],[106.016496307,-5.89915263699993,0],[106.01649476,-5.89913571099993,0],[106.016495841,-5.89911985399993,0],[106.016493759,-5.89908386399998,0],[106.016488513,-5.89902774199993,0],[106.016487006,-5.89899742999995,0],[106.016489238,-5.89899293199994,0],[106.01648879,-5.89898168499997,0],[106.016485662,-5.89896369099995,0],[106.016485016,-5.89894891799997,0],[106.016486852,-5.89893736699997,0],[106.016486492,-5.89892722799993,0],[106.016483935,-5.89891850199996,0],[106.016478769,-5.89889166199993,0],[106.016470992,-5.89884670799995,0],[106.016466269,-5.89881163499996,0],[106.0164646,-5.89878644399994,0],[106.016465567,-5.89876732399995,0],[106.016469169,-5.89875427599998,0],[106.016469108,-5.89873679299996,0],[106.016465382,-5.89871487499994,0],[106.016464543,-5.89869238199998,0],[106.01646659,-5.89866931199998,0],[106.016465954,-5.89865215399993,0],[106.016462633,-5.89864090799995,0],[106.016461046,-5.89862741199994,0],[106.016461196,-5.89861166599997,0],[106.016463304,-5.89859698499993,0],[106.016467372,-5.89858336799995,0],[106.016467746,-5.89857324599996,0],[106.016464425,-5.89856661899995,0],[106.016464711,-5.89856027899998,0],[106.016468603,-5.89855422599993,0],[106.016468357,-5.89853285699996,0],[106.016463972,-5.89849617199997,0],[106.016463586,-5.89847333099993,0],[106.016467197,-5.89846433399993,0],[106.016467456,-5.89845758599995,0],[106.016464363,-5.89845308699995,0],[106.016463708,-5.89844296399997,0],[106.016465493,-5.89842721899993,0],[106.016464446,-5.89841372299998,0],[106.016460572,-5.89840247699993,0],[106.016458278,-5.89838223199996,0],[106.016457567,-5.89835299099997,0],[106.016458867,-5.89833611999995,0],[106.01646218,-5.89833162199994,0],[106.016461736,-5.89831924999993,0],[106.016457536,-5.89829900599995,0],[106.01645823,-5.89828213599998,0],[106.016463818,-5.89826863999997,0],[106.016465,-5.89825951099994,0],[106.016461776,-5.89825475099997,0],[106.016462386,-5.89824802799995,0],[106.016466833,-5.89823934099996,0],[106.01646779,-5.89823030699995,0],[106.01646526,-5.89822092499998,0],[106.016464289,-5.89819965999993,0],[106.016464877,-5.89816651199993,0],[106.016464262,-5.89813293899994,0],[106.016462443,-5.89809894199993,0],[106.016463823,-5.89806806399997,0],[106.0164684,-5.89804030599993,0],[106.016469956,-5.89801668799993,0],[106.016468488,-5.89799720899993,0],[106.016469671,-5.89798140799996,0],[106.016473501,-5.89796928499993,0],[106.016472728,-5.89795109599993,0],[106.016467351,-5.89792684099996,0],[106.016464209,-5.89790253499996,0],[106.016463304,-5.89787818199994,0],[106.016459931,-5.89785645799998,0],[106.016427644,-5.89781752099998,0],[106.016431992,-5.89780973899997,0],[106.016494479,-5.89769788399997,0],[106.016500555,-5.89770058499994,0],[106.016504228,-5.89770649799993,0],[106.016513709,-5.89771061299996,0],[106.016528997,-5.89771293099994,0],[106.016544321,-5.89771813299996,0],[106.01655968,-5.89772621799995,0],[106.016569802,-5.89773409999998,0],[106.016574687,-5.89774177699996,0],[106.016580504,-5.89774485099997,0],[106.016587252,-5.89774332199994,0],[106.016605734,-5.89774931499994,0],[106.016635951,-5.89776282999998,0],[106.016652822,-5.89777167499994,0],[106.016656345,-5.89777584899997,0],[106.016672201,-5.89778136099994,0],[106.016700387,-5.89778820899994,0],[106.016720631,-5.89779391199994,0],[106.016732932,-5.89779847199998,0],[106.016761577,-5.89781173599994,0],[106.016806564,-5.89783370399994,0],[106.016833556,-5.89784254899996,0],[106.016842553,-5.89783826999997,0],[106.016851551,-5.89784082699992,0],[106.016860549,-5.89785021899996,0],[106.016873751,-5.89785348399994,0],[106.016883844,-5.89785182299994,0],[106.016960413,-5.89788375399996,0],[106.016970455,-5.89788497799998,0],[106.016989887,-5.89789312799996,0],[106.017005632,-5.89790660799997,0],[106.017019128,-5.89791474899994,0],[106.017030375,-5.89791754799995,0],[106.017038248,-5.89792378899995,0],[106.017042747,-5.89793347199998,0],[106.017052868,-5.89793864699993,0],[106.017068614,-5.89793931399993,0],[106.017088023,-5.89793614799993,0],[106.017111097,-5.89792915099997,0],[106.017130783,-5.89792086299997,0],[106.017147083,-5.89791128299993,0],[106.017156717,-5.89790292299995,0],[106.017159687,-5.89789578299997,0],[106.017165038,-5.89789240899995,0],[106.01717277,-5.89789280099995,0],[106.017176596,-5.89788962299997,0],[106.017176518,-5.89788287499994,0],[106.01717809,-5.89788079299996,0],[106.017184096,-5.89787283699997,0],[106.017199332,-5.89785950799995,0],[106.017211448,-5.89784448999995,0],[106.017220445,-5.89782777999994,0],[106.017229443,-5.89781346699993,0],[106.017238441,-5.89780155099993,0],[106.017248628,-5.89779189399997,0],[106.017260007,-5.89778449499994,0],[106.017265068,-5.89777904299996,0],[106.017263812,-5.89777553899995,0],[106.017269369,-5.89776667799993,0],[106.017271159,-5.89776462099996,0],[106.01728174,-5.89775245899995,0],[106.017290681,-5.89773952399997,0],[106.017291486,-5.89773781899993,0],[106.017291698,-5.89773772899997,0],[106.017296443,-5.89771857399995,0],[106.017296412,-5.89770182199993,0],[106.017291616,-5.89769225899994,0],[106.017282042,-5.89768509699996,0],[106.017279643,-5.89768031499995,0],[106.017270406,-5.89767692599997,0],[106.017247646,-5.89766857599994,0],[106.017241815,-5.89766349899998,0],[106.017239565,-5.89765912499996,0],[106.017229443,-5.89765261699995,0],[106.017211448,-5.89764397499994,0],[106.017198831,-5.89763912799998,0],[106.017191591,-5.89763807399993,0],[106.017182523,-5.89763161099995,0],[106.017171628,-5.89761973699996,0],[106.017164001,-5.89761454899997,0],[106.017159642,-5.89761604699993,0],[106.017149591,-5.89761255599996,0],[106.017133845,-5.89760407699993,0],[106.017119247,-5.89759329599997,0],[106.017105795,-5.89758021199998,0],[106.017104626,-5.89755790399994,0],[106.017115741,-5.89752637199996,0],[106.017115793,-5.89750835699994,0],[106.017104784,-5.89750385799994,0],[106.017096955,-5.89749685199996,0],[106.017095278,-5.89749341899994,0],[106.017095222,-5.89746287599996,0],[106.017097933,-5.89741524299995,0],[106.017099853,-5.89738149999994,0],[106.017137962,-5.89730963599993,0],[106.017184567,-5.89718763799993,0],[106.017186112,-5.89718653899996,0],[106.017204853,-5.89718364599997,0],[106.01720789,-5.89717655999993,0],[106.017195219,-5.89716528099996,0],[106.017186543,-5.89715976899993,0],[106.01718186,-5.89716002499995,0],[106.017158075,-5.89714766999998,0],[106.017115187,-5.89712270399997,0],[106.017088876,-5.89710852499996,0],[106.01707914,-5.89710513399996,0],[106.017062455,-5.89709605999997,0],[106.017038819,-5.89708130399993,0],[106.017020011,-5.89707087099993,0],[106.017006032,-5.89706476199996,0],[106.016996538,-5.89705871999996,0],[106.016991529,-5.89705274299996,0],[106.016993665,-5.89704089599996,0],[106.017002944,-5.89702317999996,0],[106.017011251,-5.89701124499993,0],[106.017018588,-5.89700508799996,0],[106.017031316,-5.89700765499992,0],[106.017049433,-5.89701894499996,0],[106.017072467,-5.89703137699996,0],[106.017100417,-5.89704495099994,0],[106.01713381,-5.89706445699994,0],[106.017172647,-5.89708989299993,0],[106.017202535,-5.89710868699996,0],[106.017223472,-5.89712083699993,0],[106.017236551,-5.89712687499997,0],[106.017241771,-5.89712680499997,0],[106.017259766,-5.89713549399994,0],[106.017290536,-5.89715293899997,0],[106.017310143,-5.89715302299993,0],[106.017318587,-5.89713574499996,0],[106.017336582,-5.89710268599993,0],[106.017355599,-5.89706896599995,0],[106.017364128,-5.89705384299998,0],[106.017376508,-5.89702712799993,0],[106.017373722,-5.89702254099996,0],[106.017364453,-5.89701714499995,0],[106.017348698,-5.89701093999997,0],[106.017327817,-5.89700059699993,0],[106.017314892,-5.89699339999993,0],[106.017301809,-5.89698611499995,0],[106.017264967,-5.89696415199995,0],[106.017217292,-5.89693471099997,0],[106.01718584,-5.89691667799997,0],[106.017170613,-5.89691005299994,0],[106.017156743,-5.89690137599996,0],[106.017144231,-5.89689064899994,0],[106.017124852,-5.89687726899996,0],[106.017098607,-5.89686123599995,0],[106.017082097,-5.89685337699996,0],[106.017075322,-5.89685369299997,0],[106.017066325,-5.89684960099993,0],[106.017055105,-5.89684109999996,0],[106.017033394,-5.89682835999997,0],[106.01700119,-5.89681138199995,0],[106.016977704,-5.89681449199998,0],[106.016962934,-5.89683769399994,0],[106.016951472,-5.89685941799996,0],[106.016943318,-5.89687966199995,0],[106.016931943,-5.89689990599993,0],[106.01691735,-5.89692014999997,0],[106.016905892,-5.89694073599998,0],[106.016897571,-5.89696166199997,0],[106.016887444,-5.89698085099997,0],[106.016875512,-5.89699830299998,0],[106.016853502,-5.89699796299993,0],[106.016821413,-5.89697982799993,0],[106.016808436,-5.89696401299994,0],[106.016814569,-5.89695051699994,0],[106.016810369,-5.89693762499996,0],[106.016800619,-5.89692938199994,0],[106.016796361,-5.89690617199994,0],[106.016799759,-5.89689990599993,0],[106.016808748,-5.89689315799995,0],[106.016815012,-5.89688191099998,0],[106.016816871,-5.89687364499997,0],[106.016844771,-5.89684117799993,0],[106.016858116,-5.89682009399996,0],[106.016882894,-5.89677792999993,0],[106.016882877,-5.89676835699993,0],[106.016833125,-5.89674547299995,0],[106.016666621,-5.89665579499996,0],[106.016613247,-5.89662429599997,0],[106.016613409,-5.89661845299997,0],[106.0165965,-5.89660377899997,0],[106.016562487,-5.89658140299997,0],[106.016545986,-5.89656350699994,0],[106.016546996,-5.89655009099994,0],[106.016532415,-5.89653427499996,0],[106.016502242,-5.89651605899996,0],[106.016479037,-5.89652368299994,0],[106.016462799,-5.89655714999998,0],[106.016446636,-5.89658537799994,0],[106.016430548,-5.89660836699994,0],[106.016419266,-5.89662745499993,0],[106.016412791,-5.89664264099997,0],[106.016398587,-5.89666715999994,0],[106.016376655,-5.89670101299993,0],[106.016359804,-5.89672914399995,0],[106.016348029,-5.89675155199996,0],[106.016340156,-5.89676296299996,0],[106.016336185,-5.89676337699996,0],[106.016329499,-5.89677356099997,0],[106.016320097,-5.89679351699994,0],[106.016312215,-5.89680708399993,0],[106.016305854,-5.89681425999993,0],[106.016290187,-5.89684358099993,0],[106.016265216,-5.89689504399996,0],[106.016250604,-5.89692221099995,0],[106.016246352,-5.89692507999996,0],[106.016236901,-5.89694319999995,0],[106.016222255,-5.89697656999994,0],[106.01620791,-5.89700112799994,0],[106.016193869,-5.89701687199994,0],[106.016187697,-5.89702776499996,0],[106.016189393,-5.89703380399993,0],[106.016217584,-5.89705032099994,0],[106.016272271,-5.89707731799996,0],[106.016317065,-5.89710016599997,0],[106.016351966,-5.89711886599997,0],[106.016362861,-5.89713995399995,0],[106.016349752,-5.89716343099997,0],[106.016333074,-5.89717319799996,0],[106.016312831,-5.89716925599993,0],[106.01627717,-5.89715189399993,0],[106.016226094,-5.89712111299997,0],[106.016186664,-5.89709904099993,0],[106.016158881,-5.89708567899993,0],[106.016138563,-5.89707330799996,0],[106.016125708,-5.89706192699992,0],[106.016104857,-5.89704566399996,0],[106.016076011,-5.89702451799997,0],[106.016060116,-5.89700989699998,0],[106.016057172,-5.89700180099993,0],[106.016064936,-5.89698425699993,0],[106.016083405,-5.89695726499997,0],[106.016094151,-5.89693814499998,0],[106.016097173,-5.89692689899994,0],[106.016103342,-5.89691452699998,0],[106.016112656,-5.89690103099997,0],[106.016120862,-5.89688528599993,0],[106.016127962,-5.89686729099998,0],[106.016128198,-5.89685443399998,0],[106.016121573,-5.89684671799995,0],[106.016109263,-5.89683684199997,0],[106.016091269,-5.89682480799996,0],[106.016066526,-5.89680987499997,0],[106.016035035,-5.89679204199996,0],[106.01601498,-5.89677829999994,0],[106.01600636,-5.89676864699993,0],[106.01600046,-5.89675594699997,0],[106.015997279,-5.89674020199993,0],[106.016000464,-5.89672476599998,0],[106.016010015,-5.89670964099997,0],[106.016024904,-5.89668265699993,0],[106.01604513,-5.89664381599994,0],[106.016058657,-5.89662104299993,0],[106.016065485,-5.89661433899994,0],[106.016067343,-5.89660870599994,0],[106.016064232,-5.89660414599996,0],[106.016067207,-5.89659587599994,0],[106.016076266,-5.89658389599992,0],[106.016087728,-5.89657471499993,0],[106.016101593,-5.89656833399994,0],[106.016114848,-5.89656706299996,0],[106.016127491,-5.89657090299994,0],[106.016145517,-5.89658023799996,0],[106.016168924,-5.89659506699996,0],[106.016195403,-5.89660917799995,0],[106.016224952,-5.89662257099997,0],[106.016244449,-5.89662601499998,0],[106.016253895,-5.89661951099993,0],[106.016261816,-5.89660816299994,0],[106.016268212,-5.89659196899993,0],[106.016276985,-5.89657345099994,0],[106.016288136,-5.89655260899997,0],[106.016297441,-5.89653798799998,0],[106.016304901,-5.89652958799996,0],[106.01631352,-5.89651414199994,0],[106.0163233,-5.89649164799994,0],[106.016330816,-5.89647854999993,0],[106.016336071,-5.89647484599993,0],[106.016347656,-5.89645464099993,0],[106.016365572,-5.89641793199996,0],[106.016379731,-5.89639166699993,0],[106.016390134,-5.89637584499997,0],[106.016398754,-5.89635964099995,0],[106.01640559,-5.89634305899995,0],[106.016417561,-5.89632082899993,0],[106.016434669,-5.89629295199995,0],[106.016451956,-5.89628098299994,0],[106.016469424,-5.89628491999997,0],[106.016496153,-5.89629690099997,0],[106.016532143,-5.89631692599994,0],[106.016555792,-5.89633378399998,0],[106.016562805,-5.89634227499994,0],[106.016562815,-5.89634774699994,0],[106.016572431,-5.89637836199995,0],[106.016590038,-5.89639718299998,0],[106.016607794,-5.89641251799998,0],[106.016669406,-5.89644770499996,0],[106.016703182,-5.89646613399998,0],[106.016709121,-5.89646780999993,0],[106.016731483,-5.89647945899998,0],[106.016770266,-5.89650108099994,0],[106.016793714,-5.89651543899993,0],[106.016801824,-5.89652253099996,0],[106.016820671,-5.89653529199995,0],[106.016850255,-5.89655371999993,0],[106.016881918,-5.89657244299997,0],[106.016915658,-5.89659146099996,0],[106.016943775,-5.89660638899994,0],[106.016966268,-5.89661722399995,0],[106.016982035,-5.89662644499998,0],[106.016991078,-5.89663405299996,0],[106.017016945,-5.89665055499995,0],[106.017059639,-5.89667595399993,0],[106.017090101,-5.89669270799993,0],[106.017108333,-5.89670081499997,0],[106.017121755,-5.89670835999993,0],[106.017130366,-5.89671534199994,0],[106.017141494,-5.89672175899994,0],[106.01715514,-5.89672761099996,0],[106.01717342,-5.89673794599997,0],[106.017196335,-5.89675276299994,0],[106.01721208,-5.89676155899997,0],[106.017220657,-5.89676433699998,0],[106.017231693,-5.89677059499996,0],[106.017245188,-5.89678033399997,0],[106.017261443,-5.89678947099998,0],[106.017280458,-5.89679800499994,0],[106.017301826,-5.89680983699998,0],[106.017325551,-5.89682496799998,0],[106.017344929,-5.89683595699995,0],[106.017359963,-5.89684280299997,0],[106.017384705,-5.89685746699996,0],[106.017411588,-5.89687500799994,0],[106.017419158,-5.89687994799993,0],[106.017445091,-5.89689337399994,0],[106.017462506,-5.89689774699997,0],[106.01748275,-5.89690678399995,0],[106.017505824,-5.89692048799998,0],[106.017519812,-5.89692602499997,0],[106.017524715,-5.89692339599998,0],[106.017524988,-5.89692263499995,0],[106.017561904,-5.89692410699996,0],[106.017590584,-5.89692405499994,0],[106.017596309,-5.89691830099997,0],[106.017611103,-5.89691530999994,0],[106.017611135,-5.89691534499997,0],[106.017619983,-5.89691581099993,0],[106.017626968,-5.89690488499997,0],[106.017633677,-5.89689825699998,0],[106.017640108,-5.89689592999997,0],[106.017646699,-5.89688967299998,0],[106.017653447,-5.89687948699998,0],[106.017663569,-5.89686933099995,0],[106.017677065,-5.89685920299996,0],[106.017684687,-5.89685035699995,0],[106.017688131,-5.89684635999993,0],[106.017696769,-5.89683079899993,0],[106.017708016,-5.89681932299993,0],[106.017721872,-5.89681193199993,0],[106.017743219,-5.89679825699994,0],[106.017772056,-5.89677829799996,0],[106.017786919,-5.89676293699995,0],[106.017787806,-5.89675217199994,0],[106.017791856,-5.89674140099993,0],[106.01779907,-5.89673062299994,0],[106.017802844,-5.89672025999994,0],[106.017803178,-5.89671031199993,0],[106.017806165,-5.89669971399996,0],[106.017811807,-5.89668846699993,0],[106.017807308,-5.89667770199998,0],[106.017792669,-5.89666742199995,0],[106.01776334,-5.89664900199995,0],[106.017719319,-5.89662244499993,0],[106.017688311,-5.89660604899996,0],[106.017670316,-5.89659981499995,0],[106.017641953,-5.89658449399997,0],[106.017603223,-5.89656008599997,0],[106.017576068,-5.89654450799998,0],[106.01756049,-5.89653775999994,0],[106.01754159,-5.89652651299997,0],[106.017519368,-5.89651076799993,0],[106.01750267,-5.89650063799996,0],[106.017491493,-5.89649612299996,0],[106.017482372,-5.89649034799993,0],[106.017475309,-5.89648331299998,0],[106.017467427,-5.89647961199995,0],[106.017458728,-5.89647924599996,0],[106.01744781,-5.89647388099996,0],[106.017439323,-5.89646970999996,0],[106.017420194,-5.89645782499997,0],[106.017409212,-5.89645100199994,0],[106.017389148,-5.89643991099996,0],[106.017379131,-5.89643643699998,0],[106.017360446,-5.89642449699994,0],[106.017333093,-5.89640408999998,0],[106.01731042,-5.89638998099997,0],[106.017292425,-5.89638216799995,0],[106.017264453,-5.89636668199995,0],[106.017226504,-5.89634352299993,0],[106.017198251,-5.89632843299995,0],[106.017179694,-5.89632140999993,0],[106.017152557,-5.89630719999997,0],[106.017116839,-5.89628580299996,0],[106.017093945,-5.89627410399993,0],[106.017083877,-5.89627210499998,0],[106.017064757,-5.89626184699995,0],[106.017036587,-5.89624332899996,0],[106.01701238,-5.89622907799998,0],[106.016992136,-5.89621909299996,0],[106.016977924,-5.89621053499997,0],[106.016969744,-5.89620340599993,0],[106.016955123,-5.89619435399993,0],[106.016934061,-5.89618337999997,0],[106.016907785,-5.89616667199994,0],[106.016876294,-5.89614422899996,0],[106.016844408,-5.89612465099998,0],[106.016812126,-5.89610793899993,0],[106.016783877,-5.89609131699996,0],[106.016759662,-5.89607478599993,0],[106.016744311,-5.89606617299995,0],[106.016737827,-5.89606547999995,0],[106.016727836,-5.89606032599994,0],[106.016714341,-5.89605070999994,0],[106.016688473,-5.89603564199996,0],[106.016650234,-5.89601512399997,0],[106.01663021,-5.89600228299997,0],[106.016628399,-5.89599712099994,0],[106.016620527,-5.89599204399997,0],[106.016606591,-5.89598705099996,0],[106.016589501,-5.89597737699995,0],[106.016569257,-5.89596302399997,0],[106.016554588,-5.89595544599996,0],[106.016545493,-5.89595464499996,0],[106.016520751,-5.89594153499996,0],[106.016480359,-5.89591611199995,0],[106.016448916,-5.89589799599997,0],[106.016426423,-5.89588718299996,0],[106.016407304,-5.89587551399995,0],[106.016391558,-5.89586298799998,0],[106.016380311,-5.89585716399995,0],[106.016373563,-5.89585804099994,0],[106.01636392,-5.89587047999993,0],[106.016351382,-5.89589448299995,0],[106.016342384,-5.89590821699994,0],[106.016336928,-5.89591168199996,0],[106.016329424,-5.89592104699994,0],[106.016319873,-5.89593631199995,0],[106.016314851,-5.89594872099997,0],[106.016314359,-5.89595827399995,0],[106.016311262,-5.89596552499995,0],[106.01630556,-5.89597047599995,0],[106.016290337,-5.89599391799993,0],[106.016265594,-5.89603585099997,0],[106.01624527,-5.89605579099998,0],[106.016229367,-5.89605373999996,0],[106.016215533,-5.89604604299996,0],[106.016203768,-5.89603270199996,0],[106.01619882,-5.89601928399998,0],[106.016200692,-5.89600578699998,0],[106.016206654,-5.89599107499993,0],[106.016216705,-5.89597514899998,0],[106.016232978,-5.89594396599995,0],[106.016255472,-5.89589752699993,0],[106.016269113,-5.89587189699995,0],[106.016273901,-5.89586707699993,0],[106.016278585,-5.89585795499994,0],[106.016283162,-5.89584453199996,0],[106.016283703,-5.89583470099996,0],[106.016280206,-5.89582845999996,0],[106.016272149,-5.89582181399993,0],[106.016259532,-5.89581476299998,0],[106.016245047,-5.89580450799997,0],[106.016228695,-5.89579105099995,0],[106.01621295,-5.89578211799994,0],[106.01619781,-5.89577771099994,0],[106.016186955,-5.89577056999997,0],[106.016180382,-5.89576069599997,0],[106.016172518,-5.89575472199994,0],[106.016163363,-5.89575264699994,0],[106.016151611,-5.89574753099993,0],[106.016137262,-5.89573937199998,0],[106.016111465,-5.89572242299994,0],[106.016074218,-5.89569668299993,0],[106.016050675,-5.89568311099993,0],[106.016040835,-5.89568170599995,0],[106.016022883,-5.89567379099998,0],[106.015996822,-5.89565936599996,0],[106.015975919,-5.89564877699996,0],[106.015960173,-5.89564202399993,0],[106.015949722,-5.89563968799996,0],[106.015944564,-5.89564176999994,0],[106.015937267,-5.89565201599993,0],[106.015927831,-5.89567042599998,0],[106.015908157,-5.89570549799993,0],[106.015878248,-5.89575723299993,0],[106.01586321,-5.89578563099997,0],[106.015863043,-5.89579069099995,0],[106.015854414,-5.89580531099995,0],[106.015837325,-5.89582949399994,0],[106.015828046,-5.89584503399993,0],[106.015826579,-5.89585193599993,0],[106.015817691,-5.89586852499997,0],[106.015801383,-5.89589480299998,0],[106.015787122,-5.89591983199995,0],[106.01577491,-5.89594360999996,0],[106.015764568,-5.89596076099997,0],[106.015756098,-5.89597128399993,0],[106.015747877,-5.89598552799993,0],[106.015739908,-5.89600349499995,0],[106.015729882,-5.89601923999993,0],[106.015717801,-5.89603276499997,0],[106.015709172,-5.89604739999993,0],[106.015703997,-5.89606314499997,0],[106.015695646,-5.89608137999994,0],[106.015684118,-5.89610210299998,0],[106.015673416,-5.89611897299994,0],[106.01566354,-5.89613199099995,0],[106.015657675,-5.89614751899995,0],[106.015655821,-5.89616555699996,0],[106.015658268,-5.89617997199997,0],[106.015665016,-5.89619076099996,0],[106.015677277,-5.89622223099997,0],[106.015695052,-5.89627437899998,0],[106.015704208,-5.89630495199998,0],[106.015704744,-5.89631394899993,0],[106.015702605,-5.89632258199993,0],[106.01569779,-5.89633084799993,0],[106.015681886,-5.89634022399997,0],[106.015654894,-5.89635070699995,0],[106.015635761,-5.89635333299998,0],[106.015624488,-5.89634810099994,0],[106.015615881,-5.89633496199997,0],[106.015609942,-5.89631391399996,0],[106.015607521,-5.89629815599994,0],[106.01560862,-5.89628769099994,0],[106.015605623,-5.89627606699997,0],[106.015598533,-5.89626328599996,0],[106.015594218,-5.89624982799995,0],[106.015592681,-5.89623569299994,0],[106.015588916,-5.89622183899996,0],[106.015582923,-5.89620826699996,0],[106.015580969,-5.89620035599995,0],[106.01558305,-5.89619810699998,0],[106.015581957,-5.89618348699997,0],[106.015577687,-5.89615649399997,0],[106.015573754,-5.89614048499993,0],[106.015570161,-5.89613545799995,0],[106.015569181,-5.89612533599995,0],[106.015570815,-5.89611011799997,0],[106.01556962,-5.89610025999997,0],[106.015565596,-5.89609576099997,0],[106.015562999,-5.89608205799993,0],[106.015561831,-5.89605914899994,0],[106.015559806,-5.89604666699995,0],[106.015556924,-5.89604461099998,0],[106.015555457,-5.89602920599998,0],[106.015555403,-5.89600045399993,0],[106.015556537,-5.89597459699996,0],[106.015558856,-5.89595163499996,0],[106.015564616,-5.89592791499996,0],[106.015573816,-5.89590343799995,0],[106.015581789,-5.89588824699996,0],[106.015588538,-5.89588234299993,0],[106.015593603,-5.89587275399998,0],[106.015596986,-5.89585948299998,0],[106.015600835,-5.89585227999993,0],[106.015605148,-5.89585114799996,0],[106.015608712,-5.89584270899996,0],[106.015611523,-5.89582696299993,0],[106.015615547,-5.89581857499996,0],[106.015620785,-5.89581754199997,0],[106.015628499,-5.89580854499997,0],[106.015638691,-5.89579158199996,0],[106.015644187,-5.89577510199996,0],[106.015644987,-5.89575910399998,0],[106.015647764,-5.89575100399998,0],[106.015652517,-5.89575080499998,0],[106.01566412,-5.89573630999996,0],[106.015682571,-5.89570752099996,0],[106.015694473,-5.89568478199993,0],[106.015699824,-5.89566809499996,0],[106.015704094,-5.89565961599993,0],[106.015707283,-5.89565934699993,0],[106.015715213,-5.89564590699996,0],[106.015727884,-5.89561929799993,0],[106.015745879,-5.89558691099995,0],[106.015769198,-5.89554874599997,0],[106.015784232,-5.89552301399993,0],[106.01579098,-5.89550971499995,0],[106.015794354,-5.89549882599994,0],[106.015794354,-5.89549034799995,0],[106.015797319,-5.89548162999995,0],[106.01580325,-5.89547267099994,0],[106.015816747,-5.89545678299993,0],[106.015837808,-5.89543396699997,0],[106.015855372,-5.89542384399994,0],[106.015869439,-5.89542641599996,0],[106.015877312,-5.89543254999995,0],[106.015878991,-5.89544224499997,0],[106.015884328,-5.89544826699995,0],[106.015893326,-5.89545061599995,0],[106.015902323,-5.89545029499993,0],[106.01591132,-5.89544730299997,0],[106.015918662,-5.89544856099997,0],[106.015924346,-5.89545406799994,0],[106.015940092,-5.89546112799997,0],[106.015965898,-5.89546974099994,0],[106.015982175,-5.89547681999994,0],[106.015988923,-5.89548236399997,0],[106.016008205,-5.89549310699994,0],[106.016040021,-5.89550904899994,0],[106.016060266,-5.89552082699993,0],[106.016068938,-5.89552843899997,0],[106.016085645,-5.89553807199997,0],[106.016110388,-5.89554972599996,0],[106.016126134,-5.89555879199997,0],[106.016132882,-5.89556527099995,0],[106.01613963,-5.89556859799995,0],[106.016146378,-5.89556877799993,0],[106.016157296,-5.89557406499995,0],[106.016172382,-5.89558445899996,0],[106.016194283,-5.89559699599994,0],[106.016222997,-5.89561167499994,0],[106.016244695,-5.89562440799995,0],[106.016259377,-5.89563519399996,0],[106.016276538,-5.89564502899998,0],[106.016296176,-5.89565391299993,0],[106.016308547,-5.89566082599993,0],[106.016313652,-5.89566576899995,0],[106.016328576,-5.89567365699997,0],[106.016353319,-5.89568448999995,0],[106.016372438,-5.89569499299995,0],[106.016385934,-5.89570516699996,0],[106.016402602,-5.89571496999997,0],[106.016422443,-5.89572440099994,0],[106.016437064,-5.89573248599993,0],[106.016446465,-5.89573922299996,0],[106.016462412,-5.89574780499993,0],[106.016484906,-5.89575823099995,0],[106.016509649,-5.89577342399997,0],[106.016536641,-5.89579338499993,0],[106.016562509,-5.89580907699997,0],[106.016587252,-5.89582050199994,0],[106.016608542,-5.89583230599993,0],[106.016626379,-5.89584448899996,0],[106.016666866,-5.89586826499993,0],[106.016730007,-5.89590363299993,0],[106.016770729,-5.89592484899993,0],[106.01678903,-5.89593191099993,0],[106.016809275,-5.89594286399995,0],[106.016831461,-5.89595770799997,0],[106.016851551,-5.89596915499993,0],[106.016869546,-5.89597720399996,0],[106.01688736,-5.89598698499998,0],[106.016904995,-5.89599849799993,0],[106.016929532,-5.89601215699997,0],[106.01696097,-5.89602796099996,0],[106.016998265,-5.89604964599994,0],[106.017041415,-5.89607720999993,0],[106.017069286,-5.89609319899995,0],[106.017081878,-5.89609761399993,0],[106.017093919,-5.89610532299997,0],[106.017105413,-5.89611632799995,0],[106.017117112,-5.89612470899993,0],[106.017129018,-5.89613046399995,0],[106.017136095,-5.89613637599996,0],[106.017138344,-5.89614244699993,0],[106.017147342,-5.89614848599996,0],[106.017163087,-5.89615449399997,0],[106.017174334,-5.89616058099995,0],[106.017181082,-5.89616674499996,0],[106.01719938,-5.89617743599996,0],[106.017229228,-5.89619265299996,0],[106.017252846,-5.89620682199995,0],[106.017270234,-5.89621994499993,0],[106.017289051,-5.89623065199993,0],[106.017309295,-5.89623894699997,0],[106.0173337,-5.89625214699993,0],[106.017362265,-5.89627025299995,0],[106.017396006,-5.89628838299996,0],[106.017425148,-5.89630197799994,0],[106.01743492,-5.89630653699993,0],[106.01746233,-5.89631736699994,0],[106.017478235,-5.89632087299998,0],[106.01748316,-5.89631853499998,0],[106.017501549,-5.89632880199997,0],[106.017551301,-5.89635168599995,0],[106.017566624,-5.89636697299994,0],[106.017585779,-5.89638608399997,0],[106.017587747,-5.89639777299993,0],[106.017580861,-5.89640110499994,0],[106.017572602,-5.89641067099996,0],[106.017570808,-5.89641564599998,0],[106.017567734,-5.89642416699996,0],[106.017567866,-5.89643548599997,0],[106.017572997,-5.89644462599995,0],[106.017596585,-5.89646191199995,0],[106.017638628,-5.89648734699995,0],[106.017662647,-5.89650414499994,0],[106.017668639,-5.89651230899995,0],[106.017680302,-5.89652112899995,0],[106.017697638,-5.89653060699993,0],[106.017702655,-5.89652273399997,0],[106.017702622,-5.89652261599997,0],[106.017710307,-5.89652370099998,0],[106.017744743,-5.89653512499996,0],[106.017754348,-5.89655999699994,0],[106.01775867,-5.89656382999993,0],[106.017767874,-5.89656861399993,0],[106.017790306,-5.89658133499995,0],[106.017814346,-5.89659595699993,0],[106.017830887,-5.89660437299995,0],[106.017839928,-5.89660658099996,0],[106.017847028,-5.89661194699994,0],[106.017852185,-5.89662047199994,0],[106.01786826,-5.89663298799996,0],[106.017895252,-5.89664949699994,0],[106.017915497,-5.89666304699995,0],[106.017928993,-5.89667363999996,0],[106.017942489,-5.89667916799993,0],[106.017955985,-5.89667963399995,0],[106.017967328,-5.89667601399998,0],[106.01797652,-5.89666830999994,0],[106.017981444,-5.89666048399994,0],[106.017982103,-5.89665253599998,0],[106.017986654,-5.89664041099996,0],[106.017995098,-5.89662410599993,0],[106.01800309,-5.89661300999995,0],[106.018010629,-5.89660712299997,0],[106.018017227,-5.89660553299996,0],[106.018022886,-5.89660823799994,0],[106.018034787,-5.89660765999997,0],[106.018052932,-5.89660379799994,0],[106.01806348,-5.89659961799993,0],[106.018068677,-5.89659755799994,0],[106.018082024,-5.89658893899997,0],[106.018104442,-5.89658358299994,0],[106.018135933,-5.89658148899997,0],[106.018141557,-5.89656961599997,0],[106.018121313,-5.89654796299993,0],[106.018107526,-5.89653561499995,0],[106.018100199,-5.89653257299994,0],[106.018096744,-5.89652953399997,0],[106.018085349,-5.89651951399998,0],[106.018062979,-5.89649643699994,0],[106.018042093,-5.89647795699995,0],[106.018022692,-5.89646407099997,0],[106.018009425,-5.89645345499997,0],[106.01800229,-5.89644610899995,0],[106.017986352,-5.89643284899995,0],[106.017961608,-5.89641367199994,0],[106.017924494,-5.89638808599994,0],[106.017875009,-5.89635608999993,0],[106.017848113,-5.89633683699998,0],[106.017843807,-5.89633032399996,0],[106.017835644,-5.89632520199996,0],[106.017823625,-5.89632147299994,0],[106.017807923,-5.89631242699994,0],[106.01778854,-5.89629806699998,0],[106.017777702,-5.89628877899997,0],[106.017776253,-5.89628611699993,0],[106.017775409,-5.89628456499997,0],[106.017764249,-5.89627548199996,0],[106.017744225,-5.89626152799997,0],[106.017730259,-5.89625063399995,0],[106.017722351,-5.89624279799995,0],[106.017694005,-5.89622131199997,0],[106.017645223,-5.89618617499997,0],[106.017616028,-5.89616270699997,0],[106.017611205,-5.89615882999993,0],[106.017591954,-5.89613927799996,0],[106.01757396,-5.89612483999997,0],[106.017557221,-5.89611551799993,0],[106.017526358,-5.89609320199997,0],[106.017481371,-5.89605789299998,0],[106.017451005,-5.89603608999994,0],[106.017435259,-5.89602779099994,0],[106.017416139,-5.89601353599994,0],[106.017393646,-5.89599332299997,0],[106.017364163,-5.89597054399997,0],[106.01732769,-5.89594519799994,0],[106.017300961,-5.89592441099995,0],[106.017283977,-5.89590818199997,0],[106.017260464,-5.89588980799994,0],[106.017230423,-5.89586929099994,0],[106.017188247,-5.89583922199995,0],[106.017133938,-5.89579959899993,0],[106.017103782,-5.89577499299997,0],[106.017097781,-5.89576540299993,0],[106.017084632,-5.89575493599995,0],[106.017064335,-5.89574359399995,0],[106.017045141,-5.89573035699993,0],[106.01702705,-5.89571522699993,0],[106.017013505,-5.89570518599993,0],[106.017004507,-5.89570023299996,0],[106.016991011,-5.89569018999993,0],[106.016973016,-5.89567505599996,0],[106.016957271,-5.89566303199996,0],[106.016943775,-5.89565411899997,0],[106.016930279,-5.89564674299993,0],[106.016916783,-5.89564090599993,0],[106.016889791,-5.89562148099998,0],[106.016849302,-5.89558846999995,0],[106.016823118,-5.89556770699994,0],[106.016811239,-5.89555919199995,0],[106.016802241,-5.89555053499993,0],[106.016796126,-5.89554173599993,0],[106.016784795,-5.89553282199995,0],[106.01676825,-5.89552379299994,0],[106.01675707,-5.89551437899996,0],[106.016751253,-5.89550458099995,0],[106.016737032,-5.89549330299997,0],[106.016714407,-5.89548054399995,0],[106.016701969,-5.89547197599995,0],[106.016699719,-5.89546760199994,0],[106.016691895,-5.89546273399998,0],[106.016678496,-5.89545737399993,0],[106.016669498,-5.89545026599995,0],[106.016664903,-5.89544140799995,0],[106.016655857,-5.89543345599998,0],[106.016642361,-5.89542640899998,0],[106.01662999,-5.89541699399996,0],[106.016618743,-5.89540521099997,0],[106.016596763,-5.89538565899994,0],[106.016564051,-5.89535833599996,0],[106.016542682,-5.89533917799997,0],[106.016532657,-5.89532818499993,0],[106.016516186,-5.89531428599997,0],[106.016493271,-5.89529748299998,0],[106.016476682,-5.89528409099995,0],[106.016466419,-5.89527411099994,0],[106.016456508,-5.89526675099995,0],[106.016446948,-5.89526200999995,0],[106.016432047,-5.89525084899998,0],[106.016411802,-5.89523326799997,0],[106.016380139,-5.89520909899994,0],[106.016337059,-5.89517834699996,0],[106.016310067,-5.89515698499997,0],[106.016299163,-5.89514501299993,0],[106.016281401,-5.89513015999995,0],[106.016256781,-5.89511242399993,0],[106.016244811,-5.89510753999997,0],[106.01623302,-5.89509577499996,0],[106.016228953,-5.89509551099997,0],[106.016229648,-5.89509089299997,0],[106.016224855,-5.89508832499996,0],[106.016213846,-5.89509264099996,0],[106.016204862,-5.89508909499995,0],[106.016197902,-5.89507768899995,0],[106.016190794,-5.89507127299993,0],[106.016183536,-5.89506984899998,0],[106.016181542,-5.89506525199994,0],[106.01618481,-5.89505748299996,0],[106.016180154,-5.89505265099996,0],[106.016167571,-5.89505075699998,0],[106.016161772,-5.89504644499993,0],[106.016162756,-5.89503971499994,0],[106.01615846,-5.89503438099996,0],[106.016148883,-5.89503044399993,0],[106.016142485,-5.89503380899993,0],[106.01613927,-5.89504447699994,0],[106.016134653,-5.89504602699998,0],[106.016128634,-5.89503845899998,0],[106.016125101,-5.89503058699995,0],[106.016124056,-5.89502240899998,0],[106.016119522,-5.89502056899994,0],[106.0161115,-5.89502506799994,0],[106.016105683,-5.89502003299998,0],[106.016102072,-5.89500546499994,0],[106.016103008,-5.89499935099997,0],[106.016108491,-5.89500168899997,0],[106.016106241,-5.89499578699997,0],[106.01609626,-5.89498164699995,0],[106.016090496,-5.89497911499996,0],[106.016088949,-5.89498819199997,0],[106.01608634,-5.89498752299994,0],[106.016082667,-5.89497710599994,0],[106.016085215,-5.89497113199997,0],[106.016093984,-5.89496959999997,0],[106.016088721,-5.89496353599998,0],[106.016069425,-5.89495293899995,0],[106.016052981,-5.89494843999995,0],[106.016039389,-5.89495003999997,0],[106.016032258,-5.89494595799994,0],[106.016031591,-5.89493619499996,0],[106.016036137,-5.89493134399993,0],[106.016045899,-5.89493140499997,0],[106.016048632,-5.89492738899997,0],[106.016044335,-5.89491929399998,0],[106.016036287,-5.89491609699996,0],[106.016024487,-5.89491779499997,0],[106.01602121,-5.89492087399998,0],[106.016026455,-5.89492533099997,0],[106.01602692,-5.89493029399995,0],[106.016022606,-5.89493576399997,0],[106.016019368,-5.89493450299994,0],[106.016017207,-5.89492651299997,0],[106.016013148,-5.89492245299994,0],[106.016007191,-5.89492232499992,0],[106.015994489,-5.89491365999993,0],[106.015975045,-5.89489645799995,0],[106.015965318,-5.89487908399997,0],[106.01596531,-5.89486153899998,0],[106.015961444,-5.89485205099993,0],[106.01595372,-5.89485062299997,0],[106.015949375,-5.89485249399996,0],[106.015948409,-5.89485766499996,0],[106.015952533,-5.89486040299994,0],[106.015961751,-5.89486071099998,0],[106.015962722,-5.89486341499997,0],[106.015955447,-5.89486851599997,0],[106.015948435,-5.89486799899993,0],[106.015941687,-5.89486186299996,0],[106.015934938,-5.89485883999993,0],[106.015928191,-5.89485892899995,0],[106.015918547,-5.89485221999996,0],[106.015906008,-5.89483871299996,0],[106.01589228,-5.89482704599993,0],[106.015877361,-5.89481721999994,0],[106.015869171,-5.89480853699996,0],[106.015867713,-5.89480099799994,0],[106.015860482,-5.89479176899994,0],[106.015847477,-5.89478084899997,0],[106.015837315,-5.89476739299994,0],[106.015829997,-5.89475140199994,0],[106.015824188,-5.89474375499998,0],[106.015819892,-5.89474445099995,0],[106.015813838,-5.89473813199993,0],[106.015806027,-5.89472479899996,0],[106.015801304,-5.89471376499995,0],[106.01579967,-5.89470503099994,0],[106.015804634,-5.89470022499995,0],[106.015816197,-5.89469934999994,0],[106.015819708,-5.89469540099998,0],[106.015815165,-5.89468838199997,0],[106.015805478,-5.89467885299996,0],[106.015790646,-5.89466681499994,0],[106.015775902,-5.89466134099996,0],[106.015761246,-5.89466243399994,0],[106.015756739,-5.89465734299995,0],[106.01576238,-5.89464606599995,0],[106.015761242,-5.89464066199997,0],[106.015753325,-5.89464113199995,0],[106.01574934,-5.89463665699998,0],[106.015749288,-5.89462723999998,0],[106.01574576,-5.89461366299997,0],[106.015738757,-5.89459592699995,0],[106.015736367,-5.89458240599993,0],[106.01573859,-5.89457310099993,0],[106.015739144,-5.89455720199993,0],[106.015738028,-5.89453470799998,0],[106.015740931,-5.89450884099995,0],[106.015747856,-5.89447959899996,0],[106.015751163,-5.89446047999996,0],[106.015750856,-5.89445148199997,0],[106.015757182,-5.89443004799995,0],[106.015770143,-5.89439617699998,0],[106.015776499,-5.89437362799993,0],[106.015776253,-5.89436240099997,0],[106.0157829,-5.89434000699993,0],[106.015796441,-5.89430644799995,0],[106.015806492,-5.89428738399994,0],[106.015813056,-5.89428281499994,0],[106.015816347,-5.89427478899995,0],[106.015816364,-5.89426330699996,0],[106.015818595,-5.89425318499997,0],[106.015823042,-5.89424442299998,0],[106.015829908,-5.89423591499997,0],[106.015839196,-5.89422766199993,0],[106.015850377,-5.89421079199997,0],[106.015863451,-5.89418530499995,0],[106.015877079,-5.89416568199994,0],[106.015891261,-5.89415192399997,0],[106.015903742,-5.89413617899993,0],[106.015914524,-5.89411844599994,0],[106.015929012,-5.89410088099993,0],[106.015947209,-5.89408348199993,0],[106.015962269,-5.89407144799998,0],[106.015974192,-5.89406477799997,0],[106.015980839,-5.89405875599994,0],[106.01598221,-5.89405338399996,0],[106.015987496,-5.89404829399996,0],[106.015996695,-5.89404348599993,0],[106.016009167,-5.89403412899998,0],[106.016024913,-5.89402022199994,0],[106.016040658,-5.89400478399995,0],[106.016056404,-5.89398781599994,0],[106.0160699,-5.89397622999996,0],[106.016081147,-5.89397002399994,0],[106.016093518,-5.89396034199996,0],[106.016107014,-5.89394718199998,0],[106.016116341,-5.89393593999995,0],[106.016121499,-5.89392661799997,0],[106.016136586,-5.89391037899998,0],[106.0161616,-5.89388722499996,0],[106.016174096,-5.89387339699994,0],[106.016174069,-5.89386889799994,0],[106.016183725,-5.89385912799997,0],[106.016203065,-5.89384408399997,0],[106.016216894,-5.89382799999993,0],[106.016225215,-5.89381087599997,0],[106.016238492,-5.89379927899995,0],[106.016256724,-5.89379320699993,0],[106.016271683,-5.89378342099997,0],[106.016283369,-5.89376992099994,0],[106.016294225,-5.89375979899995,0],[106.016304251,-5.89375305499993,0],[106.016309874,-5.89374542299993,0],[106.016311095,-5.89373690299993,0],[106.016325259,-5.89372109999994,0],[106.016352366,-5.89369801199996,0],[106.01637261,-5.89367892199994,0],[106.016385991,-5.89366382999998,0],[106.016395249,-5.89365520499996,0],[106.01640038,-5.89365304699993,0],[106.016411064,-5.89364322099993,0],[106.016427302,-5.89362572499994,0],[106.016441237,-5.89360854099994,0],[106.016452871,-5.89359166799994,0],[106.016460181,-5.89358594499993,0],[106.016463168,-5.89359137599996,0],[106.016468031,-5.89359025299996,0],[106.016474771,-5.89358257799995,0],[106.016481224,-5.89357169499993,0],[106.016487392,-5.89355760499996,0],[106.016497827,-5.89354410699997,0],[106.016512527,-5.89353119999993,0],[106.01652999,-5.89351267399996,0],[106.016550217,-5.89348852799998,0],[106.016572649,-5.89346402799993,0],[106.016597286,-5.89343917699995,0],[106.016624358,-5.89341338899993,0],[106.016653863,-5.89338666399993,0],[106.016672165,-5.89336842599994,0],[106.016679264,-5.89335867299997,0],[106.016689009,-5.89335064999995,0],[106.016701398,-5.89334435799998,0],[106.016712873,-5.89333311099995,0],[106.016723434,-5.89331690899996,0],[106.016733781,-5.89330678199997,0],[106.016743912,-5.89330272799998,0],[106.016753871,-5.89329434999996,0],[106.016763659,-5.89328164699998,0],[106.016775806,-5.89326977599995,0],[106.016790314,-5.89325873999996,0],[106.016799816,-5.89324732199998,0],[106.016804315,-5.89323552399998,0],[106.01681231,-5.89322692699994,0],[106.016823804,-5.89322153299997,0],[106.016830134,-5.89321546099995,0],[106.016831303,-5.89320871299998,0],[106.016835678,-5.89320475199997,0],[106.016843261,-5.89320357699995,0],[106.016851551,-5.89319842499998,0],[106.016860549,-5.89318929199993,0],[106.016870517,-5.89317638299997,0],[106.016881457,-5.89315969699993,0],[106.016891784,-5.89314910499996,0],[106.016901503,-5.89314460599996,0],[106.016908259,-5.89313771499997,0],[106.016912055,-5.89312842899994,0],[106.01692422,-5.89311539099998,0],[106.016944755,-5.89309859999997,0],[106.016962798,-5.89307952699994,0],[106.01697835,-5.89305817199994,0],[106.016990823,-5.89304544399994,0],[106.017000215,-5.89304133999997,0],[106.017007135,-5.89303348799996,0],[106.01701158,-5.89302188799996,0],[106.017025837,-5.89300604199997,0],[106.017049903,-5.89298594999997,0],[106.017064116,-5.89297219499997,0],[106.017068473,-5.89296477599993,0],[106.017078938,-5.89295802799995,0],[106.017095509,-5.89295194999994,0],[106.01710369,-5.89294668799994,0],[106.017103479,-5.89294224099996,0],[106.017111198,-5.89293211999995,0],[106.017126847,-5.89291632199996,0],[106.017136995,-5.89290400499993,0],[106.017141644,-5.89289516799994,0],[106.017149591,-5.89288700299994,0],[106.017160838,-5.89287950899995,0],[106.017174334,-5.89286703799996,0],[106.017190079,-5.89284959199995,0],[106.017201326,-5.89283489599995,0],[106.017208074,-5.89282295199996,0],[106.0172143,-5.89281622299995,0],[106.017220002,-5.89281470799995,0],[106.017224316,-5.89280926699996,0],[106.017227242,-5.89279990099993,0],[106.017234947,-5.89279133699995,0],[106.017247434,-5.89278357499995,0],[106.017259796,-5.89277119699995,0],[106.017272036,-5.89275420299998,0],[106.017280761,-5.89274493599993,0],[106.017285971,-5.89274339799994,0],[106.017292108,-5.89273716099996,0],[106.017299173,-5.89272622699997,0],[106.017305758,-5.89272012699996,0],[106.017311865,-5.89271886099993,0],[106.017320836,-5.89270533699994,0],[106.017332672,-5.89267955699995,0],[106.017346234,-5.89266187399994,0],[106.017361522,-5.89265228999994,0],[106.017371174,-5.89264299999996,0],[106.01737519,-5.89263400199997,0],[106.017381068,-5.89262757599994,0],[106.017388809,-5.89262372099995,0],[106.017394608,-5.89261651299995,0],[106.017398465,-5.89260595299993,0],[106.017404159,-5.89259927399996,0],[106.017411689,-5.89259647799997,0],[106.017422883,-5.89258113899996,0],[106.017437741,-5.89255325899995,0],[106.017446348,-5.89253988699994,0],[106.017448703,-5.89254102399997,0],[106.0174645,-5.89252273999995,0],[106.017493742,-5.89248503399995,0],[106.017513257,-5.89246354499994,0],[106.017523045,-5.89245827199994,0],[106.017531472,-5.89244849199997,0],[106.017538536,-5.89243420499997,0],[106.017551896,-5.89241944899993,0],[106.017571551,-5.89240422499995,0],[106.017587324,-5.89238568699994,0],[106.017599212,-5.89236383699995,0],[106.017612883,-5.89234670599996,0],[106.017628339,-5.89233429599994,0],[106.017636234,-5.89232583999996,0],[106.017636568,-5.89232134199995,0],[106.017659004,-5.89229922799996,0],[106.017703544,-5.89225949699994,0],[106.017736681,-5.89223281599993,0],[106.017758419,-5.89221918599998,0],[106.017769878,-5.89220702299997,0],[106.017771055,-5.89219632699997,0],[106.017775554,-5.89218711799998,0],[106.017783374,-5.89217939799994,0],[106.017791273,-5.89217431199995,0],[106.01779925,-5.89217186099995,0],[106.017808248,-5.89216354199993,0],[106.017818265,-5.89214935599995,0],[106.017829494,-5.89214035899994,0],[106.017841935,-5.89213654899993,0],[106.017850551,-5.89212976599993,0],[106.01785534,-5.89212000799995,0],[106.017862461,-5.89211085799997,0],[106.017871915,-5.89210231499993,0],[106.017881514,-5.89209841799993,0],[106.017891259,-5.89209916099998,0],[106.017903345,-5.89209706499997,0],[106.017917772,-5.89209212699996,0],[106.017930482,-5.89207671999998,0],[106.017941474,-5.89205084399993,0],[106.017953186,-5.89203734699993,0],[106.01796562,-5.89203623099996,0],[106.017973405,-5.89203051899995,0],[106.017976541,-5.89202021099993,0],[106.017984014,-5.89200896299997,0],[106.017995823,-5.89199677899995,0],[106.018008568,-5.89199209399993,0],[106.018022248,-5.89199490699997,0],[106.018034321,-5.89199265799994,0],[106.018044787,-5.89198534499997,0],[106.018048863,-5.89197156699993,0],[106.018046552,-5.89195132299994,0],[106.018050599,-5.89193809499994,0],[106.018061002,-5.89193188299993,0],[106.018068546,-5.89192288499993,0],[106.018073228,-5.89191110199994,0],[106.018078852,-5.89190480899993,0],[106.018085415,-5.89190400699994,0],[106.018095445,-5.89189610799997,0],[106.018108942,-5.89188111299995,0],[106.018123562,-5.89187201499993,0],[106.018139307,-5.89186881099994,0],[106.018147813,-5.89186271999995,0],[106.018149078,-5.89185374199997,0],[106.018157122,-5.89184429299996,0],[106.018171945,-5.89183437299994,0],[106.018178448,-5.89182699299994,0],[106.018176629,-5.89182215399995,0],[106.018180028,-5.89181616099995,0],[106.018188648,-5.89180901299994,0],[106.018197219,-5.89180567899996,0],[106.018205743,-5.89180615799995,0],[106.018218,-5.89180073399996,0],[106.018233991,-5.89178940899995,0],[106.018242554,-5.89177989499996,0],[106.018243687,-5.89177219499993,0],[106.018249227,-5.89176353899995,0],[106.018259174,-5.89175392499993,0],[106.018267864,-5.89175024299993,0],[106.018275297,-5.89175249299996,0],[106.018284294,-5.89174179799994,0],[106.018294856,-5.89171815799995,0],[106.018302548,-5.89170785599993,0],[106.018307373,-5.89171089199994,0],[106.018312548,-5.89170505099997,0],[106.018318074,-5.89169033299993,0],[106.018330833,-5.89167330299995,0],[106.018350822,-5.89165395799995,0],[106.01836227,-5.89164066499995,0],[106.018365179,-5.89163342399996,0],[106.018370855,-5.89162727699994,0],[106.018379299,-5.89162222299996,0],[106.018392879,-5.89160993399997,0],[106.018411594,-5.89159040899995,0],[106.018426979,-5.89157719499997,0],[106.018439034,-5.89157029099994,0],[106.018448194,-5.89156106499996,0],[106.018454459,-5.89154951799998,0],[106.018463491,-5.89154103999994,0],[106.018475292,-5.89153563399998,0],[106.01848381,-5.89152992399994,0],[106.018489047,-5.89152390899994,0],[106.018502267,-5.89151304799998,0],[106.018523469,-5.89149734099993,0],[106.018536921,-5.89148605399993,0],[106.018542623,-5.89147918499998,0],[106.01855083,-5.89147289699997,0],[106.018561541,-5.89146718999996,0],[106.018566822,-5.89146234699996,0],[106.018566672,-5.89145836599994,0],[106.018574329,-5.89144836399993,0],[106.018589794,-5.89143233799996,0],[106.01860221,-5.89142338599993,0],[106.018611576,-5.89142150899994,0],[106.018629672,-5.89140654699997,0],[106.018656497,-5.89137850299994,0],[106.018675555,-5.89136156999996,0],[106.018686846,-5.89135574999995,0],[106.018696204,-5.89134530499996,0],[106.018703628,-5.89133023499994,0],[106.018717208,-5.89131617099997,0],[106.018736942,-5.89130311199995,0],[106.018748905,-5.89129932699996,0],[106.018753097,-5.89130481799998,0],[106.018760429,-5.89130492699996,0],[106.018770903,-5.89129965299998,0],[106.018779856,-5.89129286399998,0],[106.018787289,-5.89128455699995,0],[106.018792816,-5.89127434199997,0],[106.018796436,-5.89126221699996,0],[106.018814514,-5.89124655499995,0],[106.01884705,-5.89122735399997,0],[106.018864246,-5.89121304399993,0],[106.0188661,-5.89120362399996,0],[106.018872638,-5.89119420099996,0],[106.018883858,-5.89118477799997,0],[106.018892842,-5.89118108799994,0],[106.01889959,-5.89118313199998,0],[106.018906136,-5.89117864599996,0],[106.018912479,-5.89116762999993,0],[106.018922316,-5.89115528699995,0],[106.018935645,-5.89114161699996,0],[106.01894597,-5.89113426799997,0],[106.018953289,-5.89113323999993,0],[106.01896357,-5.89112552899996,0],[106.018976811,-5.89111113499996,0],[106.018989168,-5.89110181399997,0],[106.019000644,-5.89109756599993,0],[106.019010894,-5.89109621899996,0],[106.019019918,-5.89109777099998,0],[106.019028036,-5.89109575199996,0],[106.01903525,-5.89109016399993,0],[106.019043716,-5.89107589199995,0],[106.019053434,-5.89105293599994,0],[106.019065809,-5.89103695899996,0],[106.019080843,-5.89102796199995,0],[106.019090373,-5.89101987199996,0],[106.019094396,-5.89101268899998,0],[106.019099783,-5.89100944499995,0],[106.019106531,-5.89101014099998,0],[106.019116653,-5.89100439699996,0],[106.019130149,-5.89099221499993,0],[106.019140271,-5.89098617899998,0],[106.019147019,-5.89098628999994,0],[106.019160902,-5.89098138999998,0],[106.01918192,-5.89097148299993,0],[106.019195943,-5.89096336599994,0],[106.019202972,-5.89095703999993,0],[106.019210458,-5.89095717699996,0],[106.019218401,-5.89096377899995,0],[106.019225193,-5.89096205599998,0],[106.019230834,-5.89095200899993,0],[106.01923796,-5.89094736299995,0],[106.01924657,-5.89094811699994,0],[106.019253121,-5.89094586799996,0],[106.019257611,-5.89094061399993,0],[106.019264829,-5.89093826599998,0],[106.019274775,-5.89093882099996,0],[106.019293461,-5.89093544699995,0],[106.019320883,-5.89092814299994,0],[106.019339155,-5.89092217399997,0],[106.019348275,-5.89091753799994,0],[106.01935396,-5.89091224399994,0],[106.019356209,-5.89090629199995,0],[106.01936164,-5.89090430499994,0],[106.019370251,-5.89090628299994,0],[106.019375874,-5.89090249499998,0],[106.019378509,-5.89089294299993,0],[106.019386286,-5.89088824899994,0],[106.019399202,-5.89088841799997,0],[106.019406925,-5.89089187599996,0],[106.019409456,-5.89089862399993,0],[106.019414033,-5.89090087299996,0],[106.019420658,-5.89089862399993,0],[106.019425105,-5.89089392499994,0],[106.019427371,-5.89088677399997,0],[106.019436527,-5.89088334699994,0],[106.019452572,-5.89088364099996,0],[106.019463212,-5.89088640799997,0],[106.019468449,-5.89089164899997,0],[106.019479748,-5.89089065399997,0],[106.019497111,-5.89088341999997,0],[106.019517038,-5.89087935199996,0],[106.019539532,-5.89087844799997,0],[106.019553028,-5.89087462599997,0],[106.019557527,-5.89086788599997,0],[106.019566761,-5.89086465399993,0],[106.019580732,-5.89086492699994,0],[106.019605475,-5.89086876199997,0],[106.01964099,-5.89087615799997,0],[106.019665105,-5.89088353099993,0],[106.019677819,-5.89089088099996,0],[106.019685692,-5.89089886499994,0],[106.019688723,-5.89090748399997,0],[106.019696016,-5.89090821899993,0],[106.01970757,-5.89090107299995,0],[106.019715442,-5.89089130899993,0],[106.019719634,-5.89087892799995,0],[106.019727757,-5.89087852299997,0],[106.019739812,-5.89089009499997,0],[106.019744026,-5.89089769499998,0],[106.019740396,-5.89090132199993,0],[106.019743366,-5.89090463699995,0],[106.019752936,-5.89090763899998,0],[106.019762218,-5.89091433299996,0],[106.019771215,-5.89092471899994,0],[106.019783587,-5.89093060999994,0],[106.019799332,-5.89093200299993,0],[106.019815078,-5.89094062199996,0],[106.019830823,-5.89095646599998,0],[106.019838696,-5.89096610199994,0],[106.019838696,-5.89096953399996,0],[106.01984551,-5.89097186599997,0],[106.019859138,-5.89097309799996,0],[106.01986683,-5.89097958199994,0],[106.019868588,-5.89099131899997,0],[106.019875556,-5.89099897299997,0],[106.019887734,-5.89100254499994,0],[106.01989602,-5.89100821999995,0],[106.019900413,-5.89101599999998,0],[106.019899992,-5.89102177399997,0],[106.019894754,-5.89102554099998,0],[106.019892286,-5.89103204799994,0],[106.019892584,-5.89104128999998,0],[106.019899468,-5.89105133399994,0],[106.019912938,-5.89106217899996,0],[106.019922054,-5.89106668899996,0],[106.019926816,-5.89106486499998,0],[106.019928491,-5.89107069999994,0],[106.019927075,-5.89108419599995,0],[106.019928529,-5.89109544199994,0],[106.019932853,-5.89110443999994,0],[106.019933428,-5.89111354599993,0],[106.019930257,-5.89112276099996,0],[106.019929962,-5.89113080299995,0],[106.019932546,-5.89113766999998,0],[106.019931078,-5.89114205999994,0],[106.01992556,-5.89114397199995,0],[106.019924598,-5.89115134499997,0],[106.019928191,-5.89116417699995,0],[106.01992741,-5.89117587999993,0],[106.019922252,-5.89118645199994,0],[106.019917424,-5.89119120199996,0],[106.019912925,-5.89119012899994,0],[106.019915214,-5.89119638299996,0],[106.019924291,-5.89120996199995,0],[106.019925415,-5.89121955199994,0],[106.019918588,-5.89122515099996,0],[106.019908426,-5.89123019399995,0],[106.01989493,-5.89123467799993,0],[106.019887123,-5.89124085199995,0],[106.019885006,-5.89124871299992,0],[106.01988686,-5.89125383099997,0],[106.019892686,-5.89125620799996,0],[106.019892619,-5.89126049199996,0],[106.019886662,-5.89126668299997,0],[106.01988363,-5.89128687699997,0],[106.019883525,-5.89132107099994,0],[106.019890515,-5.89134135099994,0],[106.0199046,-5.89134771399995,0],[106.019912525,-5.89135625599994,0],[106.019914292,-5.89136697599997,0],[106.019913579,-5.89137912199993,0],[106.01991039,-5.89139269499998,0],[106.01991017,-5.89140332399995,0],[106.01991292,-5.89141100899997,0],[106.019912068,-5.89142159999994,0],[106.019907613,-5.89143509599995,0],[106.019906708,-5.89145104199997,0],[106.019909353,-5.89146943899993,0],[106.019908936,-5.89147956099993,0],[106.019905456,-5.89148140799995,0],[106.019905566,-5.89149256499996,0],[106.019909265,-5.89151303099993,0],[106.019908756,-5.89152558199993,0],[106.019904037,-5.89153021599998,0],[106.019901034,-5.89153068799993,0],[106.019901146,-5.89159226699996,0],[106.019902869,-5.89159356799996,0],[106.019906875,-5.89160474899995,0],[106.019908273,-5.89162210999996,0],[106.019907346,-5.89163641299996,0],[106.019904095,-5.89164765999993,0],[106.019903396,-5.89165912099998,0],[106.01990525,-5.89167079899994,0],[106.019902803,-5.89167675799996,0],[106.019896055,-5.89167699999996,0],[106.019893806,-5.89168092699992,0],[106.019896055,-5.89168853999996,0],[106.019893511,-5.89169465899994,0],[106.019886174,-5.89169928499996,0],[106.019882339,-5.89171247199994,0],[106.019882005,-5.89173421999993,0],[106.019884707,-5.89174560099997,0],[106.019890444,-5.89174661599998,0],[106.019889781,-5.89175294399996,0],[106.019882717,-5.89176458699995,0],[106.019879667,-5.89177936599998,0],[106.019880634,-5.89179728099998,0],[106.019884008,-5.89180822499998,0],[106.01988979,-5.89181219499994,0],[106.019896925,-5.89181306399996,0],[106.019905412,-5.89181083099993,0],[106.019911036,-5.89182054799994,0],[106.019913795,-5.89184221399995,0],[106.019905918,-5.89185371699995,0],[106.019887405,-5.89185505599994,0],[106.019878855,-5.89185909899993,0],[106.01988027,-5.89186584699996,0],[106.019880529,-5.89189291799994,0],[106.019879632,-5.89194031199997,0],[106.019880234,-5.89197517699995,0],[106.019882335,-5.89199751299998,0],[106.019882014,-5.89201542899997,0],[106.019879272,-5.89202892499998,0],[106.019876579,-5.89205366799996,0],[106.019873934,-5.89208965799997,0],[106.019872199,-5.89212564799993,0],[106.019871373,-5.89216163699996,0],[106.019871312,-5.89219987699994,0],[106.019872014,-5.89224036499996,0],[106.019871453,-5.89228009499993,0],[106.019869625,-5.89231906799995,0],[106.019870204,-5.89235726499993,0],[106.019873192,-5.89239468799997,0],[106.019873649,-5.89244146799996,0],[106.019871575,-5.89249760999996,0],[106.019869155,-5.89253381099996,0],[106.019866387,-5.89255007399993,0],[106.019865174,-5.89258808699998,0],[106.019865517,-5.89264785099994,0],[106.019863254,-5.89270597899997,0],[106.019858387,-5.89276247099997,0],[106.019856361,-5.89280687099995,0],[106.019857179,-5.89283917799997,0],[106.019856067,-5.89285848199995,0],[106.019853027,-5.89286478399993,0],[106.019851933,-5.89287442999995,0],[106.019852786,-5.89288741899998,0],[106.019852956,-5.89291894599995,0],[106.019852447,-5.89296901499995,0],[106.019851555,-5.89299850999993,0],[106.019850282,-5.89300743299998,0],[106.01984848,-5.89303663699997,0],[106.019846152,-5.89308612299993,0],[106.019845294,-5.89311873899993,0],[106.01984591,-5.89313448399997,0],[106.019845084,-5.89315623199997,0],[106.019842817,-5.89318398199993,0],[106.019842251,-5.89321434799996,0],[106.019843384,-5.89324733099994,0],[106.019846635,-5.89326719599995,0],[106.019852004,-5.89327394399993,0],[106.019851903,-5.89327947899994,0],[106.019846332,-5.89328380099994,0],[106.019844754,-5.89330983899993,0],[106.019847171,-5.89335759099993,0],[106.019847707,-5.89340379099997,0],[106.019846362,-5.89344843899994,0],[106.019847184,-5.89345263099995,0],[106.019847306,-5.89351931799996,0],[106.019845049,-5.89352248999995,0],[106.019845769,-5.89354198999996,0],[106.019845119,-5.89356748499995,0],[106.019843098,-5.89359897599996,0],[106.019839918,-5.89363608999997,0],[106.019835577,-5.89367882899995,0],[106.019833481,-5.89371943799995,0],[106.019833631,-5.89375791999993,0],[106.019839452,-5.89378110599995,0],[106.019850945,-5.89378899599996,0],[106.019892602,-5.89380245199993,0],[106.019964423,-5.89382147199996,0],[106.020003655,-5.89383328399992,0],[106.020010297,-5.89383788699996,0],[106.020024997,-5.89384240399994,0],[106.020047755,-5.89384683399993,0],[106.020069255,-5.89385265799996,0],[106.0200895,-5.89385987399993,0],[106.020107494,-5.89386405199997,0],[106.02012324,-5.89386519199996,0],[106.020152965,-5.89387273199998,0],[106.020196669,-5.89388667099996,0],[106.020226969,-5.89389820899993,0],[106.020243865,-5.89390734199998,0],[106.020256879,-5.89391230299998,0],[106.020266008,-5.89391309099994,0],[106.020278621,-5.89391769799994,0],[106.020294718,-5.89392612199993,0],[106.020312713,-5.89393201699994,0],[106.020332606,-5.89393538199994,0],[106.020347051,-5.89393930999995,0],[106.020356048,-5.89394379999993,0],[106.020378542,-5.89395043299993,0],[106.020414531,-5.89395920999993,0],[106.020443773,-5.89396824999994,0],[106.020466267,-5.89397755499994,0],[106.02049101,-5.89398665699997,0],[106.020518001,-5.89399555399996,0],[106.020539362,-5.89400151899997,0],[106.020555089,-5.89400455199996,0],[106.020577583,-5.89401116299996,0],[106.020606843,-5.89402135299997,0],[106.020633844,-5.89402907699997,0],[106.020658586,-5.89403433399997,0],[106.020677706,-5.89403978699994,0],[106.020691202,-5.89404543499995,0],[106.020706948,-5.89404860099995,0],[106.020724942,-5.89404928599993,0],[106.020737314,-5.89405181799998,0],[106.020744062,-5.89405619399997,0],[106.020756412,-5.89405995799996,0],[106.020774362,-5.89406310799995,0],[106.02080335,-5.89407166199993,0],[106.020843372,-5.89408562099993,0],[106.020878571,-5.89409653099995,0],[106.020908946,-5.89410439499994,0],[106.020926071,-5.89410962099993,0],[106.020929946,-5.89411221199992,0],[106.0209469,-5.89411589999997,0],[106.020976932,-5.89412068399997,0],[106.020996051,-5.89412508399994,0],[106.021004258,-5.89412909899994,0],[106.021020732,-5.89413395999998,0],[106.021045475,-5.89413966599994,0],[106.021072674,-5.89414757299994,0],[106.021102329,-5.89415767999998,0],[106.021120324,-5.89416253999997,0],[106.021126659,-5.89416215099993,0],[106.021136386,-5.89416479799996,0],[106.021149504,-5.89417047899997,0],[106.021166791,-5.89417496199997,0],[106.021188249,-5.89417824699996,0],[106.021201933,-5.89418186099994,0],[106.021207846,-5.89418580499995,0],[106.021231048,-5.89419072699997,0],[106.021271536,-5.89419662999995,0],[106.021296003,-5.89420210099996,0],[106.021304446,-5.89420714399995,0],[106.021331561,-5.89421400999993,0],[106.021377348,-5.89422269999994,0],[106.021400993,-5.89422104399995,0],[106.021402495,-5.89420904299993,0],[106.02140912,-5.89420102099996,0],[106.021420868,-5.89419697999995,0],[106.02142494,-5.89419115899994,0],[106.021421338,-5.89418355999993,0],[106.021408255,-5.89417233799998,0],[106.021385691,-5.89415749099993,0],[106.021371448,-5.89414924199997,0],[106.021365526,-5.89414758799995,0],[106.021358558,-5.89414196499996,0],[106.021350545,-5.89413237199994,0],[106.02134305,-5.89411865499994,0],[106.021336073,-5.89410081699998,0],[106.021334755,-5.89408962699997,0],[106.021339095,-5.89408508699995,0],[106.021348708,-5.89408163499996,0],[106.021363593,-5.89407927099995,0],[106.021372203,-5.89407432599995,0],[106.021374541,-5.89406680099995,0],[106.021380595,-5.89406302799995,0],[106.021390366,-5.89406300799993,0],[106.021396907,-5.89406002299995,0],[106.021400219,-5.89405407199996,0],[106.021407863,-5.89405222199997,0],[106.021419839,-5.89405447099995,0],[106.021428328,-5.89405109699993,0],[106.021433327,-5.89404209999998,0],[106.021441283,-5.89403774399995,0],[106.021452196,-5.89403802999993,0],[106.021457921,-5.89403590399996,0],[106.021458457,-5.89403136299995,0],[106.021469848,-5.89403501099997,0],[106.021492096,-5.89404684599998,0],[106.021499178,-5.89404884299995,0],[106.021507622,-5.89405122299996,0],[106.021516426,-5.89404813999994,0],[106.021519124,-5.89403940199998,0],[106.021515715,-5.89402500899996,0],[106.021510163,-5.89401162999997,0],[106.021508816,-5.89400838299997,0],[106.021498431,-5.89398952199997,0],[106.02147928,-5.89396255999998,0],[106.021451366,-5.89392749499996,0],[106.021431051,-5.89389913399998,0],[106.021418337,-5.89387747799998,0],[106.021403594,-5.89385623499993,0],[106.02138682,-5.89383540699993,0],[106.021375889,-5.89382053299994,0],[106.021370802,-5.89381161399996,0],[106.021353931,-5.89378799399998,0],[106.021325279,-5.89374967499998,0],[106.021307183,-5.89372078899993,0],[106.021299644,-5.89370133699992,0],[106.021284874,-5.89367463699995,0],[106.021262873,-5.89364069199996,0],[106.021250602,-5.89362019699996,0],[106.021248063,-5.89361315199994,0],[106.021237796,-5.89359611699996,0],[106.021219801,-5.89356909299994,0],[106.021204767,-5.89354787299993,0],[106.021192695,-5.89353245599995,0],[106.021183697,-5.89351542199995,0],[106.021177775,-5.89349677099995,0],[106.021169581,-5.89348439999998,0],[106.021159117,-5.89347830799994,0],[106.021154486,-5.89346513899994,0],[106.02115569,-5.89344489499996,0],[106.02115305,-5.89342823799996,0],[106.021146565,-5.89341516599995,0],[106.021142387,-5.89339923199998,0],[106.021140515,-5.89338043499993,0],[106.021137857,-5.89336672599995,0],[106.021134414,-5.89335810599994,0],[106.021132111,-5.89334592399996,0],[106.021130951,-5.89333017799993,0],[106.021132752,-5.89329868699997,0],[106.021137515,-5.89325144999998,0],[106.021138213,-5.89321883499997,0],[106.021134848,-5.89320083999996,0],[106.021133873,-5.89317834699995,0],[106.021135288,-5.89315135399994,0],[106.021135032,-5.89312773599994,0],[106.021133108,-5.89310749199996,0],[106.021133328,-5.89309399599995,0],[106.021135692,-5.89308724699993,0],[106.021135485,-5.89305763099998,0],[106.021132709,-5.89300514499996,0],[106.021132182,-5.89297365499993,0],[106.021133903,-5.89296315799993,0],[106.02113353,-5.89293966399993,0],[106.021131061,-5.89290317399997,0],[106.021128351,-5.89288257599998,0],[106.021125398,-5.89287786999995,0],[106.021126523,-5.89287266599996,0],[106.021131725,-5.89286695999994,0],[106.021133275,-5.89285824099994,0],[106.021131175,-5.89284650999997,0],[106.021131483,-5.89282047399996,0],[106.021134198,-5.89278013499995,0],[106.021137497,-5.89274957099997,0],[106.021141381,-5.89272878099996,0],[106.021142848,-5.89270788699997,0],[106.021141899,-5.89268688799996,0],[106.021143006,-5.89266804199997,0],[106.02114617,-5.89265134699997,0],[106.02114779,-5.89262277599994,0],[106.02114787,-5.89258232999993,0],[106.021150475,-5.89254937599998,0],[106.021155606,-5.89252391599996,0],[106.021160083,-5.89250656799993,0],[106.021163905,-5.89249733099996,0],[106.02116485,-5.89248754699997,0],[106.021162917,-5.89247721499993,0],[106.021164498,-5.89246642499995,0],[106.021169594,-5.89245517799998,0],[106.021171436,-5.89244592999995,0],[106.02117002,-5.89243867999994,0],[106.021172512,-5.89241843599996,0],[106.021178909,-5.89238519699995,0],[106.02118223,-5.89236040299994,0],[106.021182475,-5.89234405099995,0],[106.02118429,-5.89233280399998,0],[106.021187673,-5.89232666199996,0],[106.021189412,-5.89231715599993,0],[106.02118951,-5.89230428499997,0],[106.021191249,-5.89228966399997,0],[106.021194631,-5.89227329299996,0],[106.021196165,-5.89225723499993,0],[106.021195849,-5.89224148899996,0],[106.021198717,-5.89222349499994,0],[106.021204771,-5.89220325099996,0],[106.021209586,-5.89218300699997,0],[106.021213163,-5.89216276199994,0],[106.021216527,-5.89213276099997,0],[106.021219682,-5.89209300299996,0],[106.021224431,-5.89206376199996,0],[106.021230775,-5.89204503599996,0],[106.021233091,-5.89203229899994,0],[106.021231377,-5.89202555099996,0],[106.021232436,-5.89201665199994,0],[106.021236266,-5.89200560199993,0],[106.021240796,-5.89198535799994,0],[106.021246024,-5.89195591999993,0],[106.021248954,-5.89193073199993,0],[106.021249587,-5.89190979299997,0],[106.021251156,-5.89189629699996,0],[106.02125366,-5.89189024299998,0],[106.021256397,-5.89187273499994,0],[106.021259366,-5.89184377199996,0],[106.021261173,-5.89181790499993,0],[106.021261814,-5.89179513199997,0],[106.021265636,-5.89176799999996,0],[106.021272639,-5.89173650899994,0],[106.021275727,-5.89171868799997,0],[106.021274901,-5.89171453799997,0],[106.021276496,-5.89169429399993,0],[106.021280511,-5.89165795599996,0],[106.021283829,-5.89163990499998,0],[106.021286447,-5.89164013999994,0],[106.021287022,-5.89163226699998,0],[106.021285555,-5.89161628599993,0],[106.021286455,-5.89159694599994,0],[106.021289724,-5.89157424399997,0],[106.021293894,-5.89155287499995,0],[106.021298963,-5.89153283799993,0],[106.021303435,-5.89149820699993,0],[106.021307311,-5.89144897999995,0],[106.021311528,-5.89141748999998,0],[106.021316088,-5.89140373399994,0],[106.021314305,-5.89139202499996,0],[106.021306177,-5.89138236199994,0],[106.021297281,-5.89137771399993,0],[106.021287615,-5.89137808199996,0],[106.021280621,-5.89137616599993,0],[106.021276298,-5.89137196499996,0],[106.021278772,-5.89136311599998,0],[106.021288041,-5.89134961999997,0],[106.021291187,-5.89133738699996,0],[106.021288208,-5.89132641699996,0],[106.021292742,-5.89131318099993,0],[106.021304789,-5.89129767699995,0],[106.021309428,-5.89128419299993,0],[106.02130666,-5.89127272499996,0],[106.021309902,-5.89126009299997,0],[106.021319154,-5.89124629899993,0],[106.021324778,-5.89123434099997,0],[106.021326773,-5.89122421999997,0],[106.021331746,-5.89122024599993,0],[106.021339697,-5.89122241799993,0],[106.021345673,-5.89121510699994,0],[106.02134967,-5.89119831299996,0],[106.02135235,-5.89117650999998,0],[106.021353712,-5.89114969899993,0],[106.021350667,-5.89113776999994,0],[106.021343217,-5.89114072299998,0],[106.021340044,-5.89113602599997,0],[106.021341152,-5.89112367699994,0],[106.021337778,-5.89111086299994,0],[106.021329922,-5.89109758399997,0],[106.021326795,-5.89108644499993,0],[106.021328393,-5.89107744799998,0],[106.021332555,-5.89106991599994,0],[106.021339276,-5.89106384899998,0],[106.021340897,-5.89105624699994,0],[106.021337418,-5.89104710999993,0],[106.021337075,-5.89103047099997,0],[106.021339869,-5.89100633199996,0],[106.021345641,-5.89099143899995,0],[106.021354393,-5.89098579599994,0],[106.021356642,-5.89098047199997,0],[106.02135239,-5.89097546699998,0],[106.021352675,-5.89096775499996,0],[106.0213575,-5.89095733499994,0],[106.02135677,-5.89094898499997,0],[106.021350488,-5.89094270399994,0],[106.021347439,-5.89093403499993,0],[106.021347623,-5.89092297899998,0],[106.021350018,-5.89091133799997,0],[106.021354622,-5.89089911299993,0],[106.021354907,-5.89088512799998,0],[106.021350874,-5.89086938299994,0],[106.02135202,-5.89086094499993,0],[106.021358348,-5.89085981599993,0],[106.021359959,-5.89085306799996,0],[106.021356857,-5.89084070099995,0],[106.021358545,-5.89082889399998,0],[106.021365021,-5.89081764699995,0],[106.021366497,-5.89080977399993,0],[106.021362973,-5.89080527499993,0],[106.021365056,-5.89079402899995,0],[106.021372743,-5.89077603399994,0],[106.021376755,-5.89075765299998,0],[106.021377089,-5.89073888599995,0],[106.021374682,-5.89072796599993,0],[106.021369533,-5.89072489199998,0],[106.021373091,-5.89070934699993,0],[106.021385357,-5.89068133199993,0],[106.021389359,-5.89066781399993,0],[106.021385098,-5.89066879499995,0],[106.021386415,-5.89066335599995,0],[106.021393313,-5.89065149899994,0],[106.02139714,-5.89063057999994,0],[106.021397895,-5.89060059899998,0],[106.021402104,-5.89057585599994,0],[106.021409766,-5.89055635199998,0],[106.021418122,-5.89054446299997,0],[106.021427172,-5.89054018999997,0],[106.021432356,-5.89053084199998,0],[106.021433674,-5.89051642299995,0],[106.021440308,-5.89050733199997,0],[106.021452257,-5.89050357099995,0],[106.021462063,-5.89049604699994,0],[106.021469726,-5.89048476099993,0],[106.021472845,-5.89047349599997,0],[106.021471422,-5.89046224899994,0],[106.021475977,-5.89044987699998,0],[106.021486512,-5.89043638199996,0],[106.021493471,-5.89042405299995,0],[106.021496854,-5.89041289299996,0],[106.021505012,-5.89040389599995,0],[106.021517946,-5.89039706099993,0],[106.021530049,-5.89038464599997,0],[106.021541323,-5.89036665199995,0],[106.02154952,-5.89035854499997,0],[106.021554643,-5.89036032699994,0],[106.021562665,-5.89035454099997,0],[106.021573587,-5.89034118599994,0],[106.021580656,-5.89033499099997,0],[106.021583871,-5.89033595699993,0],[106.021591906,-5.89033040199996,0],[106.021604761,-5.89031832199993,0],[106.021617963,-5.89031010099995,0],[106.021631512,-5.89030573899993,0],[106.021645008,-5.89030346899995,0],[106.021658452,-5.89030329199994,0],[106.02167642,-5.89029814499997,0],[106.021698914,-5.89028802699994,0],[106.021713535,-5.89028400799998,0],[106.021720282,-5.89028608899997,0],[106.021733669,-5.89028124999993,0],[106.021753693,-5.89026949099997,0],[106.021772813,-5.89026397599997,0],[106.021791027,-5.89026470499994,0],[106.021805758,-5.89026170999995,0],[106.021817005,-5.89025498899997,0],[106.021833875,-5.89025057399994,0],[106.021856368,-5.89024846399997,0],[106.021886735,-5.89024146099996,0],[106.021924974,-5.89022956299993,0],[106.021948821,-5.89022427899994,0],[106.021958275,-5.89022560699993,0],[106.021970647,-5.89022295699993,0],[106.021985935,-5.89021632999993,0],[106.022001452,-5.89021300199994,0],[106.022017198,-5.89021297499994,0],[106.022026503,-5.89021120199993,0],[106.022029367,-5.89020768399996,0],[106.022038162,-5.89020694399994,0],[106.022052889,-5.89020898299998,0],[106.022067202,-5.89020764399993,0],[106.022081102,-5.89020292499993,0],[106.022092178,-5.89020084899994,0],[106.022100428,-5.89020141599997,0],[106.022116363,-5.89019888399997,0],[106.022139981,-5.89019325299995,0],[106.022164597,-5.89018900199994,0],[106.022190209,-5.89018613199994,0],[106.022208182,-5.89018519899997,0],[106.022218515,-5.89018620099995,0],[106.022226897,-5.89019120999995,0],[106.022233329,-5.89020022499994,0],[106.022243284,-5.89020424799997,0],[106.022256763,-5.89020327799994,0],[106.022270136,-5.89019876999993,0],[106.022283403,-5.89019072599996,0],[106.022292401,-5.89018282799998,0],[106.022297128,-5.89017507999995,0],[106.022305115,-5.89017469099997,0],[106.022316362,-5.89018165999994,0],[106.022327649,-5.89018444999994,0],[106.022338974,-5.89018305999997,0],[106.022350608,-5.89017782599996,0],[106.022362548,-5.89016874799995,0],[106.022371401,-5.89016420899998,0],[106.022377165,-5.89016420999997,0],[106.022385556,-5.89015858499994,0],[106.022396574,-5.89014733899995,0],[106.022410664,-5.89014107999998,0],[106.022427824,-5.89013980899995,0],[106.022439093,-5.89013623899996,0],[106.02244447,-5.89013036999995,0],[106.022454104,-5.89012799499994,0],[106.022467996,-5.89012911599997,0],[106.022480565,-5.89012840599997,0],[106.022491812,-5.89012586499996,0],[106.022501934,-5.89012159799995,0],[106.022510931,-5.89011560499995,0],[106.022520052,-5.89011438699993,0],[106.022529295,-5.89011794399994,0],[106.022541816,-5.89011607599997,0],[106.022557614,-5.89010878199997,0],[106.022568738,-5.89010860999997,0],[106.022575188,-5.89011555899998,0],[106.022579537,-5.89011293899995,0],[106.022581786,-5.89010074899994,0],[106.022585309,-5.89009644699996,0],[106.022590107,-5.89010003099997,0],[106.022605896,-5.89009825599993,0],[106.022632678,-5.89009112199994,0],[106.022650523,-5.89008344299998,0],[106.022659432,-5.89007522099996,0],[106.022667261,-5.89007292799994,0],[106.022674009,-5.89007656399997,0],[106.022683007,-5.89007431799996,0],[106.022694254,-5.89006618999997,0],[106.022704375,-5.89006382999997,0],[106.022713373,-5.89006724199993,0],[106.022725745,-5.89006416799998,0],[106.02274149,-5.89005460999994,0],[106.022753861,-5.89005065499992,0],[106.022762859,-5.89005230299995,0],[106.022772981,-5.89004859699997,0],[106.022784228,-5.89003953599996,0],[106.022793441,-5.89003490699997,0],[106.022800619,-5.89003471099994,0],[106.022806467,-5.89003102099997,0],[106.02280793,-5.89002869399997,0],[106.022810078,-5.89002527999997,0],[106.022810983,-5.89002384099996,0],[106.022817516,-5.89001867799993,0],[106.022826065,-5.89001553399993,0],[106.022842153,-5.89001215999997,0],[106.022848675,-5.89001116499998,0],[106.02286578,-5.89000855599994,0],[106.022878723,-5.88999550799997,0],[106.022880981,-5.88997301399996,0],[106.022880559,-5.88995276999998,0],[106.022877458,-5.88993477499997,0],[106.022873513,-5.88992199999996,0],[106.022868724,-5.88991444599998,0],[106.022865456,-5.88991367699998,0],[106.022856135,-5.88990039599997,0],[106.022860961,-5.88989994799994,0],[106.022861646,-5.88989327499996,0],[106.022856489,-5.88988652699993,0],[106.022845488,-5.88987970299996,0],[106.022841064,-5.88986954399996,0],[106.022843216,-5.88985604799996,0],[106.02283834,-5.88984480099998,0],[106.022826435,-5.88983580299993,0],[106.022822649,-5.88982800699995,0],[106.022820974,-5.88982455699994,0],[106.022821958,-5.88981105999994,0],[106.022826224,-5.88979306499994,0],[106.022833771,-5.88977057199997,0],[106.022840642,-5.88975707499998,0],[106.022842558,-5.88975568399997,0],[106.022846836,-5.88975257699997,0],[106.02284877,-5.88974695399997,0],[106.022847739,-5.88974396599997,0],[106.022846441,-5.88974020599994,0],[106.022850083,-5.88973458199996,0],[106.022856942,-5.88973137299996,0],[106.022859696,-5.88973008399995,0],[106.022866084,-5.88972269699997,0],[106.022868123,-5.88971607199994,0],[106.022869247,-5.88971242199995,0],[106.022876307,-5.88969892599994,0],[106.022887263,-5.88968220799995,0],[106.022896441,-5.88967290499994,0],[106.022900408,-5.88967189199997,0],[106.02290384,-5.88967101599997,0],[106.022908984,-5.88966426799993,0],[106.022910538,-5.88965802999996,0],[106.022911875,-5.88965266099996,0],[106.022916667,-5.88964460799997,0],[106.022923363,-5.88964010899997,0],[106.022928249,-5.88962862499994,0],[106.022929827,-5.88961914799995,0],[106.022931324,-5.88961015599995,0],[106.022928705,-5.88960105399997,0],[106.022920393,-5.88960131999994,0],[106.022907271,-5.88959579899995,0],[106.022889337,-5.88958448999995,0],[106.02287686,-5.88957301499994,0],[106.02286984,-5.88956137299994,0],[106.022857012,-5.88955170699995,0],[106.022838375,-5.88954401799998,0],[106.022822897,-5.88953310399995,0],[106.022815522,-5.88952463999993,0],[106.022810579,-5.88951896599997,0],[106.022804688,-5.88950514799996,0],[106.022805224,-5.88949165199995,0],[106.022814304,-5.88948152999996,0],[106.02283193,-5.88947478199998,0],[106.022841516,-5.88946719099994,0],[106.022843063,-5.88945875599995,0],[106.022849459,-5.88945094099995,0],[106.022860706,-5.88944374399995,0],[106.022868579,-5.88943447799994,0],[106.022873078,-5.88942314499997,0],[106.022881903,-5.88941071599993,0],[106.022895057,-5.88939719199993,0],[106.02290075,-5.88938818099996,0],[106.022898984,-5.88938368299995,0],[106.022903198,-5.88937693499997,0],[106.02291339,-5.88936793699997,0],[106.022916694,-5.88935563799993,0],[106.022913109,-5.88934003799994,0],[106.022915341,-5.88933938899993,0],[106.022923389,-5.88935369199993,0],[106.022932347,-5.88936153399993,0],[106.022942215,-5.88936291299996,0],[106.022949683,-5.88936830699993,0],[106.022951725,-5.88937209499994,0],[106.022954753,-5.88937771399998,0],[106.022961541,-5.88938033499994,0],[106.022965593,-5.88937834999996,0],[106.022970046,-5.88937616799996,0],[106.022980717,-5.88938075199997,0],[106.022988236,-5.88938856099998,0],[106.022993554,-5.88939408299996,0],[106.023000122,-5.88940397299996,0],[106.023000421,-5.88941042299996,0],[106.023006268,-5.88941469599996,0],[106.023017664,-5.88941679199996,0],[106.023025564,-5.88942110999994,0],[106.023029966,-5.88942764999996,0],[106.02303682,-5.88942557899998,0],[106.023046125,-5.88941490099995,0],[106.023046191,-5.88941469699995,0],[106.023048659,-5.88940702799994,0],[106.023044424,-5.88940196199997,0],[106.023046731,-5.88939824599993,0],[106.023055579,-5.88939587899995,0],[106.023059537,-5.88939097399998,0],[106.023058605,-5.88938352999998,0],[106.023067181,-5.88936784199996,0],[106.023085264,-5.88934391199996,0],[106.023097965,-5.88933299399997,0],[106.023105285,-5.88933508599996,0],[106.023109405,-5.88933058699996,0],[106.023110328,-5.88931949799996,0],[106.023113781,-5.88931248599994,0],[106.023119764,-5.88930955299998,0],[106.023125572,-5.88931067699997,0],[106.023131205,-5.88931585999995,0],[106.023135242,-5.88931395299994,0],[106.023137685,-5.88930495599993,0],[106.023143237,-5.88929757999995,0],[106.023151901,-5.88929182699997,0],[106.023156641,-5.88928598299998,0],[106.023157459,-5.88928004599995,0],[106.023161461,-5.88927778099998,0],[106.023168649,-5.88927918699994,0],[106.023173872,-5.88927715799997,0],[106.023177132,-5.88927169599998,0],[106.023189863,-5.88926410599993,0],[106.023212067,-5.88925438699994,0],[106.023218503,-5.88924990499993,0],[106.023223371,-5.88924651499997,0],[106.023223424,-5.88924572199994,0],[106.023223775,-5.88924048799993,0],[106.023229583,-5.88923352199993,0],[106.023240795,-5.88922561599998,0],[106.023248035,-5.88921542399993,0],[106.023251304,-5.88920294499997,0],[106.023258346,-5.88919818399995,0],[106.023269162,-5.88920114199993,0],[106.023279961,-5.88920023399993,0],[106.023280479,-5.88920018999994,0],[106.023292297,-5.88919532999995,0],[106.023301246,-5.88918717399997,0],[106.023301304,-5.88918706499993,0],[106.023307326,-5.88917572099996,0],[106.023314017,-5.88916768799993,0],[106.023321319,-5.88916307599993,0],[106.023331682,-5.88916073399997,0],[106.023344085,-5.88916066799993,0],[106.023345108,-5.88916066299993,0],[106.023353038,-5.88915681099996,0],[106.0233537,-5.88915473499998,0],[106.023355472,-5.88914918099994,0],[106.023358939,-5.88914811499995,0],[106.023360781,-5.88915036599997,0],[106.023363437,-5.88915361399995,0],[106.023370185,-5.88915133999996,0],[106.023379183,-5.88914129299997,0],[106.023390429,-5.88913720499994,0],[106.023403926,-5.88913907799997,0],[106.023414048,-5.88913592099993,0],[106.023420286,-5.88912835399998,0],[106.023420795,-5.88912773699997,0],[106.023427544,-5.88912591599995,0],[106.023428263,-5.88912639999995,0],[106.023434292,-5.88913045999993,0],[106.023440574,-5.88912921299993,0],[106.023446391,-5.88912217299998,0],[106.023447342,-5.88912172799996,0],[106.023458763,-5.88911638399998,0],[106.023477689,-5.88911184399996,0],[106.023488857,-5.88911156199993,0],[106.023494146,-5.88911142799998,0],[106.023508134,-5.88911513799997,0],[106.023514074,-5.88911481399998,0],[106.023511965,-5.88911045699996,0],[106.023518467,-5.88910781299995,0],[106.02353358,-5.88910688699997,0],[106.02354882,-5.88910413399998,0],[106.023564187,-5.88909955699995,0],[106.023577881,-5.88909183099997,0],[106.023577979,-5.88909174299994,0],[106.023589902,-5.88908095699998,0],[106.023596839,-5.88908027299993,0],[106.023598208,-5.88908729199994,0],[106.023598693,-5.88908977799997,0],[106.023602994,-5.88909171799997,0],[106.023609742,-5.88908609199996,0],[106.023619864,-5.88908636099995,0],[106.02363336,-5.88909252499997,0],[106.023644621,-5.88909425099996,0],[106.023646856,-5.88909459299992,0],[106.023660352,-5.88909256599993,0],[106.023673541,-5.88909459799993,0],[106.023686422,-5.88910069099995,0],[106.023695604,-5.88910136699997,0],[106.023701087,-5.88909662799995,0],[106.023716015,-5.88909467799994,0],[106.023740389,-5.88909551799998,0],[106.023757268,-5.88909777599997,0],[106.023766652,-5.88910145099993,0],[106.023775421,-5.88910061599995,0],[106.023783575,-5.88909527199996,0],[106.023799127,-5.88909334599992,0],[106.023822077,-5.88909483999993,0],[106.023844799,-5.88909246799994,0],[106.023867293,-5.88908623099996,0],[106.023880947,-5.88908121399993,0],[106.023885762,-5.88907741799994,0],[106.023903977,-5.88907236899996,0],[106.023935591,-5.88906606199993,0],[106.023956244,-5.88905931499994,0],[106.023965935,-5.88905212399993,0],[106.023973588,-5.88905001599994,0],[106.023979203,-5.88905299199996,0],[106.023982555,-5.88905074299993,0],[106.023983645,-5.88904326899996,0],[106.023990393,-5.88904204099993,0],[106.024002799,-5.88904706199997,0],[106.024011287,-5.88904702799994,0],[106.024015856,-5.88904194099996,0],[106.024016853,-5.88903493199996,0],[106.024014279,-5.88902600199998,0],[106.024019194,-5.88902198799997,0],[106.024031602,-5.88902289099997,0],[106.024057597,-5.88900955799994,0],[106.02409718,-5.88898198899994,0],[106.024119221,-5.88896854199993,0],[106.02412372,-5.88896921699995,0],[106.024131593,-5.88896425199994,0],[106.024142839,-5.88895364399997,0],[106.024156568,-5.88894278699996,0],[106.024172779,-5.88893167899994,0],[106.024181984,-5.88892298599995,0],[106.02418418,-5.88891670699996,0],[106.024189118,-5.88891244199993,0],[106.024196797,-5.88891019299996,0],[106.024204507,-5.88890456999997,0],[106.024212249,-5.88889557299996,0],[106.02422205,-5.88889142799997,0],[106.024233912,-5.88889213499994,0],[106.024241741,-5.88888578399997,0],[106.024245536,-5.88887237399996,0],[106.024250808,-5.88886596999993,0],[106.024257556,-5.88886657099994,0],[106.024262055,-5.88886251299994,0],[106.024264304,-5.88885379599998,0],[106.024275841,-5.88884439199995,0],[106.024296665,-5.88883429799995,0],[106.024304779,-5.88882783699995,0],[106.024300185,-5.88882500699998,0],[106.024309151,-5.88882134399995,0],[106.024331679,-5.88881684499995,0],[106.024342109,-5.88881122199996,0],[106.02434044,-5.88880447399993,0],[106.024345804,-5.88879691099993,0],[106.024358202,-5.88878853599994,0],[106.024365046,-5.88878853599994,0],[106.024366338,-5.88879691199998,0],[106.024370024,-5.88880109899998,0],[106.024376105,-5.88880109999997,0],[106.024378829,-5.88879547899995,0],[106.024378196,-5.88878423799997,0],[106.02438566,-5.88876961699998,0],[106.024401221,-5.88875161699997,0],[106.024414722,-5.88874209899996,0],[106.024426161,-5.88874106399993,0],[106.024431724,-5.88874443899994,0],[106.024431407,-5.88875222099995,0],[106.024437333,-5.88875161399994,0],[106.024449503,-5.88874261599994,0],[106.024450517,-5.88873586799997,0],[106.024440378,-5.88873136899997,0],[106.024443449,-5.88872267399995,0],[106.02445973,-5.88870978199998,0],[106.024477128,-5.88869827399998,0],[106.024495641,-5.88868815099994,0],[106.024508491,-5.88868382899994,0],[106.024515679,-5.88868530699995,0],[106.024519193,-5.88868259299994,0],[106.024519035,-5.88867568699993,0],[106.024526429,-5.88866896399998,0],[106.024541375,-5.88866242499995,0],[106.02454974,-5.88865504499995,0],[106.024551523,-5.88864682499997,0],[106.024561646,-5.88864117099996,0],[106.024580106,-5.88863808099995,0],[106.02459362,-5.88863831399993,0],[106.024602186,-5.88864186699993,0],[106.024602187,-5.88863654799997,0],[106.02459362,-5.88862235399995,0],[106.024594959,-5.88861916799993,0],[106.024606207,-5.88862698899993,0],[106.024615441,-5.88862485099997,0],[106.024622663,-5.88861275299996,0],[106.024636635,-5.88860066599995,0],[106.024657353,-5.88858859099997,0],[106.024667853,-5.88857983199995,0],[106.024668134,-5.88857438699995,0],[106.024672075,-5.88857174899994,0],[106.024679675,-5.88857191599993,0],[106.024684683,-5.88856879199994,0],[106.0246871,-5.88856237799996,0],[106.024693932,-5.88855575499997,0],[106.024705178,-5.88854892399996,0],[106.024713051,-5.88854600899998,0],[106.02471755,-5.88854700999997,0],[106.02472298,-5.88854210899996,0],[106.024729341,-5.88853130499996,0],[106.024739463,-5.88852493899998,0],[106.024753346,-5.88852301099996,0],[106.024757568,-5.88851983099994,0],[106.024752129,-5.88851539799998,0],[106.024755231,-5.88850980699993,0],[106.024766873,-5.88850305899996,0],[106.024775216,-5.88850070699993,0],[106.024780259,-5.88850274999993,0],[106.024785211,-5.88849825199998,0],[106.024790069,-5.88848721099993,0],[106.024797226,-5.88847944199995,0],[106.02480668,-5.88847494199996,0],[106.024810999,-5.88846998899993,0],[106.024810182,-5.88846457799997,0],[106.024814061,-5.88846099499995,0],[106.024822637,-5.88845923799994,0],[106.024835008,-5.88845155699994,0],[106.024851175,-5.88843794999997,0],[106.024862633,-5.88842988999994,0],[106.024869381,-5.88842737699997,0],[106.024876129,-5.88842144599994,0],[106.024882878,-5.88841209799995,0],[106.024890798,-5.88840462299993,0],[106.024899893,-5.88839901799997,0],[106.024903811,-5.88839958999995,0],[106.024902555,-5.88840633799992,0],[106.02490628,-5.88840593799995,0],[106.024914988,-5.88839839099995,0],[106.02492344,-5.88839624999997,0],[106.024931638,-5.88839951299997,0],[106.024933123,-5.88839690099996,0],[106.024927895,-5.88838841499995,0],[106.024929407,-5.88838306999997,0],[106.024937657,-5.88838086599998,0],[106.024944317,-5.88837375499998,0],[106.024949387,-5.88836173599998,0],[106.024955749,-5.88835637499994,0],[106.024963402,-5.88835767099994,0],[106.024967834,-5.88835542099997,0],[106.024969047,-5.88834962699997,0],[106.024975465,-5.88834560399994,0],[106.02498709,-5.88834335499996,0],[106.024991756,-5.88833885699995,0],[106.024989463,-5.88833210899998,0],[106.024990917,-5.88832708499996,0],[106.024996118,-5.88832378399997,0],[106.025002326,-5.88832401499997,0],[106.02500954,-5.88832777799996,0],[106.025013832,-5.88832584899995,0],[106.025015203,-5.88831822699996,0],[106.025019372,-5.88831115099993,0],[106.02502634,-5.88830461999993,0],[106.025034269,-5.88830145099996,0],[106.025043161,-5.88830164599995,0],[106.02505338,-5.88829389999995,0],[106.025064926,-5.88827821399997,0],[106.025071366,-5.88827371599996,0],[106.025072702,-5.88828040399994,0],[106.02507945,-5.88827619799997,0],[106.025091611,-5.88826109899998,0],[106.025115602,-5.88824077399994,0],[106.025151425,-5.88821522199993,0],[106.025172794,-5.88820423199996,0],[106.025179709,-5.88820780699996,0],[106.02518658,-5.88820451299995,0],[106.025193407,-5.88819435399995,0],[106.025200717,-5.88818927499995,0],[106.025208512,-5.88818927499995,0],[106.025221028,-5.88818365099996,0],[106.025238267,-5.88817240499998,0],[106.025252325,-5.88816731499998,0],[106.025263203,-5.88816838099996,0],[106.025278293,-5.88816613099993,0],[106.025297598,-5.88816056599995,0],[106.025307522,-5.88816228199994,0],[106.025308067,-5.88817127999994,0],[106.025310356,-5.88816972599994,0],[106.025314389,-5.88815762199994,0],[106.025321335,-5.88815340199994,0],[106.025331193,-5.88815706599996,0],[106.025340622,-5.88815631199998,0],[106.025349619,-5.88815114299996,0],[106.025365659,-5.88815003599996,0],[106.025388741,-5.88815299299995,0],[106.025400814,-5.88815192499993,0],[106.025401876,-5.88814683299995,0],[106.025409455,-5.88814642199998,0],[106.025423548,-5.88815069099996,0],[106.025435094,-5.88815071199997,0],[106.025444092,-5.88814648399995,0],[106.02544859,-5.88814697799995,0],[106.025448591,-5.88815219199995,0],[106.025454214,-5.88815456099996,0],[106.025465461,-5.88815408599993,0],[106.025478957,-5.88815760899996,0],[106.025494702,-5.88816512799997,0],[106.025507254,-5.88816818099997,0],[106.025516612,-5.88816676899995,0],[106.025525609,-5.88816765899998,0],[106.025534246,-5.88817084999994,0],[106.025539992,-5.88817583099996,0],[106.025542848,-5.88818259899995,0],[106.02554932,-5.88818343299994,0],[106.025559406,-5.88817832899997,0],[106.025565474,-5.88817953199998,0],[106.025567521,-5.88818704099998,0],[106.025576646,-5.88819843499994,0],[106.025592848,-5.88821371599994,0],[106.025607847,-5.88822327199995,0],[106.025621641,-5.88822710299996,0],[106.025636082,-5.88823740699996,0],[106.025651169,-5.88825418499994,0],[106.025666914,-5.88826506699996,0],[106.025683318,-5.88827005399997,0],[106.025689962,-5.88827534699993,0],[106.025686842,-5.88828094799993,0],[106.02569584,-5.88829078599997,0],[106.025716954,-5.88830486499995,0],[106.025725252,-5.88831722899994,0],[106.025721078,-5.88832707299997,0],[106.025720736,-5.88832787999996,0],[106.025724106,-5.88833096299993,0],[106.025725209,-5.88833052299998,0],[106.025735362,-5.88832647799995,0],[106.02574319,-5.88832648599993,0],[106.025747592,-5.88833098399994,0],[106.025754705,-5.88833287399996,0],[106.025764528,-5.88833215499994,0],[106.025769686,-5.88833552799997,0],[106.025770178,-5.88834299499996,0],[106.025779584,-5.88835383199995,0],[106.025797904,-5.88836803599997,0],[106.025810794,-5.88837535199997,0],[106.025818254,-5.88837577999993,0],[106.025825278,-5.88838329799995,0],[106.025831868,-5.88839790799994,0],[106.025837491,-5.88840341399998,0],[106.025842148,-5.88839981699994,0],[106.025849468,-5.88840206699996,0],[106.02585945,-5.88841016299995,0],[106.02586607,-5.88842095799993,0],[106.02586933,-5.88843445399993,0],[106.025868837,-5.88844322599994,0],[106.025864775,-5.88844710199993,0],[106.025864594,-5.88844727499998,0],[106.025864722,-5.88845227099995,0],[106.02586922,-5.88845821599995,0],[106.025871663,-5.88845413599995,0],[106.025871697,-5.88845288399995,0],[106.025872049,-5.88844003199995,0],[106.025877672,-5.88843642899997,0],[106.025888532,-5.88844332699995,0],[106.025894613,-5.88845035499997,0],[106.025895914,-5.88845751399998,0],[106.025900566,-5.88846046599997,0],[106.025908571,-5.88845921299998,0],[106.025912419,-5.88846214499995,0],[106.025912112,-5.88846925999997,0],[106.025919936,-5.88848076499994,0],[106.025935892,-5.88849665599997,0],[106.025946353,-5.88850449799997,0],[106.025951317,-5.88850428899997,0],[106.025959085,-5.88850927999994,0],[106.025969655,-5.88851946899996,0],[106.025977189,-5.88852467699996,0],[106.025981688,-5.88852490199997,0],[106.025984974,-5.88853001799993,0],[106.025987048,-5.88854002599993,0],[106.02599507,-5.88854606499996,0],[106.02600904,-5.88854813499995,0],[106.026012414,-5.88855038399993,0],[106.026005192,-5.88855280899998,0],[106.026005481,-5.88855574499996,0],[106.026013284,-5.88855919299994,0],[106.026016746,-5.88856530599998,0],[106.026015867,-5.88857408199993,0],[106.026018161,-5.88857740899994,0],[106.026023626,-5.88857528799997,0],[106.026027391,-5.88857808499995,0],[106.026029456,-5.88858580199997,0],[106.026031954,-5.88859031499993,0],[106.026036573,-5.88859865799998,0],[106.026048742,-5.88861665199994,0],[106.02605839,-5.88861994099994,0],[106.02606108,-5.88861563199993,0],[106.026065516,-5.88860852399995,0],[106.026070287,-5.88860626699994,0],[106.026072703,-5.88861316799995,0],[106.026079534,-5.88861949199998,0],[106.026090782,-5.88862523899996,0],[106.026097719,-5.88863668299996,0],[106.026099628,-5.88864913899994,0],[106.026100346,-5.88865382399996,0],[106.026106303,-5.88866074699996,0],[106.026111045,-5.88865906299998,0],[106.02611559,-5.88865744899994,0],[106.026118178,-5.88866003799995,0],[106.026116395,-5.88866371299997,0],[106.026114066,-5.88866851299997,0],[106.026115208,-5.88867447099994,0],[106.026121605,-5.88867791299998,0],[106.026126701,-5.88867485399993,0],[106.026127345,-5.88867323099993,0],[106.026130497,-5.88866529299997,0],[106.026134582,-5.88866535399995,0],[106.026138958,-5.88867503499995,0],[106.026143457,-5.88867920499996,0],[106.026148079,-5.88867786299994,0],[106.026158754,-5.88868729099994,0],[106.026175484,-5.88870748999994,0],[106.026187504,-5.88871857399994,0],[106.026194814,-5.88872054199993,0],[106.026204757,-5.88872648499995,0],[106.02621733,-5.88873640299994,0],[106.026225554,-5.88874576599994,0],[106.026229428,-5.88875457299997,0],[106.026237245,-5.88876163399993,0],[106.026249001,-5.88876694999993,0],[106.026256874,-5.88877458399998,0],[106.026260863,-5.88878453399997,0],[106.026267356,-5.88879112699993,0],[106.026276353,-5.88879436199994,0],[106.026284227,-5.88879466099996,0],[106.026290975,-5.88879202699997,0],[106.026295925,-5.88879600999996,0],[106.02629908,-5.88880661199994,0],[106.026303517,-5.88881039599994,0],[106.026309237,-5.88880735999993,0],[106.026316407,-5.88881390299997,0],[106.026325026,-5.88883002499995,0],[106.026332961,-5.88883869099993,0],[106.02634021,-5.88883990099993,0],[106.026348201,-5.88884414999995,0],[106.026356935,-5.88885143899995,0],[106.026364201,-5.88886009899994,0],[106.02637,-5.88887012899994,0],[106.026374631,-5.88887079499995,0],[106.026378093,-5.88886209899994,0],[106.026382073,-5.88886290599993,0],[106.026386572,-5.88887321699997,0],[106.026392569,-5.88887741999997,0],[106.026400064,-5.88887551599993,0],[106.026403539,-5.88887766999994,0],[106.026402994,-5.88888387999998,0],[106.026405995,-5.88889128199997,0],[106.026412541,-5.88889987599993,0],[106.026422224,-5.88890798599994,0],[106.026435043,-5.88891561199995,0],[106.026442793,-5.88892483299998,0],[106.026445473,-5.88893564599994,0],[106.026449259,-5.88893748299995,0],[106.026454154,-5.88893034199998,0],[106.026460783,-5.88893447499993,0],[106.026469148,-5.88894988399994,0],[106.02648032,-5.88895940799995,0],[106.0264943,-5.88896304599996,0],[106.026502432,-5.88896889499995,0],[106.026504716,-5.88897695299994,0],[106.026512589,-5.88898651999995,0],[106.02652605,-5.88899759499998,0],[106.026531093,-5.88900435999994,0],[106.026527719,-5.88900681299998,0],[106.026531655,-5.88901028899994,0],[106.026542902,-5.88901478799994,0],[106.026555836,-5.88902744299997,0],[106.026570457,-5.88904825399993,0],[106.026582266,-5.88906062499996,0],[106.026591263,-5.88906455799997,0],[106.026599136,-5.88906500299993,0],[106.026605884,-5.88906196199997,0],[106.026609258,-5.88906544899993,0],[106.026609258,-5.88907546399997,0],[106.026613756,-5.88908036899994,0],[106.026622754,-5.88908016399995,0],[106.026626889,-5.88908266499993,0],[106.026626159,-5.88908787199995,0],[106.026634234,-5.88909440799995,0],[106.026651112,-5.88910227299993,0],[106.026660475,-5.88911147699997,0],[106.02666232,-5.88912202099993,0],[106.026665492,-5.88912549099996,0],[106.026669991,-5.88912188599994,0],[106.026684611,-5.88912937899994,0],[106.026709354,-5.88914796799997,0],[106.026724823,-5.88916296999997,0],[106.026731018,-5.88917438599998,0],[106.026740296,-5.88918206799997,0],[106.026752659,-5.88918601499995,0],[106.026761933,-5.88919415799995,0],[106.026768119,-5.88920649599993,0],[106.02677796,-5.88921471599997,0],[106.026791456,-5.88921881599993,0],[106.026799328,-5.88922545899993,0],[106.026801578,-5.88923464599998,0],[106.026808765,-5.88923992399998,0],[106.026820891,-5.88924128999997,0],[106.026831202,-5.88924515899993,0],[106.026839699,-5.88925152999997,0],[106.026842379,-5.88926165299995,0],[106.026839242,-5.88927552499996,0],[106.026842426,-5.88928027799994,0],[106.026851933,-5.88927591199996,0],[106.026863436,-5.88927596399998,0],[106.026876931,-5.88928043499993,0],[106.026883667,-5.88928711699998,0],[106.02688364,-5.88929600999995,0],[106.02689171,-5.88930515399994,0],[106.026907878,-5.88931454899995,0],[106.026920263,-5.88931951799998,0],[106.026928865,-5.88932006199997,0],[106.026932854,-5.88932773599993,0],[106.02693223,-5.88934254099996,0],[106.02694063,-5.88934881799997,0],[106.026958054,-5.88934656899994,0],[106.026964928,-5.88935106699995,0],[106.026961256,-5.88936231399992,0],[106.026962201,-5.88936646399998,0],[106.026967762,-5.88936351699994,0],[106.026970197,-5.88936648699996,0],[106.026969502,-5.88937537299995,0],[106.026972463,-5.88937803699997,0],[106.02697908,-5.88937447699993,0],[106.026988767,-5.88937981499993,0],[106.027001525,-5.88939404899997,0],[106.027012029,-5.88940041599994,0],[106.027020279,-5.88939891599995,0],[106.027023293,-5.88940185499996,0],[106.02702107,-5.88940923399997,0],[106.027024479,-5.88941404899998,0],[106.027033521,-5.88941629799996,0],[106.027035037,-5.88942151599997,0],[106.027029027,-5.88942970199997,0],[106.027030925,-5.88943359099994,0],[106.027040731,-5.88943318499997,0],[106.027049784,-5.88943921399994,0],[106.027058089,-5.88945167899993,0],[106.027066014,-5.88945796299993,0],[106.027073561,-5.88945806599997,0],[106.027080178,-5.88946866599997,0],[106.027085863,-5.88948976399996,0],[106.027093683,-5.88949977399994,0],[106.027103637,-5.88949869499993,0],[106.027116545,-5.88950383999997,0],[106.027132405,-5.88951520899997,0],[106.027140032,-5.88952514499994,0],[106.027139425,-5.88953364799994,0],[106.027142707,-5.88953818199997,0],[106.027149877,-5.88953874699996,0],[106.027162613,-5.88954461699996,0],[106.027180916,-5.88955579299994,0],[106.027190954,-5.88956588099995,0],[106.027192728,-5.88957487799996,0],[106.027195664,-5.88957712799993,0],[106.027199758,-5.88957262799994,0],[106.0272055,-5.88957575399996,0],[106.02721289,-5.88958650199993,0],[106.027223332,-5.88959605599996,0],[106.027236829,-5.88960441599994,0],[106.027251818,-5.88960879399997,0],[106.027268302,-5.88960918899994,0],[106.02728167,-5.88961550999994,0],[106.027291925,-5.88962775499994,0],[106.027306176,-5.88963171899996,0],[106.027324426,-5.88962740299996,0],[106.027335804,-5.88963289199995,0],[106.027340312,-5.88964818799997,0],[106.027343686,-5.88965065499997,0],[106.027345926,-5.88964029599993,0],[106.027351546,-5.88963877699996,0],[106.027360543,-5.88964609999994,0],[106.027374039,-5.88965122699994,0],[106.027392034,-5.88965415699994,0],[106.027407779,-5.88965183799996,0],[106.027421275,-5.88964426899997,0],[106.027431855,-5.88964253399996,0],[106.027439517,-5.88964663399997,0],[106.027454138,-5.88964753199997,0],[106.027475717,-5.88964523099997,0],[106.027488757,-5.88964132599995,0],[106.027493255,-5.88963581499996,0],[106.027501461,-5.88963346799994,0],[106.027513376,-5.88963428599993,0],[106.027522374,-5.88962855599993,0],[106.027528454,-5.88961627799995,0],[106.027533419,-5.88961514599993,0],[106.027537267,-5.88962515999998,0],[106.027545412,-5.88962984099993,0],[106.027557854,-5.88962918799996,0],[106.027566052,-5.88962250399993,0],[106.027570006,-5.88960978599994,0],[106.027568411,-5.88960416299994,0],[106.027561267,-5.88960563399996,0],[106.02755984,-5.88960299499996,0],[106.027564128,-5.88959624699993,0],[106.027572198,-5.88959247399993,0],[106.027584051,-5.88959167699994,0],[106.027594476,-5.88958812099997,0],[106.027603474,-5.88958180699996,0],[106.027607436,-5.88958332999994,0],[106.027606364,-5.88959269099996,0],[106.027611228,-5.88959475999997,0],[106.027622027,-5.88958953599996,0],[106.027632685,-5.88958773799993,0],[106.027643202,-5.88958936599994,0],[106.027649585,-5.88958660099996,0],[106.027651835,-5.88957944199996,0],[106.027656333,-5.88957649499997,0],[106.027663082,-5.88957775999995,0],[106.027673203,-5.88957353599994,0],[106.027686699,-5.88956382199996,0],[106.027694572,-5.88956226699997,0],[106.027696822,-5.88956887199993,0],[106.027700622,-5.88956765199993,0],[106.027705973,-5.88955860799996,0],[106.027712721,-5.88955193599998,0],[106.027720866,-5.88954763599997,0],[106.027728312,-5.88954679699998,0],[106.027735061,-5.88954941999998,0],[106.027747433,-5.88954384499993,0],[106.027765428,-5.88953006999998,0],[106.027779121,-5.88952373499995,0],[106.027788514,-5.88952483999998,0],[106.027791405,-5.88952089399993,0],[106.027798437,-5.88951773199994,0],[106.028093908,-5.88938487699994,0],[106.028108845,-5.88938744099994,0],[106.028124857,-5.88937801099996,0],[106.028125829,-5.88937743799994,0],[106.028142195,-5.88937008399995,0],[106.02815794,-5.88936537999996,0],[106.028166937,-5.88936029899997,0],[106.028169187,-5.88935484199993,0],[106.028177301,-5.88935181099993,0],[106.028191281,-5.88935120599996,0],[106.028203116,-5.88934782499996,0],[106.028212808,-5.88934166699994,0],[106.028219314,-5.88933508099996,0],[106.028222636,-5.88932806599996,0],[106.028227969,-5.88932670599996,0],[106.028235314,-5.88933100099996,0],[106.028245607,-5.88932705299993,0],[106.028258849,-5.88931486199994,0],[106.028274296,-5.88930860799996,0],[106.028291948,-5.88930829099996,0],[106.028307504,-5.88930508799996,0],[106.028320965,-5.88929900099993,0],[106.028329963,-5.88929660399998,0],[106.028334497,-5.88929789599996,0],[106.028340137,-5.88929471999995,0],[106.028346886,-5.88928707499997,0],[106.028355365,-5.88928305499996,0],[106.028365575,-5.88928265899995,0],[106.028377946,-5.88927700799997,0],[106.028392479,-5.88926609899994,0],[106.028402922,-5.88926027799994,0],[106.028409275,-5.88925954599995,0],[106.028419397,-5.88925460299993,0],[106.028433288,-5.88924544899993,0],[106.028450356,-5.88923620199995,0],[106.028470601,-5.88922686099994,0],[106.028482971,-5.88922369799997,0],[106.028487471,-5.88922671399996,0],[106.028495343,-5.88922743399996,0],[106.02850659,-5.88922585799997,0],[106.028514463,-5.88922286799993,0],[106.028518961,-5.88921846399995,0],[106.028530209,-5.88921289699994,0],[106.028548203,-5.88920616799993,0],[106.02855945,-5.88920525799995,0],[106.028563949,-5.88921016699993,0],[106.028570288,-5.88920646299994,0],[106.028578468,-5.88919414699996,0],[106.028591082,-5.88918686399995,0],[106.028608128,-5.88918461399993,0],[106.028620908,-5.88918098899995,0],[106.028629422,-5.88917598599994,0],[106.028638177,-5.88917560399994,0],[106.028647175,-5.88917984499994,0],[106.028650443,-5.88917784799997,0],[106.028647983,-5.88916961299998,0],[106.028652482,-5.88916605799994,0],[106.028663939,-5.88916718599995,0],[106.028670793,-5.88916500299996,0],[106.028673043,-5.88915951299998,0],[106.028680915,-5.88915376099993,0],[106.028694411,-5.88914774599994,0],[106.028703501,-5.88914664599997,0],[106.028708184,-5.88915046099993,0],[106.028710482,-5.88914665199997,0],[106.028710394,-5.88913522099995,0],[106.028713676,-5.88912986799994,0],[106.028720327,-5.88913059299995,0],[106.028729276,-5.88912643399993,0],[106.028740523,-5.88911738999997,0],[106.028747499,-5.88911500599994,0],[106.028750206,-5.88911928199997,0],[106.028754705,-5.88911748799995,0],[106.028760996,-5.88910962699993,0],[106.028771504,-5.88910602499993,0],[106.028786231,-5.88910668299997,0],[106.028792834,-5.88910476199993,0],[106.028791314,-5.88910026299993,0],[106.028799696,-5.88909710799993,0],[106.028817981,-5.88909529299997,0],[106.028828248,-5.88909583399993,0],[106.028830498,-5.88909873099993,0],[106.028839495,-5.88909006999995,0],[106.02885524,-5.88906984899995,0],[106.028866487,-5.88906271499997,0],[106.028873235,-5.88906866899993,0],[106.02887751,-5.88906811599998,0],[106.028879311,-5.88906105599995,0],[106.0288842,-5.88905791599996,0],[106.028892179,-5.88905869599995,0],[106.028898009,-5.88905419699995,0],[106.02890169,-5.88904441999995,0],[106.028906391,-5.88904290499994,0],[106.028912112,-5.88904965299997,0],[106.028914378,-5.88904661699996,0],[106.028913192,-5.88903379599998,0],[106.028922721,-5.88902450199993,0],[106.028936027,-5.88902070999995,0],[106.028942965,-5.88901873299994,0],[106.028949713,-5.88900814299996,0],[106.029212437,-5.88891744799997,0],[106.02932665,-5.88878800499998,0],[106.029357107,-5.88868140599993,0],[106.029349493,-5.88858241999998,0],[106.029258122,-5.88835399199996,0],[106.028930708,-5.88758495099995,0],[106.028701823,-5.88710329799994,0],[106.028700865,-5.88709910599994,0],[106.02869033,-5.88708809599996,0],[106.02868773,-5.88707920799993,0],[106.028687404,-5.88707809199997,0],[106.028692087,-5.88706909499996,0],[106.028692258,-5.88705672399993,0],[106.028687918,-5.88704097799996,0],[106.028687768,-5.88702973099993,0],[106.028691811,-5.88702298299995,0],[106.028686666,-5.88701894599996,0],[106.028672335,-5.88701762099993,0],[106.028666694,-5.88701239699998,0],[106.028669743,-5.88700327499993,0],[106.028667494,-5.88699785499995,0],[106.028659946,-5.88699613499995,0],[106.028654028,-5.88699123699996,0],[106.02864974,-5.88698315899995,0],[106.028649266,-5.88697734399994,0],[106.028652605,-5.88697379199994,0],[106.028650368,-5.88696579899994,0],[106.028642558,-5.88695336899997,0],[106.028637641,-5.88694052399995,0],[106.02863562,-5.88692726699998,0],[106.028632128,-5.88691774999995,0],[106.028627163,-5.88691197499998,0],[106.028623557,-5.88689891199994,0],[106.028621307,-5.88687855799998,0],[106.028614234,-5.88686200099994,0],[106.028602337,-5.88684923999995,0],[106.028597596,-5.88684069499993,0],[106.028600013,-5.88683636699994,0],[106.028597738,-5.88682656899994,0],[106.02859077,-5.88681130399993,0],[106.028587905,-5.88679831399998,0],[106.028589144,-5.88678759999993,0],[106.028587084,-5.88678101399995,0],[106.028581724,-5.88677855599997,0],[106.028581456,-5.88677339399993,0],[106.028586279,-5.88676552799996,0],[106.028588204,-5.88675749299995,0],[106.028587229,-5.88674928999995,0],[106.028590418,-5.88672944199993,0],[106.028597772,-5.88669795099997,0],[106.02860587,-5.88667770699993,0],[106.028614709,-5.88666870899993,0],[106.028619391,-5.88665804799996,0],[106.028619919,-5.88664572099998,0],[106.028630683,-5.88663184899997,0],[106.028651682,-5.88661642899996,0],[106.028662929,-5.88660390999996,0],[106.028664423,-5.88659429299997,0],[106.028673209,-5.88659033899995,0],[106.028689288,-5.88659205099998,0],[106.028691538,-5.88658985499995,0],[106.028679958,-5.88658375299997,0],[106.028679791,-5.88657796299998,0],[106.028691037,-5.88657248499993,0],[106.028704533,-5.88656920199998,0],[106.028720279,-5.88656811399994,0],[106.028732651,-5.88656079399993,0],[106.028741648,-5.88654724199995,0],[106.02874779,-5.88654328499996,0],[106.028751075,-5.88654892399995,0],[106.028756699,-5.88654670299996,0],[106.028764659,-5.88653662299993,0],[106.028772638,-5.88653324899997,0],[106.028780634,-5.88653658099997,0],[106.028790756,-5.88653335799995,0],[106.028803004,-5.88652357799998,0],[106.028818556,-5.88652132899995,0],[106.028837412,-5.88652660899993,0],[106.028852033,-5.88652883299994,0],[106.028862419,-5.88652799899995,0],[106.02887211,-5.88652505999994,0],[106.028881107,-5.88652001499997,0],[106.028896853,-5.88651960099997,0],[106.028919347,-5.88652381499998,0],[106.028933717,-5.88652450399996,0],[106.028939964,-5.88652166999998,0],[106.028948316,-5.88652137699995,0],[106.028958772,-5.88652362699997,0],[106.028967936,-5.88652354499993,0],[106.028975809,-5.88652113099994,0],[106.028983203,-5.88652405999994,0],[106.028990118,-5.88653232899998,0],[106.02899695,-5.88653066099994,0],[106.029003697,-5.88651905499995,0],[106.029009321,-5.88651768799997,0],[106.02901382,-5.88652655999994,0],[106.02902765,-5.88653201999995,0],[106.029050811,-5.88653406799995,0],[106.029063139,-5.88653250699997,0],[106.029064632,-5.88652733699996,0],[106.029068797,-5.88652840199995,0],[106.029075633,-5.88653570299994,0],[106.029084275,-5.88654020199994,0],[106.029094722,-5.88654189799996,0],[106.029099221,-5.88654525099997,0],[106.029097771,-5.88655026199996,0],[106.029101149,-5.88655363499993,0],[106.029109356,-5.88655537299996,0],[106.029113429,-5.88655891599996,0],[106.029113367,-5.88656426299997,0],[106.029118261,-5.88657014399996,0],[106.029128111,-5.88657655899993,0],[106.029136059,-5.88657725899998,0],[106.029140246,-5.88657553899998,0],[106.029143923,-5.88657402899997,0],[106.029450736,-5.88654135799993,0],[106.029469271,-5.88648505199995,0],[106.029473572,-5.88647198699994,0],[106.029476868,-5.88647323399994,0],[106.029483717,-5.88644205699995,0],[106.029510843,-5.88631856799998,0],[106.029512509,-5.88631106199995,0],[106.029519785,-5.88629756599994,0],[106.029524898,-5.88628171899995,0],[106.029527851,-5.88626352099993,0],[106.029527231,-5.88625426699997,0],[106.029525848,-5.88625416399998,0],[106.02952304,-5.88625395599996,0],[106.029522117,-5.88624648599995,0],[106.029524463,-5.88623185699993,0],[106.029527872,-5.88622565899993,0],[106.029532345,-5.88622788899994,0],[106.029535552,-5.88622182999995,0],[106.029537494,-5.88620747899995,0],[106.029536474,-5.88619593999994,0],[106.029532494,-5.88618721199992,0],[106.029534608,-5.88617900599996,0],[106.029542814,-5.88617131899997,0],[106.029549022,-5.88616921699997,0],[106.02955323,-5.88617269799994,0],[106.029560132,-5.88617219699995,0],[106.029569727,-5.88616771599993,0],[106.029575052,-5.88616037599996,0],[106.029576106,-5.88615017699993,0],[106.029579327,-5.88614281399992,0],[106.029584713,-5.88613828699994,0],[106.029591865,-5.88613764699994,0],[106.0295975,-5.88613969899995,0],[106.029600783,-5.88614089499993,0],[106.029608832,-5.88613815599996,0],[106.029616011,-5.88612943099997,0],[106.029625688,-5.88612264299996,0],[106.029637867,-5.88611779299993,0],[106.029653406,-5.88610296699994,0],[106.029672306,-5.88607816499996,0],[106.029680803,-5.88606031099994,0],[106.029678896,-5.88604940399995,0],[106.029679581,-5.88604515899993,0],[106.029680051,-5.88604224699998,0],[106.029684269,-5.88603883699994,0],[106.029685771,-5.88603860499995,0],[106.029692462,-5.88603757199996,0],[106.029704631,-5.88603845099993,0],[106.029719889,-5.88602876799996,0],[106.029738235,-5.88600852399998,0],[106.029751517,-5.88599727699994,0],[106.029759731,-5.88599502799997,0],[106.029762988,-5.88599052899997,0],[106.029761282,-5.88598377999995,0],[106.029767051,-5.88597815699995,0],[106.029780293,-5.88597365799995,0],[106.029794394,-5.88596625499997,0],[106.029809358,-5.88595594599997,0],[106.029818457,-5.88594743999994,0],[106.02982169,-5.88594073499996,0],[106.029828619,-5.88593369699993,0],[106.029839241,-5.88592632399997,0],[106.02985337,-5.88591947699996,0],[106.029871004,-5.88591315799994,0],[106.029885445,-5.88591090399996,0],[106.029896692,-5.88591271599995,0],[106.02990344,-5.88591155099994,0],[106.02990569,-5.88590740999996,0],[106.029911867,-5.88590555599995,0],[106.029921971,-5.88590599099996,0],[106.029930969,-5.88590842099995,0],[106.029938859,-5.88591284399996,0],[106.029945053,-5.88591141499995,0],[106.029949552,-5.88590413499998,0],[106.0299563,-5.88590097299993,0],[106.029965298,-5.88590192899994,0],[106.029984716,-5.88590023799998,0],[106.030014555,-5.88589590099997,0],[106.03002918,-5.88589515899997,0],[106.030028591,-5.88589801199993,0],[106.030036042,-5.88590056099997,0],[106.030051533,-5.88590280599993,0],[106.030063048,-5.88590253199993,0],[106.030070587,-5.88589973799998,0],[106.030078582,-5.88589960899998,0],[106.030087035,-5.88590214499993,0],[106.03009761,-5.88589864599993,0],[106.030110306,-5.88588911099993,0],[106.030113015,-5.88588871299993,0],[106.03012364,-5.88588715399993,0],[106.030128027,-5.88588891899997,0],[106.030137611,-5.88589277499995,0],[106.030149028,-5.88589406699998,0],[106.030157894,-5.88589103099997,0],[106.03016593,-5.88589089799996,0],[106.030173135,-5.88589367099996,0],[106.030177862,-5.88589230399998,0],[106.03017896,-5.88588961699998,0],[106.030180111,-5.88588680099997,0],[106.030190233,-5.88588650399993,0],[106.030202839,-5.88588994399993,0],[106.030208228,-5.88589141399996,0],[106.030220599,-5.88589193099995,0],[106.030223565,-5.88589022799994,0],[106.030227347,-5.88588805599994,0],[106.030238594,-5.88588850899993,0],[106.030244852,-5.88589040899996,0],[106.03025434,-5.88589329099995,0],[106.030266114,-5.88589377099993,0],[106.030273916,-5.88588994799994,0],[106.03027396,-5.88588985999996,0],[106.030277291,-5.88588318899997,0],[106.030276236,-5.88587349599993,0],[106.030281332,-5.88587008999997,0],[106.030292578,-5.88587297199996,0],[106.030310341,-5.88588090099995,0],[106.030325288,-5.88588889199997,0],[106.030334618,-5.88589387899998,0],[106.030353738,-5.88589731199994,0],[106.030367699,-5.88589119999995,0],[106.030379416,-5.88589120199993,0],[106.030388888,-5.88589731999997,0],[106.030396335,-5.88589859099994,0],[106.030401756,-5.88589501699994,0],[106.030415015,-5.88589519999994,0],[106.030436112,-5.88589914299996,0],[106.03046128,-5.88590130499995,0],[106.030490522,-5.88590168499996,0],[106.030517743,-5.88590103499996,0],[106.030542943,-5.88589935699997,0],[106.030573309,-5.88590066099994,0],[106.030606209,-5.88590462699995,0],[106.030620596,-5.88589783599997,0],[106.03076157,-5.88590958699996,0],[106.030771692,-5.88591394499997,0],[106.030784063,-5.88590724699998,0],[106.030802058,-5.88589094499997,0],[106.030821177,-5.88586960399994,0],[106.030841421,-5.88584322099996,0],[106.030856007,-5.88582597699997,0],[106.030864934,-5.88581787299995,0],[106.030878431,-5.88580856099998,0],[106.030896496,-5.88579804199998,0],[106.030905674,-5.88578907899995,0],[106.030905963,-5.88578166999997,0],[106.030909623,-5.88577487599997,0],[106.030916652,-5.88576869799994,0],[106.030920255,-5.88576194999996,0],[106.030920431,-5.88575463099994,0],[106.030923519,-5.88574261599996,0],[106.03092952,-5.88572590299998,0],[106.030935121,-5.88571838199994,0],[106.030940323,-5.88572005399993,0],[106.030946926,-5.88571716399997,0],[106.030954931,-5.88570971099995,0],[106.030960739,-5.88569977399993,0],[106.03096435,-5.88568734899997,0],[106.030972276,-5.88567497699995,0],[106.030984515,-5.88566265899993,0],[106.030992898,-5.88564637699994,0],[106.030997423,-5.88562613399995,0],[106.031001473,-5.88561601099997,0],[106.031005049,-5.88561601099997,0],[106.031006556,-5.88560701399996,0],[106.031005994,-5.88558901899995,0],[106.031010484,-5.88557889699996,0],[106.031020026,-5.88557664799993,0],[106.031038276,-5.88555415399998,0],[106.031065232,-5.88551141599993,0],[106.031087023,-5.88548329899993,0],[106.031103647,-5.88546980299998,0],[106.031117561,-5.88545518199993,0],[106.031128763,-5.88543943699995,0],[106.031135468,-5.88542706499993,0],[106.031137673,-5.88541806699993,0],[106.031143446,-5.88540623999995,0],[106.031152786,-5.88539158199995,0],[106.031159705,-5.88538405999998,0],[106.031164204,-5.88538367499996,0],[106.031173228,-5.88537416099996,0],[106.03117813,-5.88536741699994,0],[106.031186777,-5.88535552099995,0],[106.031212891,-5.88533967299998,0],[106.031228748,-5.88533431999997,0],[106.031251569,-5.88532661699998,0],[106.03127803,-5.88531084399995,0],[106.031292272,-5.88529235199996,0],[106.031297817,-5.88528198199998,0],[106.031294663,-5.88527973199996,0],[106.031304613,-5.88521890199996,0],[106.031328796,-5.88507105599996,0],[106.031328609,-5.88496934799997,0],[106.031328739,-5.88496713999996,0],[106.031340194,-5.88477189299994,0],[106.031339918,-5.88462232199993,0],[106.031333844,-5.88456848799996,0],[106.031324358,-5.88456236599995,0],[106.031263855,-5.88452332099996,0],[106.031232153,-5.88450286399996,0],[106.031088695,-5.88446723299995,0],[106.030789939,-5.88445581899992,0],[106.030688319,-5.88445138199995,0],[106.030658485,-5.88445007899998,0],[106.030651624,-5.88442959399993,0],[106.030623386,-5.88434528299996,0],[106.030622439,-5.88434245399998,0],[106.030623386,-5.88432882299998,0],[106.030625169,-5.88430315899996,0],[106.030628259,-5.88425868299993,0],[106.030661515,-5.88425029199993,0],[106.030723811,-5.88423457499994,0],[106.030875428,-5.88424309499993,0],[106.031136107,-5.88425774499996,0],[106.034069991,-5.88442581899994,0],[106.035474407,-5.88452347299994,0],[106.035786631,-5.88454518299994,0],[106.035815324,-5.88452347299994,0],[106.035881104,-5.88447370099993,0],[106.036154496,-5.88406896499993,0],[106.036470443,-5.88374739099993,0],[106.036625608,-5.88358946299996,0],[106.036675414,-5.88351804399997,0],[106.036708832,-5.88347012499997,0],[106.036707369,-5.88346337699994,0],[106.036710752,-5.88345668899996,0],[106.036718493,-5.88344781299998,0],[106.036733676,-5.88344112999994,0],[106.036750273,-5.88343783799996,0],[106.036756301,-5.88343664299992,0],[106.036764477,-5.88342758499994,0],[106.036816836,-5.88338042499993,0],[106.036868747,-5.88331088599995,0],[106.036873919,-5.88330981699994,0],[106.036885007,-5.88330411499993,0],[106.036896438,-5.88329493199996,0],[106.036902373,-5.88328372899997,0],[106.036902813,-5.88327050899994,0],[106.036905098,-5.88326279699993,0],[106.036905145,-5.88326263799996,0],[106.036905361,-5.88326250999995,0],[106.036909372,-5.88326011899994,0],[106.036911507,-5.88324300599993,0],[106.036911523,-5.88323156299998,0],[106.036911551,-5.88321129799994,0],[106.036911403,-5.88320814899993,0],[106.036910536,-5.88318973399993,0],[106.036908462,-5.88317831299997,0],[106.036906147,-5.88317823599994,0],[106.036903591,-5.88318950299993,0],[106.036900063,-5.88319051299993,0],[106.036895564,-5.88318126499996,0],[106.036888816,-5.88317676499997,0],[106.036880254,-5.88317699999993,0],[106.036879818,-5.88317701199998,0],[106.036869151,-5.88317332299994,0],[106.036856815,-5.88316570099994,0],[106.036848618,-5.88315539599995,0],[106.036844558,-5.88314240899996,0],[106.036836105,-5.88313841499996,0],[106.036823259,-5.88314341499995,0],[106.036812346,-5.88314487699995,0],[106.036803367,-5.88314279899993,0],[106.036797339,-5.88313877899998,0],[106.036794264,-5.88313281599994,0],[106.036793139,-5.88312269399995,0],[106.036793965,-5.88310841299995,0],[106.036792863,-5.88310559699994,0],[106.036772317,-5.88309535699995,0],[106.03668257,-5.88302672199995,0],[106.036512103,-5.88288527199995,0],[106.036362433,-5.88276107999997,0],[106.036177788,-5.88262924999998,0],[106.03607826,-5.88255819099993,0],[106.035964707,-5.88245929099998,0],[106.035889755,-5.88239401199996,0],[106.035703694,-5.88223861399996,0],[106.035700929,-5.88223746599994,0],[106.035623418,-5.88214322699997,0],[106.035510151,-5.88204666599995,0],[106.035501141,-5.88203008299996,0],[106.035503691,-5.88202680699993,0],[106.035498323,-5.88201934599994,0],[106.035491179,-5.88201372199995,0],[106.035482261,-5.88200993599997,0],[106.035477217,-5.88200373299998,0],[106.035476049,-5.88199510999993,0],[106.035471155,-5.88199159299995,0],[106.035462535,-5.88199318499994,0],[106.035454851,-5.88198868299997,0],[106.035448103,-5.88197808799993,0],[106.035441821,-5.88197214099995,0],[106.035436004,-5.88197084299998,0],[106.035429256,-5.88196321399994,0],[106.035421576,-5.88194925399995,0],[106.035412364,-5.88193934499998,0],[106.035401618,-5.88193348899995,0],[106.035390389,-5.88192518899996,0],[106.035378676,-5.88191444399996,0],[106.035366489,-5.88190907299997,0],[106.035353828,-5.88190907299997,0],[106.035348315,-5.88190444499998,0],[106.035349949,-5.88189518899998,0],[106.03534389,-5.88188123399993,0],[106.03533014,-5.88186258399998,0],[106.035314266,-5.88185270899993,0],[106.035296272,-5.88185160899997,0],[106.035285025,-5.88184260199995,0],[106.035280526,-5.88182568699995,0],[106.03527518,-5.88182022299998,0],[106.035268985,-5.88182620999993,0],[106.035264201,-5.88182471399995,0],[106.035260827,-5.88181573399993,0],[106.035251368,-5.88180664399994,0],[106.035235824,-5.88179744199994,0],[106.035228408,-5.88178815799995,0],[106.03522912,-5.88177879299997,0],[106.035223681,-5.88177363999995,0],[106.035212092,-5.88177269899995,0],[106.035201702,-5.88176595099998,0],[106.035192511,-5.88175339599997,0],[106.035184335,-5.88175049199998,0],[106.035183177,-5.88175158299993,0],[106.035101337,-5.88169426799993,0],[106.035100011,-5.88168863499993,0],[106.03508851,-5.88167963799998,0],[106.035083427,-5.88167161499996,0],[106.035084762,-5.88166456899995,0],[106.035074653,-5.88165607599996,0],[106.0350531,-5.88164613899994,0],[106.03504187,-5.88163616699995,0],[106.035040966,-5.88162615799996,0],[106.035032473,-5.88161841599998,0],[106.035016393,-5.88161293899998,0],[106.035002313,-5.88160619199994,0],[106.034990231,-5.88159817199994,0],[106.03498011,-5.88159745699994,0],[106.034971947,-5.88160404399997,0],[106.034964571,-5.88160404399997,0],[106.03495798,-5.88159745599995,0],[106.034956953,-5.88159088599997,0],[106.034961487,-5.88158433399997,0],[106.034955692,-5.88157196199995,0],[106.034939569,-5.88155377199996,0],[106.034927101,-5.88154554199997,0],[106.034918287,-5.88154727299997,0],[106.034913881,-5.88154416599997,0],[106.034913881,-5.88153621899994,0],[106.034907867,-5.88152899799996,0],[106.034895838,-5.88152250199994,0],[106.034891217,-5.88151548799993,0],[106.034894002,-5.88150795499996,0],[106.034891172,-5.88150081399993,0],[106.034882728,-5.88149406599996,0],[106.034880937,-5.88149009799997,0],[106.034878001,-5.88148359299993,0],[106.034876991,-5.88146939599994,0],[106.034874171,-5.88145744199994,0],[106.03486954,-5.88144772999993,0],[106.034871368,-5.88143985499994,0],[106.034879653,-5.88143381999993,0],[106.03488467,-5.88142103199993,0],[106.034886419,-5.88140149099996,0],[106.034889441,-5.88138573999993,0],[106.034893737,-5.88137377799995,0],[106.034901509,-5.88136568299996,0],[106.034912756,-5.88136145499993,0],[106.034922545,-5.88135169099996,0],[106.034930874,-5.88133638899996,0],[106.03494093,-5.88132655399994,0],[106.034952713,-5.88132218399994,0],[106.034965418,-5.88131934499995,0],[106.034979046,-5.88131803799996,0],[106.034990359,-5.88131872199995,0],[106.034999357,-5.88132139699997,0],[106.035004545,-5.88131861099993,0],[106.035005924,-5.88131036699997,0],[106.035008974,-5.88131074399996,0],[106.035013692,-5.88131974099997,0],[106.035024569,-5.88132841899994,0],[106.035041607,-5.88133677599996,0],[106.03506019,-5.88134914799997,0],[106.03508032,-5.88136553299995,0],[106.035094524,-5.88138169699994,0],[106.035099153,-5.88139061299995,0],[106.035102801,-5.88139763999993,0],[106.035111534,-5.88140354999996,0],[106.035113873,-5.88140250099997,0],[106.035120725,-5.88139942599997,0],[106.035128694,-5.88139964899995,0],[106.035135443,-5.88140421599996,0],[106.035136168,-5.88140882799996,0],[106.035130869,-5.88141348399995,0],[106.035131755,-5.88141694199993,0],[106.035133119,-5.88142226399998,0],[106.035142916,-5.88143516799994,0],[106.035154562,-5.88144210299993,0],[106.035163724,-5.88144275899998,0],[106.035168058,-5.88144306899994,0],[106.035178571,-5.88144594999994,0],[106.035186101,-5.88145074499994,0],[106.035195099,-5.88146134199997,0],[106.035203992,-5.88147527799993,0],[106.035205564,-5.88147774099997,0],[106.035218577,-5.88148937699998,0],[106.035224924,-5.88149218199993,0],[106.035234137,-5.88149625299997,0],[106.035239761,-5.88150192299997,0],[106.035238545,-5.88150318199996,0],[106.035235447,-5.88150638999997,0],[106.035240802,-5.88151052699993,0],[106.035250765,-5.88151304999997,0],[106.035255827,-5.88151433199994,0],[106.035264284,-5.88151884699994,0],[106.035266173,-5.88152407099994,0],[106.035273558,-5.88153145699994,0],[106.035280987,-5.88153888699998,0],[106.035308726,-5.88156329699996,0],[106.035324824,-5.88157435499994,0],[106.035325956,-5.88157377199997,0],[106.035329278,-5.88157206199998,0],[106.035335069,-5.88157690499997,0],[106.035339906,-5.88158503799997,0],[106.035342194,-5.88158888499993,0],[106.035351214,-5.88159598699997,0],[106.035354224,-5.88159660099996,0],[106.035362127,-5.88159821399995,0],[106.035368691,-5.88160478299994,0],[106.03536954,-5.88160896999995,0],[106.035370905,-5.88161569699997,0],[106.03537782,-5.88162281399997,0],[106.035389435,-5.88162613299994,0],[106.035395076,-5.88163046699998,0],[106.035394743,-5.88163581499992,0],[106.03540374,-5.88164389499997,0],[106.035422069,-5.88165470499996,0],[106.035427859,-5.88166169999994,0],[106.035421111,-5.88166488199994,0],[106.03542336,-5.88166717999997,0],[106.035434607,-5.88166859399996,0],[106.035441807,-5.88167458599997,0],[106.035444962,-5.88168515499996,0],[106.035449461,-5.88168910899998,0],[106.035455304,-5.88168644899997,0],[106.035464415,-5.88169105699995,0],[106.035476796,-5.88170293199994,0],[106.03548842,-5.88171017999997,0],[106.035497612,-5.88171239699994,0],[106.035499289,-5.88171280099994,0],[106.035503777,-5.88171737499994,0],[106.035505361,-5.88171898899998,0],[106.035506634,-5.88172874499998,0],[106.035515255,-5.88173782199993,0],[106.03553122,-5.88174621999997,0],[106.035540599,-5.88175296799994,0],[106.035543393,-5.88175806499993,0],[106.035551266,-5.88176270399993,0],[106.035564217,-5.88176688399994,0],[106.035569302,-5.88177029099995,0],[106.035582682,-5.88177925499997,0],[106.03560666,-5.88179981899998,0],[106.035621585,-5.88181092099995,0],[106.035627454,-5.88181256199994,0],[106.035633864,-5.88181930899998,0],[106.035637337,-5.88182523399996,0],[106.035640814,-5.88183116499994,0],[106.035654973,-5.88184512499993,0],[106.035676342,-5.88186118799996,0],[106.035691245,-5.88187018499997,0],[106.035693694,-5.88187074599995,0],[106.035699679,-5.88187211699994,0],[106.035702913,-5.88187533199994,0],[106.035701989,-5.88187744499993,0],[106.035700945,-5.88187983099994,0],[106.035705883,-5.88188353199996,0],[106.035711115,-5.88188481499998,0],[106.035717727,-5.88188643699993,0],[106.035725371,-5.88189258599994,0],[106.035727321,-5.88189790299998,0],[106.035728816,-5.88190197999995,0],[106.035734272,-5.88190710999993,0],[106.03573947,-5.88190771399996,0],[106.035741741,-5.88190797799996,0],[106.035746186,-5.88191137199993,0],[106.035746713,-5.88191356299996,0],[106.03574761,-5.88191729499994,0],[106.035755092,-5.88192308399994,0],[106.035762154,-5.88192603299996,0],[106.035768632,-5.88192873799994,0],[106.035777801,-5.88193759899997,0],[106.035778427,-5.88193917499996,0],[106.035782598,-5.88194966499998,0],[106.035795528,-5.88195792799996,0],[106.035803826,-5.88195968599996,0],[106.035816589,-5.88196238899997,0],[106.035828438,-5.88196853499994,0],[106.035831073,-5.88197636999996,0],[106.035836622,-5.88198167899998,0],[106.035845083,-5.88198446299998,0],[106.035854195,-5.88199027799993,0],[106.035863957,-5.88199912199997,0],[106.035873029,-5.88201290699993,0],[106.035874898,-5.88201708199995,0],[106.035881412,-5.88203163199995,0],[106.035891134,-5.88204175299995,0],[106.035902197,-5.88204327399995,0],[106.03590742,-5.88204668099996,0],[106.035906805,-5.88205197599996,0],[106.035913646,-5.88205899299993,0],[106.035927941,-5.88206773299993,0],[106.035938463,-5.88207839299997,0],[106.035945211,-5.88209097399994,0],[106.035951194,-5.88209596899998,0],[106.035956413,-5.88209337899997,0],[106.035959371,-5.88209735699996,0],[106.035960065,-5.88210790299996,0],[106.035965328,-5.88211309599996,0],[106.035975159,-5.88211293299997,0],[106.035983665,-5.88211723099994,0],[106.035990844,-5.88212598699994,0],[106.035993949,-5.88213464999995,0],[106.035992983,-5.88214321899994,0],[106.035996942,-5.88214830199996,0],[106.036005825,-5.88214989699998,0],[106.036013891,-5.88215552099996,0],[106.03602114,-5.88216517199993,0],[106.036030405,-5.88217342799993,0],[106.036041687,-5.88218028899996,0],[106.036050759,-5.88218225299994,0],[106.036057621,-5.88217932199996,0],[106.036066329,-5.88218376399993,0],[106.036076881,-5.88219558099996,0],[106.036082505,-5.88220539899993,0],[106.036083199,-5.88221322199996,0],[106.036086033,-5.88221434599996,0],[106.036091006,-5.88220877399993,0],[106.03609691,-5.88220683099996,0],[106.036103747,-5.88220851899996,0],[106.036106884,-5.88221247799993,0],[106.036106321,-5.88221870499996,0],[106.036110539,-5.88222212599993,0],[106.036119536,-5.88222273999997,0],[106.036122884,-5.88222887599994,0],[106.036120582,-5.88224053399995,0],[106.036123358,-5.88224473799994,0],[106.036131213,-5.88224148799998,0],[106.036139248,-5.88224137899994,0],[106.036147464,-5.88224440999994,0],[106.036152173,-5.88225281099994,0],[106.036153378,-5.88226658199994,0],[106.03615549,-5.88226934199997,0],[106.036158513,-5.88226109199996,0],[106.036166772,-5.88226517899994,0],[106.036180268,-5.88228160299997,0],[106.036191516,-5.88229040399995,0],[106.036200512,-5.88229157899997,0],[106.036206738,-5.88229536399996,0],[106.036210192,-5.88230176099995,0],[106.036218183,-5.88230821399998,0],[106.036230712,-5.88231472499996,0],[106.036239446,-5.88232597199993,0],[106.036244384,-5.88234195399997,0],[106.036252138,-5.88234935799994,0],[106.036262709,-5.88234817999995,0],[106.036271368,-5.88235229099996,0],[106.036278115,-5.88236168799995,0],[106.036283884,-5.88236437899997,0],[106.036288673,-5.88236036499995,0],[106.036292683,-5.88236236799997,0],[106.036295917,-5.88237038799997,0],[106.036301993,-5.88237218899997,0],[106.036309818,-5.88236831099994,0],[106.036310911,-5.88236776899993,0],[106.036320242,-5.88236968099994,0],[106.036329987,-5.88237792599995,0],[106.03633391,-5.88238776699995,0],[106.036336137,-5.88239335499998,0],[106.036338694,-5.88241596799998,0],[106.036343553,-5.88242593799993,0],[106.036350714,-5.88242326299996,0],[106.036358587,-5.88242411099998,0],[106.036367171,-5.88242848299996,0],[106.036374398,-5.88243679299995,0],[106.036380268,-5.88244904299995,0],[106.036387016,-5.88245909499994,0],[106.036394643,-5.88246695199996,0],[106.036410524,-5.88247776199995,0],[106.036434661,-5.88249152299994,0],[106.036448157,-5.88250248299994,0],[106.036451013,-5.88251064299993,0],[106.036456939,-5.88251788799994,0],[106.036465937,-5.88252421899995,0],[106.036471178,-5.88252463799995,0],[106.036472662,-5.88251914499995,0],[106.036478633,-5.88251977299996,0],[106.036489089,-5.88252652099993,0],[106.036495372,-5.88253411699998,0],[106.03649748,-5.88254256199997,0],[106.036502756,-5.88254709799997,0],[106.0365112,-5.88254772399995,0],[106.036514724,-5.88255137499993,0],[106.036513327,-5.88255804899995,0],[106.036517826,-5.88256281099996,0],[106.03652822,-5.88256566199993,0],[106.036540381,-5.88257106999993,0],[106.036554307,-5.88257903399995,0],[106.036563982,-5.88258705399994,0],[106.036569403,-5.88259513099996,0],[106.036574811,-5.88259824299996,0],[106.036580206,-5.88259639199993,0],[106.036593025,-5.88260765199993,0],[106.03661327,-5.88263202799993,0],[106.036628369,-5.88264487699996,0],[106.036638324,-5.88264619999995,0],[106.036643588,-5.88265059499997,0],[106.036644159,-5.88265806399994,0],[106.036650428,-5.88266861799997,0],[106.036662395,-5.88268225599995,0],[106.036673603,-5.88269201799994,0],[106.03668405,-5.88269790299995,0],[106.036703275,-5.88271444799994,0],[106.036731277,-5.88274165199994,0],[106.036749606,-5.88275521199995,0],[106.036758261,-5.88275512999996,0],[106.036766235,-5.88276064699994,0],[106.036773528,-5.88277176499997,0],[106.036778465,-5.88278219699993,0],[106.036781048,-5.88279194299997,0],[106.036788641,-5.88279651499994,0],[106.03680124,-5.88279591099996,0],[106.036808739,-5.88279366799998,0],[106.036811138,-5.88278978599993,0],[106.036816871,-5.88278974999997,0],[106.03682594,-5.88279355799995,0],[106.036829278,-5.88279880099998,0],[106.036826888,-5.88280547699998,0],[106.036828799,-5.88281443799997,0],[106.036835011,-5.88282568499994,0],[106.036843271,-5.88283095799994,0],[106.036853578,-5.88283025799996,0],[106.036859368,-5.88283574399998,0],[106.036860641,-5.88284741699994,0],[106.036871502,-5.88285901299997,0],[106.036891948,-5.88287053399995,0],[106.036901934,-5.88287994299998,0],[106.03690146,-5.88288723899996,0],[106.036907281,-5.88289286199995,0],[106.036919397,-5.88289681299995,0],[106.036927266,-5.88288865699997,0],[106.036957176,-5.88290356299996,0],[106.036967681,-5.88290938199998,0],[106.036970627,-5.88292015799993,0],[106.036977103,-5.88292924899997,0],[106.036986979,-5.88293618699993,0],[106.036997334,-5.88293761099993,0],[106.037008168,-5.88293352199997,0],[106.03701313,-5.88293429899994,0],[106.037014749,-5.88293455199994,0],[106.037015283,-5.88293596099993,0],[106.037017077,-5.88294070099994,0],[106.037015685,-5.88294827499993,0],[106.037010571,-5.88295727299993,0],[106.037013079,-5.88296245699996,0],[106.037023211,-5.88296382899995,0],[106.037032775,-5.88297083799995,0],[106.037041772,-5.88298348199993,0],[106.037056393,-5.88299464899995,0],[106.037076637,-5.88300433799998,0],[106.037091025,-5.88301780599994,0],[106.037099557,-5.88303505399995,0],[106.037110312,-5.88304681999995,0],[106.037123289,-5.88305310299995,0],[106.037130385,-5.88306085599993,0],[106.037131597,-5.88307007699996,0],[106.037134773,-5.88306964199995,0],[106.037139913,-5.88305954599997,0],[106.037142444,-5.88305943399996,0],[106.037142365,-5.88306930399995,0],[106.037144452,-5.88307284299998,0],[106.037148704,-5.88307005199994,0],[106.037155202,-5.88307694299993,0],[106.037163944,-5.88309351799995,0],[106.037173794,-5.88309972699994,0],[106.037184751,-5.88309557199995,0],[106.037189852,-5.88309918199997,0],[106.037189096,-5.88311055799994,0],[106.037193098,-5.88311973499998,0],[106.037201858,-5.88312671499995,0],[106.037211128,-5.88313073099994,0],[106.037220908,-5.88313178099997,0],[106.037229865,-5.88313578499998,0],[106.037238002,-5.88314273999993,0],[106.037241507,-5.88314846799994,0],[106.037240383,-5.88315296599995,0],[106.037253291,-5.88316562899996,0],[106.03728023,-5.88318645399994,0],[106.03729779,-5.88320260799998,0],[106.037305971,-5.88321409199995,0],[106.037310469,-5.88322338599994,0],[106.037311286,-5.88323049199994,0],[106.037317318,-5.88323762099998,0],[106.037328565,-5.88324477199995,0],[106.037340211,-5.88324828299994,0],[106.037352258,-5.88324815399994,0],[106.03736238,-5.88325056499997,0],[106.037370578,-5.88325551499997,0],[106.037372182,-5.88326065799993,0],[106.03736719,-5.88326599199996,0],[106.037368315,-5.88326960699993,0],[106.037375555,-5.88327150399994,0],[106.037386679,-5.88327988799995,0],[106.037401686,-5.88329475899997,0],[106.037412111,-5.88330225999994,0],[106.037417955,-5.88330238999993,0],[106.037422822,-5.88330861299994,0],[106.037426715,-5.88332092899998,0],[106.037437039,-5.88332685699993,0],[106.037453795,-5.88332639699996,0],[106.037461668,-5.88332982699995,0],[106.037460657,-5.88333714599997,0],[106.037463526,-5.88334091999997,0],[106.037470274,-5.88334114699995,0],[106.037479272,-5.88334813999995,0],[106.037490519,-5.88336189899996,0],[106.037499516,-5.88336665099996,0],[106.037506264,-5.88336239399996,0],[106.037510925,-5.88336298799993,0],[106.0375135,-5.88336843199994,0],[106.037512362,-5.88337451499996,0],[106.037507511,-5.88338123599993,0],[106.037510512,-5.88338706999997,0],[106.037521364,-5.88339201599996,0],[106.037528173,-5.88340107499994,0],[106.037530941,-5.88341424899994,0],[106.037539785,-5.88341966199994,0],[106.037554704,-5.88341731399993,0],[106.037567027,-5.88342432799993,0],[106.037576754,-5.88344070299996,0],[106.037582742,-5.88344648799995,0],[106.037584992,-5.88344168199995,0],[106.037596449,-5.88344699099997,0],[106.037627448,-5.88347012499997,0],[106.037650882,-5.88349261899998,0],[106.037656579,-5.88350507099995,0],[106.037666799,-5.88352097799998,0],[106.037680563,-5.88353473799998,0],[106.037697872,-5.88354634999996,0],[106.037709193,-5.88355526699996,0],[106.037714527,-5.88356148799994,0],[106.037723788,-5.88356808599997,0],[106.037736977,-5.88357505999994,0],[106.037751601,-5.88358614699996,0],[106.037767663,-5.88360134599998,0],[106.037775734,-5.88361135499997,0],[106.037775813,-5.88361617399994,0],[106.037785184,-5.88362308099994,0],[106.037803847,-5.88363207899994,0],[106.037813688,-5.88363882699997,0],[106.037814707,-5.88364332599997,0],[106.037826375,-5.88364877799995,0],[106.037848693,-5.88365518399996,0],[106.037864712,-5.88366399199998,0],[106.037874429,-5.88367520199995,0],[106.037885214,-5.88368099599995,0],[106.037897068,-5.88368137599997,0],[106.03790321,-5.88367889999995,0],[106.03790364,-5.88367357099997,0],[106.037914395,-5.88366326499994,0],[106.037935474,-5.88364798199996,0],[106.037950512,-5.88364299699998,0],[106.037959509,-5.88364831099994,0],[106.037967105,-5.88364877199996,0],[106.037968676,-5.88364765799997,0],[106.0379733,-5.88364437999996,0],[106.037978479,-5.88364640599997,0],[106.037982644,-5.88365484999997,0],[106.037983866,-5.88366374899994,0],[106.037982144,-5.88367310199993,0],[106.037986544,-5.88368323899994,0],[106.037987086,-5.88368448799997,0],[106.037998693,-5.88369790499996,0],[106.038012259,-5.88370571099995,0],[106.038027785,-5.88370790499994,0],[106.038042406,-5.88370465699995,0],[106.038056122,-5.88369596499996,0],[106.038066353,-5.88369161799994,0],[106.038073102,-5.88369161499998,0],[106.038083296,-5.88368748899995,0],[106.038083699,-5.88368732599997,0],[106.038098143,-5.88367874799997,0],[106.038108265,-5.88367114699997,0],[106.038114065,-5.88366452099996,0],[106.038121463,-5.88366216099996,0],[106.03813046,-5.88366406699993,0],[106.038137019,-5.88366259699995,0],[106.038141141,-5.88365775299997,0],[106.038152387,-5.88365924499993,0],[106.038170759,-5.88366707399996,0],[106.038188943,-5.88366866899997,0],[106.038206938,-5.88366403199996,0],[106.038218532,-5.88366477399995,0],[106.038223725,-5.88367089499997,0],[106.038233847,-5.88366808399996,0],[106.038248898,-5.88365633999996,0],[106.038258788,-5.88365036999994,0],[106.038263515,-5.88365017199993,0],[106.038264042,-5.88364107599995,0],[106.038260369,-5.88362308099994,0],[106.038260611,-5.88361183499995,0],[106.038264767,-5.88360733599995,0],[106.038266002,-5.88359946399993,0],[106.038264314,-5.88358821699995,0],[106.038265487,-5.88357696999998,0],[106.03826952,-5.88356572299995,0],[106.038269881,-5.88354772899993,0],[106.038266569,-5.88352298499996,0],[106.038266529,-5.88350836399997,0],[106.038269762,-5.88350386599996,0],[106.038269788,-5.88349599299994,0],[106.038263876,-5.88347012599996,0],[106.038269648,-5.88344988099993,0],[106.038271757,-5.88343525999994,0],[106.038272126,-5.88341951499996,0],[106.038270215,-5.88340826799993,0],[106.038266024,-5.88340151999995,0],[106.03826449,-5.88339252299994,0],[106.038265615,-5.88338127599997,0],[106.038268515,-5.88337368199996,0],[106.038273189,-5.88336974099997,0],[106.038273932,-5.88335868599995,0],[106.038270742,-5.88334051899994,0],[106.038269692,-5.88332449599994,0],[106.038270781,-5.88331061399998,0],[106.03826895,-5.88329467599993,0],[106.038264196,-5.88327668099993,0],[106.038265333,-5.88326318499998,0],[106.038272363,-5.88325418699998,0],[106.038275939,-5.88324518999997,0],[106.038276062,-5.88323619299996,0],[106.03827872,-5.88322944399994,0],[106.038283913,-5.88322494499994,0],[106.038285737,-5.88321667399993,0],[106.03828419,-5.88320462799993,0],[106.038285639,-5.88319675599996,0],[106.038290085,-5.88319305499994,0],[106.038290529,-5.88317276799995,0],[106.038286971,-5.88313589399996,0],[106.038285872,-5.88310855899994,0],[106.038287235,-5.88309076299993,0],[106.038292269,-5.88307531499993,0],[106.038300976,-5.88306221699997,0],[106.03831268,-5.88305918599997,0],[106.03832738,-5.88306622199997,0],[106.038331166,-5.88306873699997,0],[106.038343771,-5.88307711099998,0],[106.038361854,-5.88309185099996,0],[106.038371058,-5.88310151399997,0],[106.038371383,-5.88310609699994,0],[106.038379941,-5.88311553699998,0],[106.038396732,-5.88312983299994,0],[106.038409565,-5.88313881599993,0],[106.03841844,-5.88314248399996,0],[106.0384285,-5.88313898399997,0],[106.038439747,-5.88312831599995,0],[106.038451362,-5.88312241299997,0],[106.038463347,-5.88312127199993,0],[106.038475789,-5.88311695799996,0],[106.038488688,-5.88310947299993,0],[106.03849639,-5.88309805299997,0],[106.038498894,-5.88308269899994,0],[106.03849237,-5.88306470399993,0],[106.038476817,-5.88304406799995,0],[106.038464885,-5.88303086599996,0],[106.038456573,-5.88302509699997,0],[106.038446156,-5.88301199399996,0],[106.038433636,-5.88299155399994,0],[106.038422433,-5.88297913399992,0],[106.038412548,-5.88297473599994,0],[106.038406925,-5.88296815299998,0],[106.038405563,-5.88295938499994,0],[106.038400383,-5.88294866899997,0],[106.038391385,-5.88293600499998,0],[106.038382388,-5.88292828899995,0],[106.038373391,-5.88292552099995,0],[106.038362535,-5.88291779999997,0],[106.038352444,-5.88290774099994,0],[106.038349821,-5.88290512599997,0],[106.038338411,-5.88289557699994,0],[106.038328307,-5.88288915399994,0],[106.038321225,-5.88287453399994,0],[106.038317166,-5.88285171499996,0],[106.038322547,-5.88283130799994,0],[106.03833737,-5.88281331299993,0],[106.038344804,-5.88279306899994,0],[106.038344846,-5.88277111599996,0],[106.038344847,-5.88277057599993,0],[106.038342876,-5.88274920699996,0],[106.038338886,-5.88272896199993,0],[106.038339107,-5.88272411399993,0],[106.038339404,-5.88271758199994,0],[106.038339844,-5.88271736199994,0],[106.03834443,-5.88271506299998,0],[106.038349404,-5.88270606599997,0],[106.038354324,-5.88269058899994,0],[106.038360066,-5.88266822999998,0],[106.03836663,-5.88263898799994,0],[106.038368659,-5.88261299399994,0],[106.038366155,-5.88259024799993,0],[106.03835942,-5.88257562699994,0],[106.038355554,-5.88257333699994,0],[106.038348454,-5.88256913199996,0],[106.038343829,-5.88255891899996,0],[106.038345542,-5.88254498699996,0],[106.038349008,-5.88253634899996,0],[106.038354228,-5.88253300699995,0],[106.038358726,-5.88252614799995,0],[106.038362505,-5.88251577199998,0],[106.03836811,-5.88250978799994,0],[106.038375544,-5.88250819699994,0],[106.038379844,-5.88250310199993,0],[106.038381014,-5.88249450399996,0],[106.038385705,-5.88248325799998,0],[106.03839392,-5.88246936199994,0],[106.038394373,-5.88245229099994,0],[106.038387062,-5.88243204799994,0],[106.038388776,-5.88241781699998,0],[106.038399513,-5.88240960199994,0],[106.038410505,-5.88240317199995,0],[106.038421752,-5.88239852799995,0],[106.038429036,-5.88239138899996,0],[106.038432358,-5.88238175599997,0],[106.038445854,-5.88237811499994,0],[106.038469524,-5.88238046999993,0],[106.038485859,-5.88238449099993,0],[106.038494856,-5.88239017899997,0],[106.03850283,-5.88240147299996,0],[106.03850978,-5.88241837399994,0],[106.038510197,-5.88242052299995,0],[106.038512271,-5.88243122399996,0],[106.038510303,-5.88244002099998,0],[106.038513022,-5.88245059699994,0],[106.038520429,-5.88246295299996,0],[106.038530389,-5.88247427699997,0],[106.038542901,-5.88248456799994,0],[106.038548489,-5.88249188599997,0],[106.038547153,-5.88249623099995,0],[106.038553484,-5.88250593899994,0],[106.038567481,-5.88252100999995,0],[106.038581566,-5.88252951899995,0],[106.038595739,-5.88253146699998,0],[106.038606792,-5.88252677499997,0],[106.038614726,-5.88251544199994,0],[106.038621474,-5.88250858799995,0],[106.038627036,-5.88250620999997,0],[106.038626861,-5.88249928799996,0],[106.038624213,-5.88249415199994,0],[106.038620947,-5.88248781799996,0],[106.038621866,-5.88248166499994,0],[106.038629615,-5.88248082699994,0],[106.038632862,-5.88247590999993,0],[106.038631605,-5.88246691199993,0],[106.038637436,-5.88246432699998,0],[106.038650351,-5.88246815299993,0],[106.038657886,-5.88246590399996,0],[106.038660039,-5.88245757899995,0],[106.03865779,-5.88244935099993,0],[106.038651138,-5.88244121999998,0],[106.03865456,-5.88243743699996,0],[106.038668057,-5.88243799999998,0],[106.038671067,-5.88243729899995,0],[106.038678179,-5.88243564299995,0],[106.038684926,-5.88243036199998,0],[106.038686197,-5.88242275599993,0],[106.038681988,-5.88241282199994,0],[106.038680551,-5.88240237499997,0],[106.038681887,-5.88239141499997,0],[106.038677397,-5.88238578299996,0],[106.038667081,-5.88238547699996,0],[106.038662973,-5.88237993399997,0],[106.038665074,-5.88236915199997,0],[106.038659296,-5.88235338299995,0],[106.038645642,-5.88233262699993,0],[106.038633253,-5.88232017599995,0],[106.038622129,-5.88231602999997,0],[106.038608975,-5.88231361499993,0],[106.038593792,-5.88231293099994,0],[106.038577985,-5.88230749099995,0],[106.038561555,-5.88229729499994,0],[106.038547992,-5.88228301599997,0],[106.038537299,-5.88226465399993,0],[106.038528746,-5.88225390499997,0],[106.038522332,-5.88225076799995,0],[106.038516097,-5.88223277299994,0],[106.038510043,-5.88219991999995,0],[106.038512086,-5.88218236899996,0],[106.038522226,-5.88218011999993,0],[106.038527783,-5.88217562099993,0],[106.038528759,-5.88216887299996,0],[106.038526351,-5.88215875099996,0],[106.038520561,-5.88214525499995,0],[106.038520961,-5.88212786299994,0],[106.03852755,-5.88210657599996,0],[106.038536078,-5.88209195499996,0],[106.038546543,-5.88208399999996,0],[106.038552166,-5.88207319099996,0],[106.038552948,-5.88205952699997,0],[106.038558963,-5.88205348699995,0],[106.038570209,-5.88205507299995,0],[106.038579273,-5.88205072399995,0],[106.038586153,-5.88204043799993,0],[106.038591776,-5.88202875699994,0],[106.038596143,-5.88201567899995,0],[106.038603638,-5.88200630399996,0],[106.03861426,-5.88200063299996,0],[106.038621009,-5.88199436999997,0],[106.038623882,-5.88198751399995,0],[106.038629216,-5.88198220299995,0],[106.038637009,-5.88197843599994,0],[106.038648585,-5.88196867999994,0],[106.038663945,-5.88195293499996,0],[106.038672178,-5.88194056299994,0],[106.038673284,-5.88193156599993,0],[106.038678104,-5.88192369299998,0],[106.038686635,-5.88191694499994,0],[106.038699248,-5.88189895699998,0],[106.038715943,-5.88186972799997,0],[106.038725415,-5.88184675299993,0],[106.038727664,-5.88183002999995,0],[106.038732163,-5.88181818199996,0],[106.038738911,-5.88181120799993,0],[106.038746783,-5.88180618899997,0],[106.038755781,-5.88180312799994,0],[106.038762502,-5.88179743199993,0],[106.038767045,-5.88179358199994,0],[106.038780577,-5.88177754999998,0],[106.038787062,-5.88176505499996,0],[106.038786499,-5.88175609599995,0],[106.038789733,-5.88174599399997,0],[106.038796762,-5.88173474699994,0],[106.03879999,-5.88172422899993,0],[106.038801314,-5.88171991399997,0],[106.038803387,-5.88170149499996,0],[106.038807389,-5.88168799899995,0],[106.03881332,-5.88167942599995,0],[106.038815363,-5.88167288999995,0],[106.038813518,-5.88166839099995,0],[106.038817902,-5.88166203199995,0],[106.038828516,-5.88165381199997,0],[106.038837158,-5.88163841699998,0],[106.038843827,-5.88161584699998,0],[106.038849802,-5.88160308699997,0],[106.038855082,-5.88160013699996,0],[106.038858241,-5.88159469999994,0],[106.038859229,-5.88159299999995,0],[106.038859913,-5.88159043099995,0],[106.038862243,-5.88158167699993,0],[106.038859814,-5.88157211699996,0],[106.038851941,-5.88156431899995,0],[106.038847855,-5.88155577199996,0],[106.038847557,-5.88154647399995,0],[106.038853743,-5.88153347499997,0],[106.038866412,-5.88151677299993,0],[106.038875924,-5.88150941499993,0],[106.038882277,-5.88151139699994,0],[106.038884258,-5.88150557099993,0],[106.038881868,-5.88149193499993,0],[106.038886995,-5.88148088799994,0],[106.038899639,-5.88147242899993,0],[106.038905416,-5.88146482499997,0],[106.038904327,-5.88145807699993,0],[106.038910152,-5.88145470199993,0],[106.038913065,-5.88145470199993,0],[106.038922892,-5.88145470299997,0],[106.038932061,-5.88145239499994,0],[106.038937659,-5.88144777899993,0],[106.03894308,-5.88143808599995,0],[106.038944634,-5.88143371099994,0],[106.038948326,-5.88142331399996,0],[106.038955099,-5.88141220899996,0],[106.038963403,-5.88140476999996,0],[106.038969888,-5.88139196999992,0],[106.038974553,-5.88137380799998,0],[106.038982193,-5.88135685499998,0],[106.038992807,-5.88134110999994,0],[106.038997139,-5.88133083199995,0],[106.038995188,-5.88132602199994,0],[106.039000372,-5.88131252599993,0],[106.039012691,-5.88129034399998,0],[106.039019865,-5.88127362899996,0],[106.039021895,-5.88126238199993,0],[106.03902649,-5.88125001099996,0],[106.039033652,-5.88123651499996,0],[106.039037399,-5.88122494199996,0],[106.039037733,-5.88121529099993,0],[106.039040483,-5.88120853399994,0],[106.039045649,-5.88120467099998,0],[106.039049349,-5.88119696999996,0],[106.03905158,-5.88118543499996,0],[106.039054946,-5.88117927099995,0],[106.039059445,-5.88117847699993,0],[106.039066478,-5.88117216999996,0],[106.039076046,-5.88116034699993,0],[106.039085549,-5.88114290299995,0],[106.039094986,-5.88111983499994,0],[106.039101155,-5.88110717599994,0],[106.039104053,-5.88110492799996,0],[106.039106404,-5.88109428699994,0],[106.039108206,-5.88107525499993,0],[106.039113165,-5.88105517499997,0],[106.039121284,-5.88103404799995,0],[106.039126934,-5.88100869899995,0],[106.039130114,-5.88097912799998,0],[106.03913797,-5.88095421999998,0],[106.039150499,-5.88093397599994,0],[106.039160951,-5.88091373199995,0],[106.039169325,-5.88089348799997,0],[106.039174069,-5.88087774299993,0],[106.039175185,-5.88086649599995,0],[106.039179025,-5.88085780099993,0],[106.039185589,-5.88085165799993,0],[106.039190338,-5.88084089299997,0],[106.039193272,-5.88082550399997,0],[106.039198201,-5.88081732799998,0],[106.039205125,-5.88081636599998,0],[106.039215402,-5.88080993699998,0],[106.039229029,-5.88079803999995,0],[106.039246291,-5.88077613099995,0],[106.039267185,-5.88074421099998,0],[106.039281309,-5.88071192099994,0],[106.039288664,-5.88067925999997,0],[106.039297885,-5.88065190699996,0],[106.039308974,-5.88062986499995,0],[106.039321284,-5.88061299499998,0],[106.039334815,-5.88060129699994,0],[106.039343139,-5.88058853899997,0],[106.039346703,-5.88058307699993,0],[106.039356948,-5.88055833399994,0],[106.039363424,-5.88054483799993,0],[106.03936613,-5.88054258799997,0],[106.03936787,-5.88052121899995,0],[106.039367934,-5.88051788699994,0],[106.039368643,-5.88048073099998,0],[106.039372144,-5.88045711299998,0],[106.039378374,-5.88045036499994,0],[106.039382803,-5.88044052699996,0],[106.03938543,-5.88042760099995,0],[106.03939296,-5.88041297999996,0],[106.039401117,-5.88040227599993,0],[106.039405393,-5.88039666499998,0],[106.039413758,-5.88038400899995,0],[106.039418054,-5.88037501099996,0],[106.03941859,-5.88036713799994,0],[106.039415365,-5.88036039099995,0],[106.03941595,-5.88034825799997,0],[106.039420343,-5.88033074099997,0],[106.039425909,-5.88031588499996,0],[106.039432648,-5.88030369099994,0],[106.039433848,-5.88029108099994,0],[106.039429507,-5.88027805399997,0],[106.039428853,-5.88026704199996,0],[106.039431884,-5.88025804499995,0],[106.039429322,-5.88024277999995,0],[106.039422399,-5.88022449699997,0],[106.039421169,-5.88022124899993,0],[106.0394132,-5.88020550299996,0],[106.039405414,-5.88019554399995,0],[106.039402159,-5.88018168399998,0],[106.039403433,-5.88016392299994,0],[106.039407326,-5.88015372399997,0],[106.039413837,-5.88015108599996,0],[106.039422715,-5.88014345999994,0],[106.039433962,-5.88013084399995,0],[106.039447459,-5.88012435999997,0],[106.039454521,-5.88012420399997,0],[106.039463203,-5.88012401199995,0],[106.039473326,-5.88012159299996,0],[106.039477825,-5.88011710499995,0],[106.039485697,-5.88011783499996,0],[106.039496944,-5.88012378099995,0],[106.039507066,-5.88012664299993,0],[106.039516063,-5.88012642099994,0],[106.039527284,-5.88011987899995,0],[106.039540728,-5.88010701999997,0],[106.039548037,-5.88009384199995,0],[106.039549216,-5.88008034599994,0],[106.039547643,-5.88006909899997,0],[106.039543319,-5.88006010199996,0],[106.039549355,-5.88005110399996,0],[106.039565752,-5.88004210699995,0],[106.03957185,-5.88003143199995,0],[106.039567649,-5.88001907899996,0],[106.039560712,-5.88000929499998,0],[106.039551038,-5.88000207899995,0],[106.039550946,-5.88000179699998,0],[106.039549123,-5.87999621699993,0],[106.039554966,-5.87999170899997,0],[106.039560211,-5.87998278299995,0],[106.03956486,-5.87996944099996,0],[106.039565651,-5.87995841899993,0],[106.039562584,-5.87994971799998,0],[106.03956555,-5.87994392399997,0],[106.039574547,-5.87994103599993,0],[106.039582024,-5.87993148099997,0],[106.039587982,-5.87991525699994,0],[106.039589954,-5.87990517399993,0],[106.039587942,-5.87990123399993,0],[106.039591799,-5.87987986399997,0],[106.039601526,-5.87984106799996,0],[106.039608551,-5.87982083999998,0],[106.039612874,-5.87981917999997,0],[106.039625794,-5.87980181999995,0],[106.039647313,-5.87976876299996,0],[106.039663058,-5.87975128399995,0],[106.039673031,-5.87974938399998,0],[106.039684722,-5.87974204599993,0],[106.039698129,-5.87972927099997,0],[106.039704386,-5.87971946199997,0],[106.03970349,-5.87971262199994,0],[106.039698758,-5.87970330099995,0],[106.039690191,-5.87969149699995,0],[106.039689558,-5.87968386599994,0],[106.03969686,-5.87968040699997,0],[106.039696592,-5.87967618599993,0],[106.039688754,-5.87967120399998,0],[106.039688201,-5.87966533999997,0],[106.039694932,-5.87965859199994,0],[106.039699975,-5.87964965799995,0],[106.039703332,-5.87963853799994,0],[106.039701336,-5.87963178999996,0],[106.039693991,-5.87962941399996,0],[106.039693636,-5.87962372699997,0],[106.03970027,-5.87961472899997,0],[106.039707632,-5.87959785899994,0],[106.039715725,-5.87957311599996,0],[106.039725245,-5.87955641199994,0],[106.039736193,-5.87954774599996,0],[106.039739567,-5.87953762299998,0],[106.039735367,-5.87952604599997,0],[106.039736518,-5.87951331499994,0],[106.03974302,-5.87949943199993,0],[106.039746561,-5.87948481099994,0],[106.039747141,-5.87946945199997,0],[106.0397511,-5.87945839899993,0],[106.039758436,-5.87945165099995,0],[106.039761775,-5.87944377799994,0],[106.039761116,-5.87943478099993,0],[106.039752465,-5.87942200399993,0],[106.039735824,-5.87940544799994,0],[106.039724129,-5.87939511599996,0],[106.039717381,-5.87939100599993,0],[106.039709508,-5.87937631399996,0],[106.039700511,-5.87935103699994,0],[106.039689554,-5.87932875299992,0],[106.039676637,-5.87930946399996,0],[106.039664521,-5.87929618999993,0],[106.039653204,-5.87928893399993,0],[106.039638707,-5.87927543799998,0],[106.039621028,-5.87925570199997,0],[106.039611776,-5.87924260799997,0],[106.03961095,-5.87923615399995,0],[106.039606038,-5.87923347299994,0],[106.039597041,-5.87923456199997,0],[106.039589845,-5.87922879199994,0],[106.039584449,-5.87921615999994,0],[106.039577249,-5.87920601999997,0],[106.039568243,-5.87919836999993,0],[106.039566441,-5.87919425399997,0],[106.039571845,-5.87919367199993,0],[106.039581295,-5.87918513899996,0],[106.039594791,-5.87916865499994,0],[106.039604917,-5.87915927499995,0],[106.039611675,-5.87915699799993,0],[106.039620623,-5.87914681499996,0],[106.039631765,-5.87912872399994,0],[106.039639212,-5.87910960399995,0],[106.039642963,-5.87908945599997,0],[106.03964751,-5.87907621899996,0],[106.039652853,-5.87906989199996,0],[106.039654399,-5.87906157799995,0],[106.03965215,-5.87905127899995,0],[106.039655753,-5.87904521499996,0],[106.039665206,-5.87904339099993,0],[106.039677578,-5.87904467499993,0],[106.039692867,-5.87904906699993,0],[106.039707839,-5.87906108799996,0],[106.039722494,-5.87908073699998,0],[106.039732902,-5.87909085299998,0],[106.039739062,-5.87909143799993,0],[106.039743055,-5.87909651699994,0],[106.039744883,-5.87910608699997,0],[106.039750221,-5.87911407699994,0],[106.039759068,-5.87912048399994,0],[106.039769116,-5.87912444899996,0],[106.039772516,-5.87912490999997,0],[106.039780363,-5.87912597399998,0],[106.039786663,-5.87912996799997,0],[106.039788016,-5.87913643199994,0],[106.039793956,-5.87914177899995,0],[106.039804482,-5.87914600999994,0],[106.039821146,-5.87914490599996,0],[106.039843947,-5.87913846699996,0],[106.039860716,-5.87913499499996,0],[106.039871453,-5.87913448799998,0],[106.039884202,-5.87913149099995,0],[106.039898964,-5.87912600299995,0],[106.039912293,-5.87911908699994,0],[106.03992419,-5.87911074299996,0],[106.039936096,-5.87909640099997,0],[106.039948011,-5.87907605799995,0],[106.039961458,-5.87906190599995,0],[106.039976439,-5.87905394599994,0],[106.039987181,-5.87904269799998,0],[106.039993683,-5.87902816499997,0],[106.040001441,-5.87901864899993,0],[106.040010456,-5.87901415099998,0],[106.040022951,-5.87900341799997,0],[106.040038925,-5.87898644999996,0],[106.04004667,-5.87897158899995,0],[106.040046186,-5.87895883499993,0],[106.040051476,-5.87894594999995,0],[106.040062539,-5.87893293399998,0],[106.040066154,-5.87892470699995,0],[106.040062324,-5.87892126899993,0],[106.040063782,-5.87891279199994,0],[106.04007053,-5.87889927599997,0],[106.040078877,-5.87888974899994,0],[106.040088824,-5.87888420899998,0],[106.040094135,-5.87886987899998,0],[106.040094811,-5.87884675999993,0],[106.040097711,-5.87883109099994,0],[106.040102834,-5.87882287299993,0],[106.040106726,-5.87881193799996,0],[106.040109388,-5.87879828899997,0],[106.040115271,-5.87878021699993,0],[106.040124374,-5.87875772399997,0],[106.040132133,-5.87874319399998,0],[106.040138546,-5.87873662799996,0],[106.040148726,-5.87872088199993,0],[106.04016267,-5.87869595799998,0],[106.040170143,-5.87866999899995,0],[106.040171145,-5.87864300699994,0],[106.04016966,-5.87862505699997,0],[106.040165688,-5.87861614899998,0],[106.040171751,-5.87861403399995,0],[106.040187848,-5.87861870999996,0],[106.040199182,-5.87861983299996,0],[106.040205755,-5.87861740399995,0],[106.040217476,-5.87860437999996,0],[106.040234346,-5.87858075899993,0],[106.040246674,-5.87856692599996,0],[106.040254459,-5.87856287799997,0],[106.040258689,-5.87854851599997,0],[106.040259937,-5.87854427799994,0],[106.040263109,-5.87851112599998,0],[106.040268047,-5.87848780199994,0],[106.040274751,-5.87847430499994,0],[106.040283287,-5.87846432499992,0],[106.040293655,-5.87845785899998,0],[106.040306062,-5.87844483799995,0],[106.040320507,-5.87842526299994,0],[106.040334821,-5.87841162499996,0],[106.040349002,-5.87840392599998,0],[106.040365398,-5.87839239999994,0],[106.040384008,-5.87837704599997,0],[106.040400061,-5.87837171999996,0],[106.040413557,-5.87837642399995,0],[106.040422554,-5.87837534399995,0],[106.040427053,-5.87836848099994,0],[106.040434061,-5.87836394299995,0],[106.040443576,-5.87836172799996,0],[106.040462779,-5.87836252799997,0],[106.04049167,-5.87836634499996,0],[106.040512621,-5.87837395999998,0],[106.040525634,-5.87838537299996,0],[106.040550293,-5.87838190099995,0],[106.040586599,-5.87836354199993,0],[106.040588587,-5.87836277999997,0],[106.040612999,-5.87835342099993,0],[106.04062949,-5.87835153399993,0],[106.0406388,-5.87834640499995,0],[106.040640926,-5.87833803499996,0],[106.040644977,-5.87833241099997,0],[106.040650952,-5.87832953499998,0],[106.040653719,-5.87832442699994,0],[106.04065328,-5.87831708599998,0],[106.040657151,-5.87831033699996,0],[106.040665331,-5.87830418199997,0],[106.040669171,-5.87829227999993,0],[106.04066867,-5.87827462999996,0],[106.040670164,-5.87826563199997,0],[106.040673651,-5.87826528699998,0],[106.040676006,-5.87825751899993,0],[106.040677228,-5.87824232599996,0],[106.040679734,-5.87823239199997,0],[106.040680936,-5.87822762499997,0],[106.04068713,-5.87821341899996,0],[106.04069043,-5.87820189599995,0],[106.040690834,-5.87819305599993,0],[106.040694208,-5.87818175299998,0],[106.040696472,-5.87817683999998,0],[106.040700552,-5.87816798499995,0],[106.04070495,-5.87814998999994,0],[106.040707401,-5.87812776799996,0],[106.040710639,-5.87811103499996,0],[106.040714663,-5.87809978699994,0],[106.040718643,-5.87807912799997,0],[106.04072258,-5.87804905499996,0],[106.040727214,-5.87802626099995,0],[106.040732548,-5.87801074399994,0],[106.040735382,-5.87799541399994,0],[106.040735716,-5.87798026999997,0],[106.040738663,-5.87797044899997,0],[106.040744225,-5.87796595099996,0],[106.040749888,-5.87794458199994,0],[106.040755652,-5.87790634299995,0],[106.040757304,-5.87788047499993,0],[106.040754844,-5.87786697899998,0],[106.040754725,-5.87785244499997,0],[106.040756949,-5.87783687399997,0],[106.040755973,-5.87782562799993,0],[106.0407518,-5.87781870499992,0],[106.040751984,-5.87781299499994,0],[106.040756526,-5.87780849599994,0],[106.040757309,-5.87780165699996,0],[106.04075433,-5.87779247699996,0],[106.040750438,-5.87778970199997,0],[106.040750315,-5.87772353999998,0],[106.040750273,-5.87770097199996,0],[106.040750215,-5.87766969399996,0],[106.040760641,-5.87762406199994,0],[106.040760882,-5.87762300799994,0],[106.040767926,-5.87755479099997,0],[106.040782118,-5.87747579099994,0],[106.040795465,-5.87742461399995,0],[106.040807636,-5.87738782099996,0],[106.040808353,-5.87738780699993,0],[106.040812708,-5.87738439799995,0],[106.040814737,-5.87737771299993,0],[106.04081385,-5.87736785899995,0],[106.040810045,-5.87735483599994,0],[106.040813648,-5.87733559699996,0],[106.040824657,-5.87731014199994,0],[106.040830557,-5.87729078499996,0],[106.040831348,-5.87727752899997,0],[106.040829284,-5.87726445399994,0],[106.040824363,-5.87725155999993,0],[106.040823186,-5.87723806399993,0],[106.040825751,-5.87722396499993,0],[106.040828835,-5.87719218599995,0],[106.040832438,-5.87714272699998,0],[106.040837003,-5.87711798399994,0],[106.04084253,-5.87711795699994,0],[106.040843583,-5.87711338699995,0],[106.040840166,-5.87710427499997,0],[106.040836743,-5.87710101499994,0],[106.040849487,-5.87707720899994,0],[106.04086875,-5.87700502999996,0],[106.040868814,-5.87700571199997,0],[106.040873423,-5.87701459699997,0],[106.040880127,-5.87700564199997,0],[106.040883567,-5.87699553199997,0],[106.040883743,-5.87698426699995,0],[106.040886023,-5.87697861499993,0],[106.040890407,-5.87697857699993,0],[106.040892938,-5.87697211399995,0],[106.040893614,-5.87695922399996,0],[106.040895811,-5.87695252899994,0],[106.040899528,-5.87695202599997,0],[106.040900441,-5.87694056599997,0],[106.040898552,-5.87691814899995,0],[106.040903121,-5.87690570699993,0],[106.040914148,-5.87690324199997,0],[106.040919745,-5.87689421799996,0],[106.040919912,-5.87687863499997,0],[106.04092333,-5.87686968199995,0],[106.040928649,-5.87686782999998,0],[106.040963712,-5.87681494899994,0],[106.040985028,-5.87671080799993,0],[106.040995675,-5.87665335299994,0],[106.04101691,-5.87650613599993,0],[106.041039886,-5.87644332599996,0],[106.041040091,-5.87644317499996,0],[106.041043781,-5.87643425399995,0],[106.041047545,-5.87641850799997,0],[106.041051386,-5.87639593799997,0],[106.041052585,-5.87637670599997,0],[106.041051143,-5.87636080999994,0],[106.041052589,-5.87634280499998,0],[106.041056921,-5.87632268899995,0],[106.041056947,-5.87631141699995,0],[106.041052668,-5.87630898899994,0],[106.041053287,-5.87630225199996,0],[106.041058805,-5.87629120599996,0],[106.041059904,-5.87628125899994,0],[106.041056583,-5.87627241299998,0],[106.04105769,-5.87626791299994,0],[106.041063226,-5.87626776299993,0],[106.041067755,-5.87626318899993,0],[106.041071278,-5.87625419099993,0],[106.041071911,-5.87624181999996,0],[106.041069652,-5.87622607399993,0],[106.04106587,-5.87621365699994,0],[106.041070094,-5.87619014299997,0],[106.041083676,-5.87609365599997,0],[106.041148483,-5.87623484199997,0],[106.041191832,-5.87632928099993,0],[106.041211849,-5.87647628499997,0],[106.041229937,-5.87660911699993,0],[106.041239856,-5.87668196099997,0],[106.04123625,-5.87677837999996,0],[106.041228005,-5.87699882699997,0],[106.041217301,-5.87728502999994,0],[106.041217298,-5.87728510999995,0],[106.041205545,-5.87759933999996,0],[106.041202693,-5.87762482899996,0],[106.041202147,-5.87762971299998,0],[106.041201635,-5.87763428999995,0],[106.041201184,-5.87763831699993,0],[106.041200597,-5.87764356499997,0],[106.041199425,-5.87765403499998,0],[106.041198005,-5.87766672499993,0],[106.041196044,-5.87768425599995,0],[106.041193917,-5.87770326799995,0],[106.041191876,-5.87772150499995,0],[106.041189136,-5.87774598899995,0],[106.041187775,-5.87775815399993,0],[106.04118624,-5.87777187099994,0],[106.041183509,-5.87779627499998,0],[106.041180742,-5.87782100799996,0],[106.041174141,-5.87788000299997,0],[106.041165744,-5.87795504999997,0],[106.04115649,-5.87803774999998,0],[106.041146752,-5.87812477899996,0],[106.041137558,-5.87820694799996,0],[106.041127673,-5.87829529399994,0],[106.041112749,-5.87842867699993,0],[106.04110081,-5.87853537699993,0],[106.041085927,-5.87866839099996,0],[106.041074372,-5.87877166499993,0],[106.04107232,-5.87879463899998,0],[106.041064542,-5.87888171699996,0],[106.041061639,-5.87891422199993,0],[106.041054298,-5.87899640599994,0],[106.04105142,-5.87902862199996,0],[106.041047218,-5.87907566199993,0],[106.041043276,-5.87911978899996,0],[106.041038316,-5.87917531099993,0],[106.041036314,-5.87919772699996,0],[106.041034035,-5.87922324399995,0],[106.04103,-5.87926842099995,0],[106.041028203,-5.87928854199993,0],[106.041024019,-5.87933538099998,0],[106.041021633,-5.87936208899993,0],[106.041019577,-5.87938510199996,0],[106.041018648,-5.87939550399994,0],[106.041016661,-5.87941775399997,0],[106.041016302,-5.87942177499997,0],[106.041015977,-5.87942541499996,0],[106.041015668,-5.87942887199995,0],[106.041015308,-5.87943289699996,0],[106.041015043,-5.87943586399996,0],[106.041014848,-5.87943804399993,0],[106.041014589,-5.87944094299996,0],[106.041014374,-5.87944335099996,0],[106.041014119,-5.87944620199994,0],[106.041013822,-5.87944952999993,0],[106.041013513,-5.87945298699998,0],[106.041013247,-5.87945596199995,0],[106.041012901,-5.87945983299994,0],[106.041012626,-5.87946290799994,0],[106.041012361,-5.87946587399995,0],[106.041012037,-5.87946949899998,0],[106.041011743,-5.87947279099996,0],[106.041011441,-5.87947616799994,0],[106.041011194,-5.87947893799998,0],[106.041011028,-5.87948079099993,0],[106.041010806,-5.87948328099998,0],[106.041010585,-5.87948575199994,0],[106.04101039,-5.87948793599998,0],[106.041010168,-5.87949042499997,0],[106.041009994,-5.87949237499993,0],[106.041009793,-5.87949462799997,0],[106.04100962,-5.87949656399996,0],[106.041009403,-5.87949898999995,0],[106.041009153,-5.87950178499995,0],[106.04100894,-5.87950417299993,0],[106.041008731,-5.87950651499995,0],[106.041008618,-5.87950777899994,0],[106.041008425,-5.87950993999993,0],[106.041008148,-5.87951304599994,0],[106.041007925,-5.87951554699993,0],[106.041007671,-5.87951839199997,0],[106.041007374,-5.87952171699993,0],[106.041007026,-5.87952561699996,0],[106.041006757,-5.87952863299995,0],[106.041006507,-5.87953143399994,0],[106.041006286,-5.87953390899997,0],[106.041005893,-5.87953830799995,0],[106.041005572,-5.87954190299996,0],[106.041005297,-5.87954498399995,0],[106.041004863,-5.87954984499993,0],[106.041004611,-5.87955266199998,0],[106.041004224,-5.87955699699995,0],[106.041003894,-5.87956068599993,0],[106.0410035,-5.87956509699995,0],[106.041003212,-5.87956832499998,0],[106.041002761,-5.87957336899996,0],[106.041002629,-5.87957484899994,0],[106.041002526,-5.87957600099998,0],[106.041002418,-5.87957720799994,0],[106.041002345,-5.87957802099993,0],[106.041002248,-5.87957910299997,0],[106.041002153,-5.87958016199997,0],[106.041002077,-5.87958101599997,0],[106.041001986,-5.87958203199997,0],[106.041001888,-5.87958313399997,0],[106.041001834,-5.87958373699996,0],[106.041001795,-5.87958416799995,0],[106.041001702,-5.87958520899997,0],[106.041001608,-5.87958625699997,0],[106.041001489,-5.87958758499997,0],[106.041001373,-5.87958887799994,0],[106.041001306,-5.87958962699997,0],[106.041001223,-5.87959055699997,0],[106.04100115,-5.87959136899997,0],[106.041001057,-5.87959241399994,0],[106.041001003,-5.87959302199994,0],[106.041000945,-5.87959367099995,0],[106.04100088,-5.87959439899993,0],[106.041000801,-5.87959528599993,0],[106.041000725,-5.87959613299995,0],[106.041000655,-5.87959691499998,0],[106.041000569,-5.87959787699998,0],[106.041000526,-5.87959835499993,0],[106.04100042,-5.87959954299993,0],[106.041000308,-5.87960079199996,0],[106.041000245,-5.87960149999998,0],[106.041000168,-5.87960236499993,0],[106.041000108,-5.87960304199993,0],[106.041000048,-5.87960371199995,0],[106.041,-5.87960425299997,0],[106.040999943,-5.87960489599993,0],[106.040999867,-5.87960574899995,0],[106.04099981,-5.87960638999994,0],[106.040999759,-5.87960695899994,0],[106.040999694,-5.87960768899995,0],[106.040999647,-5.87960821399997,0],[106.040999596,-5.87960878999996,0],[106.040999544,-5.87960936699994,0],[106.040999474,-5.87961015299993,0],[106.04099941,-5.87961086699994,0],[106.040999353,-5.87961150799993,0],[106.040999311,-5.87961198299996,0],[106.040999269,-5.87961244999997,0],[106.040999221,-5.87961298999994,0],[106.040805703,-5.88031628499994,0],[106.040804333,-5.88032460199997,0],[106.040557597,-5.88182298999993,0],[106.04047401,-5.88233059899994,0],[106.040328868,-5.88314513499995,0],[106.040148694,-5.88418321199993,0],[106.039937818,-5.88528967099995,0],[106.039727013,-5.88620236499997,0],[106.039750213,-5.88745301099993,0],[106.039688756,-5.88879739299995,0],[106.03968799,-5.88881414999997,0],[106.039691631,-5.89004907899994,0],[106.039658878,-5.89055375299995,0],[106.039715797,-5.89249948099996,0],[106.039774925,-5.89452075399993,0],[106.039853013,-5.89719015199995,0],[106.039862852,-5.89756505399993,0],[106.039840572,-5.89787143299998,0],[106.039877007,-5.89835146799993,0],[106.039857689,-5.89873220299995,0],[106.03982279,-5.89891395699993,0],[106.039771736,-5.89917985199997,0],[106.039639087,-5.89964762499994,0],[106.039628597,-5.89965803299998,0],[106.039681274,-5.89977242799995,0],[106.039777157,-5.89992268299994,0],[106.039859345,-5.90005245899994,0],[106.039955161,-5.90016168699998,0],[106.040146657,-5.90031177299994,0],[106.040168573,-5.90032685799997,0],[106.040389391,-5.90047884799998,0],[106.040768943,-5.90076534999997,0],[106.040881924,-5.90092924899994,0],[106.041089776,-5.90143150199998,0],[106.04113941,-5.90167754799995,0],[106.041212146,-5.90223130199996,0],[106.041212721,-5.90253901699998,0],[106.04119532,-5.90278430399997,0],[106.041142856,-5.90352383699997,0],[106.041083819,-5.90424438299993,0],[106.041156518,-5.90435158899993,0],[106.041194401,-5.90445015799997,0],[106.041279334,-5.90461490399997,0],[106.041389414,-5.90476116899993,0],[106.041488457,-5.90487816099994,0],[106.041609442,-5.90498412599993,0],[106.041811024,-5.90513585799994,0],[106.04192835,-5.90527617599997,0],[106.04203374,-5.90529354599994,0],[106.042127467,-5.90533436099997,0],[106.042174457,-5.90542210899997,0],[106.04226243,-5.90551563599996,0],[106.042408739,-5.90588877099998,0],[106.042501119,-5.90587935399998,0],[106.042695151,-5.90587898999996,0],[106.042824594,-5.90592496599993,0],[106.04290333,-5.90603112199994,0],[106.042968363,-5.90622049599995,0],[106.042970878,-5.90622965399996,0],[106.042996272,-5.90632212499997,0],[106.043197301,-5.90670731099993,0],[106.043258008,-5.90682362999996,0],[106.043368613,-5.90736571999997,0],[106.043452152,-5.90782053999993,0],[106.043451538,-5.90810423599993,0],[106.043480104,-5.90834623599994,0],[106.043614945,-5.90910794199993,0],[106.043725625,-5.90973316799995,0],[106.043859759,-5.91024577799993,0],[106.0439625,-5.91040969499994,0],[106.044342385,-5.91067608699996,0],[106.044618967,-5.91087003899997,0],[106.044834424,-5.91105425799998,0],[106.044826951,-5.91143473399995,0],[106.044803861,-5.91155141999997,0],[106.043812926,-5.91267136999994,0],[106.043780822,-5.91270765399997,0],[106.042837655,-5.91374508499996,0],[106.042301879,-5.91456109499995,0],[106.041444049,-5.91597462499993,0],[106.04066739,-5.91726662399998,0],[106.040039123,-5.91841568899997,0],[106.040030979,-5.91843058299997,0],[106.039852229,-5.91877750399993,0],[106.03984056,-5.91880015099997,0],[106.039676654,-5.91905810599997,0],[106.03907079,-5.91995468499994,0],[106.038826073,-5.92031682699997,0],[106.037514246,-5.92236341699993,0],[106.037339237,-5.92263644999997,0],[106.037318713,-5.92265953899994,0],[106.036387452,-5.92370720799994,0],[106.035108492,-5.92474822199995,0],[106.034216194,-5.92555128999993,0],[106.033056207,-5.92677076399997,0],[106.032840263,-5.92720964299997,0],[106.03250706,-5.92788683699996,0],[106.032349793,-5.92820646299998,0],[106.032315277,-5.92827661299998,0],[106.032292879,-5.92832213299994,0],[106.032290547,-5.92832687299995,0],[106.032071781,-5.93018074599996,0],[106.031974326,-5.93072160799994,0],[106.031415073,-5.93382538999998,0],[106.031771416,-5.93468834599997,0],[106.032016782,-5.93528254799998,0],[106.033728487,-5.93788164899996,0]]],[[[105.997721775,-5.94141023199995,0],[105.997728786,-5.94141010399994,0],[105.997731308,-5.94141539399993,0],[105.99773531,-5.94141466499997,0],[105.997740793,-5.94140791599995,0],[105.997748529,-5.94141361399994,0],[105.997763515,-5.94144083099997,0],[105.997780404,-5.94147906399996,0],[105.99779944,-5.94154568899995,0],[105.997782783,-5.94170273299994,0],[105.99775848,-5.94180117099995,0],[105.997752761,-5.94181495299995,0],[105.997744676,-5.94182600699997,0],[105.997733659,-5.94183692799993,0],[105.997719705,-5.94184771799996,0],[105.997708156,-5.94186428299997,0],[105.997699009,-5.94188662299996,0],[105.997692586,-5.94190518199997,0],[105.997688887,-5.94191996099994,0],[105.997683013,-5.94193095899993,0],[105.997674964,-5.94193817799993,0],[105.997666678,-5.94195143399998,0],[105.997658156,-5.94197072999998,0],[105.997650641,-5.94198528399994,0],[105.99764969,-5.94198712499997,0],[105.997641281,-5.94200062099998,0],[105.997628197,-5.94201744599997,0],[105.99761044,-5.94203759799996,0],[105.997593605,-5.94205213699996,0],[105.997577693,-5.94206106399997,0],[105.997569477,-5.94206751599995,0],[105.997568959,-5.94207149199997,0],[105.997562294,-5.94207685399994,0],[105.997549484,-5.94208360199997,0],[105.997537661,-5.94209202299993,0],[105.997526827,-5.94210211899997,0],[105.99751457,-5.94211033499994,0],[105.997500889,-5.94211666899997,0],[105.997499379,-5.94211758499995,0],[105.997487591,-5.94212473999994,0],[105.997475652,-5.94213380399998,0],[105.997474675,-5.94213454599998,0],[105.997456465,-5.94214241799995,0],[105.997438124,-5.94214705299993,0],[105.997432961,-5.94214835799994,0],[105.997405903,-5.94215807599994,0],[105.997401888,-5.94215984599998,0],[105.997375291,-5.94217157199995,0],[105.997357568,-5.94218073899998,0],[105.997352735,-5.94218557599993,0],[105.997342275,-5.94218843399995,0],[105.997326187,-5.94218931199993,0],[105.997306843,-5.94219369499996,0],[105.997284244,-5.94220157999996,0],[105.997261751,-5.94220674499996,0],[105.997239362,-5.94220918799994,0],[105.997225919,-5.94220897099996,0],[105.997221421,-5.94220609199994,0],[105.99720455,-5.94220534599998,0],[105.997178721,-5.94220656899995,0],[105.997175309,-5.94220672999995,0],[105.997152265,-5.94220857099998,0],[105.997135422,-5.94221086799996,0],[105.997131314,-5.94220809199993,0],[105.997139942,-5.94220024099997,0],[105.997141076,-5.94219294099997,0],[105.997134714,-5.94218619299994,0],[105.997123644,-5.94218169399994,0],[105.997107862,-5.94217944499997,0],[105.997095479,-5.94218112099998,0],[105.997086489,-5.94218672299996,0],[105.997087047,-5.94219505499996,0],[105.997097152,-5.94220611699996,0],[105.997096743,-5.94221135399994,0],[105.997085822,-5.94221076499997,0],[105.997073451,-5.94220813799996,0],[105.997059629,-5.94220347199996,0],[105.997052556,-5.94220314399996,0],[105.997052231,-5.94220715599994,0],[105.997045422,-5.94220938599994,0],[105.997032127,-5.94220983399993,0],[105.99702451,-5.94221327599996,0],[105.997022567,-5.94221971199994,0],[105.997012507,-5.94222296299995,0],[105.996994328,-5.94222302899993,0],[105.996983872,-5.94222625499998,0],[105.996981139,-5.94223264299995,0],[105.996973934,-5.94223945299996,0],[105.996962257,-5.94224668399994,0],[105.996955764,-5.94225590999997,0],[105.996954454,-5.94226712999995,0],[105.996951537,-5.94227645099994,0],[105.996947822,-5.94228254299998,0],[105.996947012,-5.94228387099997,0],[105.996933678,-5.94228968599998,0],[105.996929095,-5.94229055699998,0],[105.996911536,-5.94229389399993,0],[105.996899165,-5.94229332999993,0],[105.996896564,-5.94228799199993,0],[105.996888392,-5.94228781399994,0],[105.99687465,-5.94229279599995,0],[105.996865596,-5.94229297799995,0],[105.996861229,-5.94228836099995,0],[105.99685011,-5.94228836799994,0],[105.996832238,-5.94229299899996,0],[105.996814788,-5.94229418199996,0],[105.996797759,-5.94229191899996,0],[105.996783134,-5.94228712699993,0],[105.996770912,-5.94227980299996,0],[105.996754679,-5.94227741699996,0],[105.996734434,-5.94227996999996,0],[105.996715315,-5.94227760199993,0],[105.99669732,-5.94227031399993,0],[105.996687198,-5.94226882399994,0],[105.996684948,-5.94227313399995,0],[105.996670345,-5.94227693499994,0],[105.996643388,-5.94228022499993,0],[105.996626237,-5.94227875699994,0],[105.996618892,-5.94227253199995,0],[105.996616471,-5.94226576399996,0],[105.996618975,-5.94225845399995,0],[105.996614758,-5.94225540299993,0],[105.996603818,-5.94225661099995,0],[105.996594974,-5.94225492199996,0],[105.996588227,-5.94225033499993,0],[105.996575855,-5.94225161299994,0],[105.99655786,-5.94225875699993,0],[105.99653874,-5.94226028799994,0],[105.996518496,-5.94225620699996,0],[105.996505308,-5.94224839299994,0],[105.996499174,-5.94223684699995,0],[105.996487928,-5.94223241699996,0],[105.996471567,-5.94223510199993,0],[105.996455651,-5.94223414999993,0],[105.996440177,-5.94222956399994,0],[105.996429796,-5.94222377099993,0],[105.996424507,-5.94221677299993,0],[105.996412944,-5.94221371499998,0],[105.996395107,-5.94221459799996,0],[105.996385244,-5.94221282899997,0],[105.996383355,-5.94220840999998,0],[105.99638672,-5.94220466399997,0],[105.99639534,-5.94220159399993,0],[105.996397756,-5.94219462399997,0],[105.996393969,-5.94218375499997,0],[105.996378241,-5.94217607099995,0],[105.996350572,-5.94217157299994,0],[105.996344503,-5.94216888799997,0],[105.996337863,-5.94216594999995,0],[105.996340112,-5.94215920099998,0],[105.996335346,-5.94215626899995,0],[105.996323563,-5.94215715199994,0],[105.996317943,-5.94215377699993,0],[105.996318488,-5.94214614599997,0],[105.996321893,-5.94213629599994,0],[105.996328158,-5.94212422799995,0],[105.996335372,-5.94211410599996,0],[105.996343534,-5.94210592999997,0],[105.996351791,-5.94210288999994,0],[105.99635519,-5.94210163799994,0],[105.996370338,-5.94210122899995,0],[105.996380706,-5.94209673099994,0],[105.996386294,-5.94208814199993,0],[105.996387502,-5.94207934899993,0],[105.99638433,-5.94207035199997,0],[105.996385622,-5.94206472799993,0],[105.996391377,-5.94206247899996,0],[105.996398042,-5.94205339099994,0],[105.996401154,-5.94204684699997,0],[105.996405616,-5.94203746499994,0],[105.996421884,-5.94202385799997,0],[105.996446847,-5.94201256699995,0],[105.996455591,-5.94201059899996,0],[105.996474963,-5.94200623799998,0],[105.996506235,-5.94200487199993,0],[105.996526369,-5.94200671499993,0],[105.996535367,-5.94201176699994,0],[105.996545765,-5.94201368699993,0],[105.996557566,-5.94201247399997,0],[105.996559191,-5.94200799099997,0],[105.996550642,-5.94200023699995,0],[105.996543955,-5.94199686299993,0],[105.996539131,-5.94199786899998,0],[105.996531672,-5.94199141099995,0],[105.996521576,-5.94197748899995,0],[105.996520779,-5.94197089499994,0],[105.996520206,-5.94196615199996,0],[105.99652756,-5.94195739999998,0],[105.996534497,-5.94195309299994,0],[105.996541017,-5.94195322899998,0],[105.99654667,-5.94194994499998,0],[105.996551459,-5.94194324099993,0],[105.996563246,-5.94193988899997,0],[105.99657596,-5.94193988899997,0],[105.996582032,-5.94193988899997,0],[105.99659653,-5.94193813399994,0],[105.99660674,-5.94193462299995,0],[105.996617666,-5.94193594399997,0],[105.996629308,-5.94194209399996,0],[105.996632612,-5.94193934999993,0],[105.996627577,-5.94192771299993,0],[105.996629629,-5.94191786899995,0],[105.996638766,-5.94190982099997,0],[105.996646709,-5.94190667299995,0],[105.996653458,-5.94190842699993,0],[105.9966592,-5.94190457799994,0],[105.996663936,-5.94189512799994,0],[105.996676307,-5.94188897999993,0],[105.996696314,-5.94188613199998,0],[105.996709692,-5.94188099999997,0],[105.99671644,-5.94187357899995,0],[105.996727555,-5.94186812299995,0],[105.996743037,-5.94186462999994,0],[105.996755738,-5.94186446899994,0],[105.996765658,-5.94186764099993,0],[105.996771777,-5.94186439999993,0],[105.996774098,-5.94185474299996,0],[105.996780515,-5.94184541399994,0],[105.996788853,-5.94183827799998,0],[105.996791033,-5.94183641199993,0],[105.996798886,-5.94183405399997,0],[105.996801916,-5.94183314399993,0],[105.996813162,-5.94183560799996,0],[105.996824409,-5.94183427399997,0],[105.996835655,-5.94182914399994,0],[105.996849226,-5.94182791299994,0],[105.996865121,-5.94183058399994,0],[105.996878947,-5.94182999999992,0],[105.996890704,-5.94182615999995,0],[105.996912903,-5.94181469599994,0],[105.996945545,-5.94179560699996,0],[105.996973332,-5.94178481699993,0],[105.996996265,-5.94178232599995,0],[105.997016729,-5.94177854399993,0],[105.997034724,-5.94177346899994,0],[105.997059603,-5.94175932299993,0],[105.997091366,-5.94173610399997,0],[105.997114928,-5.94172103999995,0],[105.997130286,-5.94171412999998,0],[105.997141511,-5.94170735899996,0],[105.997148602,-5.94170072999998,0],[105.997156598,-5.94169730099998,0],[105.997165498,-5.94169707199995,0],[105.997175563,-5.94169251599993,0],[105.997186792,-5.94168363399996,0],[105.997190272,-5.94167705599995,0],[105.997186001,-5.94167278699996,0],[105.997193817,-5.94166935699997,0],[105.997213719,-5.94166676999993,0],[105.997224697,-5.94166200599994,0],[105.997226753,-5.94165506399997,0],[105.997223744,-5.94164907399994,0],[105.997215669,-5.94164403399998,0],[105.997213169,-5.94163591199998,0],[105.997216245,-5.94162470399993,0],[105.997211193,-5.94161944599995,0],[105.997198013,-5.94162013499994,0],[105.997196229,-5.94161609799994,0],[105.997205841,-5.94160733299998,0],[105.99720843,-5.94159736099994,0],[105.997203992,-5.94158617999994,0],[105.997204897,-5.94157696399998,0],[105.997211144,-5.94156971599995,0],[105.997230114,-5.94156593999998,0],[105.997261807,-5.94156563699994,0],[105.997280786,-5.94157023599996,0],[105.997287052,-5.94157973999995,0],[105.997285927,-5.94158694199996,0],[105.997277412,-5.94159184499995,0],[105.997278563,-5.94159613099993,0],[105.99728938,-5.94159979899996,0],[105.997285808,-5.94160072199998,0],[105.997267848,-5.94159889799994,0],[105.997261615,-5.94160166199993,0],[105.997267106,-5.94160901199996,0],[105.997274816,-5.94161049799993,0],[105.997284745,-5.94160612299993,0],[105.997298136,-5.94160376599996,0],[105.997314988,-5.94160342799995,0],[105.997322097,-5.94160022899996,0],[105.997319461,-5.94159417099996,0],[105.99732606,-5.94159064999997,0],[105.997341893,-5.94158966599997,0],[105.997348865,-5.94158597799998,0],[105.997346976,-5.94157958499994,0],[105.99735639,-5.94157616599995,0],[105.997377109,-5.94157571799997,0],[105.997383804,-5.94157004199997,0],[105.997376476,-5.94155913699996,0],[105.99737949,-5.94155351299997,0],[105.997392845,-5.94155317099995,0],[105.997397345,-5.94154754799996,0],[105.997392986,-5.94153664299995,0],[105.997398373,-5.94153101999996,0],[105.997413503,-5.94153067699995,0],[105.997419135,-5.94152731299994,0],[105.997415269,-5.94152092499996,0],[105.997419095,-5.94151754999996,0],[105.997430614,-5.94151718999996,0],[105.997445301,-5.94150713399995,0],[105.997463156,-5.94148738199993,0],[105.997476687,-5.94147648399996,0],[105.997485895,-5.94147444199996,0],[105.997492723,-5.94146889499996,0],[105.997497168,-5.94145984399995,0],[105.997512562,-5.94145162499996,0],[105.997538904,-5.94144423499995,0],[105.997553433,-5.94143626999994,0],[105.997556148,-5.94142772999993,0],[105.99756627,-5.94142287899996,0],[105.9975838,-5.94142171999994,0],[105.997603855,-5.94141591199997,0],[105.997626436,-5.94140545599993,0],[105.997640187,-5.94140043699997,0],[105.997645108,-5.94140085399994,0],[105.997662157,-5.94139271299997,0],[105.997691338,-5.94137601399996,0],[105.99770761,-5.94136935699993,0],[105.997710976,-5.94137273899997,0],[105.997721999,-5.94137479099993,0],[105.997740679,-5.94137551099993,0],[105.997752936,-5.94137741599997,0],[105.997758771,-5.94138050499993,0],[105.997748402,-5.94138767099997,0],[105.997721832,-5.94139891899994,0],[105.99770754,-5.94140804299997,0],[105.997705528,-5.94141504699996,0],[105.997710273,-5.94141577499994,0],[105.997721775,-5.94141023199995,0]]],[[[105.988933667,-5.93068039699995,0],[105.988942481,-5.93068014799996,0],[105.988953358,-5.93067728299997,0],[105.988964605,-5.93067861699996,0],[105.988976221,-5.93068414799995,0],[105.988988776,-5.93068518099994,0],[105.989002273,-5.93068171399995,0],[105.989012031,-5.93068137699993,0],[105.989018049,-5.93068416899996,0],[105.989030566,-5.93068309799997,0],[105.98904958,-5.93067816399997,0],[105.989067684,-5.93068004999998,0],[105.98908488,-5.93068875499995,0],[105.989091926,-5.93069603999993,0],[105.989088825,-5.93070190499998,0],[105.989092454,-5.93070871899994,0],[105.989102813,-5.93071647899995,0],[105.989112492,-5.93072086699993,0],[105.989121489,-5.93072188199994,0],[105.989127525,-5.93071997999994,0],[105.989130601,-5.93071515999998,0],[105.989138473,-5.93071499399997,0],[105.989151143,-5.93071948199997,0],[105.989167601,-5.93072057699993,0],[105.989187845,-5.93071827999995,0],[105.989198007,-5.93071566299994,0],[105.989198085,-5.93071272899994,0],[105.989205993,-5.93071118799998,0],[105.98922173,-5.93071103999995,0],[105.989232937,-5.93070683099995,0],[105.989239615,-5.93069855799996,0],[105.989247558,-5.93069644899998,0],[105.989302922,-5.93071139599994,0],[105.989305892,-5.93070316099994,0],[105.989313796,-5.93069983999993,0],[105.989326632,-5.93070143199998,0],[105.989336333,-5.93070563199996,0],[105.989342897,-5.93071243899993,0],[105.98936669,-5.93071578299993,0],[105.989407715,-5.93071566199995,0],[105.989431395,-5.93071238299996,0],[105.98943773,-5.93070594699998,0],[105.989446666,-5.93070932099994,0],[105.989458202,-5.93072250599994,0],[105.989469449,-5.93073036799996,0],[105.989480406,-5.93073290999996,0],[105.989491758,-5.93073990699997,0],[105.989503506,-5.93075136099998,0],[105.989514875,-5.93075683799998,0],[105.989525867,-5.93075633999996,0],[105.989534373,-5.93075247299993,0],[105.989540392,-5.93074523999996,0],[105.989551283,-5.93074209899993,0],[105.989567046,-5.93074304999993,0],[105.989576022,-5.93073991799997,0],[105.989578209,-5.93073270499997,0],[105.989585432,-5.93073247199993,0],[105.989597689,-5.93073921999996,0],[105.989608171,-5.93074259399998,0],[105.989616878,-5.93074259399998,0],[105.989629202,-5.93073941499995,0],[105.989645141,-5.93073305799993,0],[105.98966079,-5.93072985999993,0],[105.989676148,-5.93072982099994,0],[105.989689834,-5.93072551099993,0],[105.989701845,-5.93071693099995,0],[105.98971759,-5.93071365299994,0],[105.98973707,-5.93071567899995,0],[105.989747033,-5.93071327099995,0],[105.989747482,-5.93070642999993,0],[105.989753105,-5.93070500499994,0],[105.989763904,-5.93070899399993,0],[105.989777176,-5.93071026899997,0],[105.989792922,-5.93070882999996,0],[105.989808667,-5.93070448499998,0],[105.989824412,-5.93069723199994,0],[105.989842367,-5.93069119299997,0],[105.989862533,-5.93068636899994,0],[105.989932382,-5.93069007699995,0],[105.989925665,-5.93069813099993,0],[105.989923476,-5.93070685799995,0],[105.989927988,-5.93071230399994,0],[105.9899392,-5.93071446699997,0],[105.989947121,-5.93070889499995,0],[105.989951751,-5.93069558499997,0],[105.989958675,-5.93069128999997,0],[105.989967892,-5.93069600699994,0],[105.989985729,-5.93070042599993,0],[105.990012186,-5.93070454499997,0],[105.990025009,-5.93070885399993,0],[105.990024201,-5.93071335299993,0],[105.990032153,-5.93071752299994,0],[105.990048865,-5.93072136499995,0],[105.990056109,-5.93071575399995,0],[105.990053886,-5.93070069199996,0],[105.990053921,-5.93069093199995,0],[105.990056215,-5.93068647499996,0],[105.990068538,-5.93068312399993,0],[105.990090891,-5.93068087599994,0],[105.990103188,-5.93068417499995,0],[105.990105429,-5.93069302199996,0],[105.990109927,-5.93070089299994,0],[105.990116683,-5.93070778999993,0],[105.990120458,-5.93071795399993,0],[105.990121249,-5.93073138099993,0],[105.990130136,-5.93074048699998,0],[105.990147121,-5.93074527199997,0],[105.990160256,-5.93074682799994,0],[105.990169543,-5.93074515599994,0],[105.990176463,-5.93074166399992,0],[105.990181015,-5.93073634999996,0],[105.990194436,-5.93073254499996,0],[105.990216727,-5.93073024599994,0],[105.990228005,-5.93072577999993,0],[105.990228269,-5.93071914399997,0],[105.990235092,-5.93071810599997,0],[105.990248473,-5.93072266599995,0],[105.990256289,-5.93072268499998,0],[105.990258538,-5.93071816499997,0],[105.990264162,-5.93071651799994,0],[105.990273159,-5.93071774399994,0],[105.990278782,-5.93071429499997,0],[105.990281032,-5.93070617099994,0],[105.990286656,-5.93070398499998,0],[105.990295652,-5.93070773399995,0],[105.990313647,-5.93070786299995,0],[105.99034064,-5.93070436999994,0],[105.990356385,-5.93069994699994,0],[105.990360884,-5.93069459499998,0],[105.990367632,-5.93069193299993,0],[105.99037663,-5.93069196399995,0],[105.990384349,-5.93069435899997,0],[105.990390789,-5.93069911999993,0],[105.990403688,-5.93070449599998,0],[105.990423044,-5.93071049099996,0],[105.990433922,-5.93071574199996,0],[105.990436321,-5.93072024999998,0],[105.990447954,-5.93072885999993,0],[105.990468823,-5.93074157499996,0],[105.990487178,-5.93074563699997,0],[105.99050302,-5.93074104499993,0],[105.990519463,-5.93074469799996,0],[105.990536509,-5.93075659499993,0],[105.99054755,-5.93076129999997,0],[105.990552584,-5.93075880999993,0],[105.990554232,-5.93075168699994,0],[105.990552492,-5.93073992799998,0],[105.990558485,-5.93073925599998,0],[105.99057221,-5.93074967099994,0],[105.990583175,-5.93075445399995,0],[105.990591381,-5.93075360599994,0],[105.990599395,-5.93075629599997,0],[105.990607215,-5.93076252599997,0],[105.990612342,-5.93076348399995,0],[105.990614776,-5.93075916899994,0],[105.990620258,-5.93075806599995,0],[105.99062879,-5.93076017299995,0],[105.990634018,-5.93075752999994,0],[105.990635942,-5.93075013799995,0],[105.990632744,-5.93074755399994,0],[105.990624423,-5.93074977699996,0],[105.990620087,-5.93074633699996,0],[105.990619736,-5.93073723499998,0],[105.990626093,-5.93073312499996,0],[105.990639158,-5.93073401099997,0],[105.990650405,-5.93073774399994,0],[105.990659833,-5.93074432499998,0],[105.990661025,-5.93074359699995,0],[105.990663589,-5.93074202999998,0],[105.990661674,-5.93073085699996,0],[105.990668509,-5.93072613899994,0],[105.990684097,-5.93072787499995,0],[105.990693187,-5.93073583699993,0],[105.990695779,-5.93075002799998,0],[105.990700396,-5.93075481899996,0],[105.990707039,-5.93075021299995,0],[105.990710953,-5.93076007699995,0],[105.990711971,-5.93078095699997,0],[105.990712139,-5.93078441199998,0],[105.990715144,-5.93079978999998,0],[105.990719969,-5.93080621299993,0],[105.990718233,-5.93081277199997,0],[105.990709938,-5.93081946799992,0],[105.990710101,-5.93082817199996,0],[105.990718721,-5.93083888399997,0],[105.990728654,-5.93084635399993,0],[105.990739901,-5.93085058099996,0],[105.990739426,-5.93085393699994,0],[105.99072723,-5.93085642399996,0],[105.990721669,-5.93086145099994,0],[105.99072274,-5.93086901799995,0],[105.990727529,-5.93087305099994,0],[105.990736035,-5.93087354999994,0],[105.990742642,-5.93087698699998,0],[105.990747351,-5.93088336499994,0],[105.990752637,-5.93088430299997,0],[105.990758498,-5.93087980399997,0],[105.990757808,-5.93087530599996,0],[105.990750567,-5.93087080699996,0],[105.990751425,-5.93086822199996,0],[105.990760377,-5.93086754999996,0],[105.990770869,-5.93087429699995,0],[105.990782897,-5.93088846599994,0],[105.990795256,-5.93089779999997,0],[105.990807944,-5.93090229899997,0],[105.990819317,-5.93090931899997,0],[105.990829379,-5.93091886099995,0],[105.990842326,-5.93092808799997,0],[105.990858158,-5.93093699899993,0],[105.99087495,-5.93094269999995,0],[105.990892699,-5.93094518899994,0],[105.990903049,-5.93095218599996,0],[105.990906001,-5.93096369299997,0],[105.990913685,-5.93097512899993,0],[105.990926101,-5.93098649599995,0],[105.990941846,-5.93099125599997,0],[105.990960922,-5.93098940999994,0],[105.99097245,-5.93099111899994,0],[105.99097643,-5.93099638699994,0],[105.990974291,-5.93100228299994,0],[105.990966031,-5.93100880699996,0],[105.990961827,-5.93100884399996,0],[105.990961677,-5.93100239399996,0],[105.990952663,-5.93100025799993,0],[105.990934782,-5.93100243199996,0],[105.990933354,-5.93100801799994,0],[105.990948379,-5.93101701599994,0],[105.990964779,-5.93103201299994,0],[105.990982554,-5.93105301099996,0],[105.990996318,-5.93107091899998,0],[105.991006071,-5.93108573699993,0],[105.991018057,-5.93109472099997,0],[105.991032273,-5.93109786799994,0],[105.991036829,-5.93110363599993,0],[105.991031723,-5.93111202499995,0],[105.991035414,-5.93111548399997,0],[105.9910479,-5.93111401299996,0],[105.991054485,-5.93111518199993,0],[105.99105517,-5.93111899299993,0],[105.991065882,-5.93112065299994,0],[105.991086618,-5.93112016099997,0],[105.991098233,-5.93111417099993,0],[105.991100729,-5.93110268499993,0],[105.99110097,-5.93109270599996,0],[105.991098959,-5.93108423399997,0],[105.991102227,-5.93107903099997,0],[105.991110776,-5.93107709799995,0],[105.991114892,-5.93107339099993,0],[105.991114831,-5.93107232999995,0],[105.991114576,-5.93106790999997,0],[105.991121166,-5.93106399899995,0],[105.991134663,-5.93106165799998,0],[105.99114554,-5.93106460799993,0],[105.991153799,-5.93107284899997,0],[105.991161971,-5.93107802499998,0],[105.991170055,-5.93108013399996,0],[105.991168174,-5.93108478099998,0],[105.99115633,-5.93109196599994,0],[105.991151444,-5.93109826399996,0],[105.991150408,-5.93109959999992,0],[105.991150408,-5.93110768399993,0],[105.991158975,-5.93111616499993,0],[105.991176109,-5.93112504399994,0],[105.991182338,-5.93113121399995,0],[105.991177664,-5.93113467599994,0],[105.991184874,-5.93113807899994,0],[105.991203966,-5.93114142199994,0],[105.991207376,-5.93114355999995,0],[105.991210824,-5.93114572199994,0],[105.991210287,-5.93114624699996,0],[105.991205447,-5.93115097799995,0],[105.991203822,-5.93116266899995,0],[105.991205948,-5.93118079299995,0],[105.991213984,-5.93119050799993,0],[105.991227927,-5.93119181299994,0],[105.991235145,-5.93118694299994,0],[105.991235638,-5.93117589799994,0],[105.991237949,-5.93117346499997,0],[105.991242078,-5.93117964499993,0],[105.991245121,-5.93117840199994,0],[105.991248827,-5.93117688799992,0],[105.991258192,-5.93116519799997,0],[105.991270393,-5.93115898999997,0],[105.991285427,-5.93115826599995,0],[105.991294257,-5.93116204499995,0],[105.991296885,-5.93117032899994,0],[105.991303988,-5.93117573099994,0],[105.991315569,-5.93117824999996,0],[105.991325643,-5.93118408899994,0],[105.991334209,-5.93119324899993,0],[105.991336458,-5.93120375799998,0],[105.99133239,-5.93121561499993,0],[105.991324733,-5.93122449999993,0],[105.991313486,-5.93123041099994,0],[105.99131422,-5.93123590499994,0],[105.991326934,-5.93124098099997,0],[105.991327243,-5.93124266299998,0],[105.991329193,-5.93125325799997,0],[105.991320994,-5.93127273599993,0],[105.991322462,-5.93128251299993,0],[105.991333595,-5.93128258999997,0],[105.991349823,-5.93128932899998,0],[105.991371148,-5.93130273099996,0],[105.991386941,-5.93130615299998,0],[105.991411334,-5.93130979199998,0],[105.99142417,-5.93131018699995,0],[105.991429065,-5.93131386899995,0],[105.991430295,-5.93132096799997,0],[105.991441766,-5.93132861599997,0],[105.991463477,-5.93133681199993,0],[105.99147453,-5.93133886799995,0],[105.991474926,-5.93133478399994,0],[105.991483599,-5.93133398299994,0],[105.991500547,-5.93133646599995,0],[105.991511592,-5.93134352499993,0],[105.991516732,-5.93135515999995,0],[105.991524724,-5.93136066399995,0],[105.991535567,-5.93136003599994,0],[105.991540065,-5.93136288599993,0],[105.99153822,-5.93136921399997,0],[105.991544076,-5.93137348199997,0],[105.991557634,-5.93137568999992,0],[105.991563503,-5.93137256999995,0],[105.991561684,-5.93136412199993,0],[105.99156512,-5.93135861899998,0],[105.99157381,-5.93135606199996,0],[105.991580725,-5.93134835699993,0],[105.991581178,-5.93134722399998,0],[105.991585865,-5.93133550399995,0],[105.991592521,-5.93133002199994,0],[105.991600692,-5.93133190899994,0],[105.991610107,-5.93133066299993,0],[105.991620765,-5.93132628599994,0],[105.991625264,-5.93132695299994,0],[105.991623603,-5.93133266599995,0],[105.991628923,-5.93133574799998,0],[105.991641225,-5.93133619799994,0],[105.991650899,-5.93134092199995,0],[105.991657946,-5.93134991999995,0],[105.991657831,-5.93135738099994,0],[105.991650556,-5.93136330499993,0],[105.991643935,-5.93137256799997,0],[105.991643803,-5.93137275299995,0],[105.991637573,-5.93138572499993,0],[105.991635228,-5.93139625799995,0],[105.991636766,-5.93140435499993,0],[105.991640592,-5.93141101499998,0],[105.991646707,-5.93141623899993,0],[105.991655937,-5.93141906499994,0],[105.991668282,-5.93141949299996,0],[105.991677464,-5.93142381099995,0],[105.991683484,-5.93143202099998,0],[105.991691932,-5.93143720099994,0],[105.991752322,-5.93145638999994,0],[105.991761978,-5.93146152099996,0],[105.991763683,-5.93146655899994,0],[105.991771696,-5.93146979099993,0],[105.991786018,-5.93147121399994,0],[105.991795442,-5.93147504199993,0],[105.991799967,-5.93148127399996,0],[105.991807976,-5.93148156799998,0],[105.991819469,-5.93147592499997,0],[105.99182634,-5.93147745399995,0],[105.991828589,-5.93148615499996,0],[105.991836351,-5.93149258499994,0],[105.991849628,-5.93149674599994,0],[105.991862,-5.93150517599997,0],[105.991873466,-5.93151787699998,0],[105.991884924,-5.93152686399998,0],[105.991896373,-5.93153213599993,0],[105.991911868,-5.93153491999993,0],[105.991931409,-5.93153521599993,0],[105.99194143,-5.93154062099995,0],[105.991941931,-5.93155113399996,0],[105.991944518,-5.93155547399994,0],[105.991949193,-5.93155363999995,0],[105.991960427,-5.93155824499996,0],[105.991978219,-5.93156928999997,0],[105.991991628,-5.93157609599996,0],[105.992000651,-5.93157866699994,0],[105.99200656,-5.93157417899994,0],[105.992009354,-5.93156263399993,0],[105.992006081,-5.93155226199997,0],[105.991996741,-5.93154306499997,0],[105.991988741,-5.93153841999998,0],[105.991982081,-5.93153832799993,0],[105.991978813,-5.93153413499994,0],[105.991978935,-5.93152584299997,0],[105.991983434,-5.93152036599997,0],[105.991992308,-5.93151770299994,0],[105.991996829,-5.93151299799996,0],[105.991996984,-5.93150672599995,0],[105.991996996,-5.93150624999993,0],[105.991992524,-5.93150400099995,0],[105.991990881,-5.93150440699998,0],[105.991983413,-5.93150624999993,0],[105.991978957,-5.93150314799993,0],[105.991979035,-5.93149990499995,0],[105.99197916,-5.93149469299993,0],[105.991982512,-5.93149034099997,0],[105.991989013,-5.93149009299998,0],[105.99199324,-5.93148673999997,0],[105.991995191,-5.93148028199994,0],[105.991999918,-5.93147788499994,0],[105.992007422,-5.93147954999995,0],[105.992011701,-5.93148488099996,0],[105.992012755,-5.93149387899996,0],[105.992019995,-5.93149525699994,0],[105.992033421,-5.93148901299998,0],[105.992042638,-5.93149262799994,0],[105.992047647,-5.93150609999998,0],[105.992051565,-5.93151063599993,0],[105.992054395,-5.93150623599996,0],[105.992059771,-5.93150511699997,0],[105.992067698,-5.93150727899996,0],[105.992071906,-5.93151736399994,0],[105.992072398,-5.93153537099994,0],[105.992078654,-5.93154000999994,0],[105.992080687,-5.93153853399997,0],[105.992090674,-5.93153128099993,0],[105.992093424,-5.93152203099993,0],[105.992086904,-5.93151226099997,0],[105.992088377,-5.93150962399994,0],[105.992097839,-5.93151412299994,0],[105.992101837,-5.93152019399997,0],[105.99210037,-5.93152783599993,0],[105.992104135,-5.93152840299996,0],[105.992113132,-5.93152189699993,0],[105.99211894,-5.93152276199993,0],[105.992121559,-5.93153099699992,0],[105.992120434,-5.93153606499993,0],[105.992115566,-5.93153796799993,0],[105.992112909,-5.93154340399997,0],[105.992112559,-5.93155040399995,0],[105.99211246,-5.93155237599996,0],[105.992115434,-5.93155798499993,0],[105.992121831,-5.93156023499995,0],[105.99212195,-5.93156483899998,0],[105.99211579,-5.93157179799994,0],[105.99211532,-5.93157967099995,0],[105.992120539,-5.93158845699998,0],[105.992129642,-5.93159687799994,0],[105.992142628,-5.93160493299996,0],[105.992154746,-5.93160871499992,0],[105.992165992,-5.93160822599998,0],[105.992173786,-5.93161094599998,0],[105.992178127,-5.93161687699995,0],[105.992191605,-5.93162323499996,0],[105.992214222,-5.93163002099993,0],[105.992226677,-5.93163564899993,0],[105.99222897,-5.93164011899995,0],[105.992239241,-5.93164023099996,0],[105.992257491,-5.93163598499996,0],[105.992266708,-5.93163057999993,0],[105.992266893,-5.93162401699993,0],[105.992271203,-5.93162056799997,0],[105.992279637,-5.93162023399998,0],[105.99228067,-5.93161114599997,0],[105.992279986,-5.93160922999994,0],[105.992274299,-5.93159330599997,0],[105.99227773,-5.93158328999994,0],[105.992290963,-5.93158109899997,0],[105.992297773,-5.93157666199994,0],[105.992298159,-5.93156997799997,0],[105.992303599,-5.93157075499994,0],[105.99231409,-5.93157899599993,0],[105.992313896,-5.93158454999997,0],[105.992303019,-5.93158742199995,0],[105.992302764,-5.93158941599995,0],[105.992313132,-5.93159053399995,0],[105.992322845,-5.93159490599993,0],[105.992331904,-5.93160253299993,0],[105.992344908,-5.93161084599996,0],[105.992361858,-5.93161984299996,0],[105.992376751,-5.93162222699993,0],[105.992389588,-5.93161799899997,0],[105.992401626,-5.93161701699995,0],[105.992412863,-5.93161928099994,0],[105.992420732,-5.93162350499995,0],[105.99242523,-5.93162968599995,0],[105.992435111,-5.93163555099994,0],[105.992450373,-5.93164109899993,0],[105.992459511,-5.93165273199998,0],[105.992462525,-5.93167044799998,0],[105.992468332,-5.93167336999994,0],[105.992471905,-5.93167516799997,0],[105.992473528,-5.93167431499995,0],[105.99248765,-5.93166688999997,0],[105.992502543,-5.93166299899997,0],[105.992516584,-5.93166349399996,0],[105.99253008,-5.93166877699997,0],[105.992543032,-5.93167885099996,0],[105.992556352,-5.93168362299997,0],[105.992570042,-5.93168309099997,0],[105.992578828,-5.93168619899996,0],[105.992582712,-5.93169294699993,0],[105.992584257,-5.93169444699993,0],[105.992590488,-5.93170049799994,0],[105.992602157,-5.93170885199993,0],[105.992611892,-5.93171784899994,0],[105.992619694,-5.93172748999996,0],[105.992629817,-5.93173487699994,0],[105.992642258,-5.93174000799996,0],[105.992655166,-5.93174231999996,0],[105.992668539,-5.93174181499995,0],[105.992677817,-5.93174515399994,0],[105.992683002,-5.93175233799997,0],[105.992695601,-5.93175902199994,0],[105.992715617,-5.93176520699996,0],[105.992731991,-5.93176401499994,0],[105.992744722,-5.93175544699994,0],[105.992751304,-5.93175577199997,0],[105.992751734,-5.93176499099997,0],[105.992759822,-5.93177136899993,0],[105.992775568,-5.93177490499994,0],[105.99278211,-5.93176987399994,0],[105.992779447,-5.93175627199997,0],[105.9927728,-5.93175182699997,0],[105.992762168,-5.93175654199996,0],[105.992754664,-5.93175433799996,0],[105.992750289,-5.93174521799995,0],[105.99273906,-5.93174295099993,0],[105.992720977,-5.93174753799997,0],[105.992709629,-5.93174651499993,0],[105.992705016,-5.93173987999995,0],[105.992695988,-5.93173766299998,0],[105.992682544,-5.93173986199997,0],[105.992670358,-5.93173630199993,0],[105.992659427,-5.93172698399997,0],[105.992649397,-5.93172351399994,0],[105.992640268,-5.93172589299996,0],[105.992636885,-5.93172051699997,0],[105.992639249,-5.93170738499992,0],[105.992638691,-5.93170434399997,0],[105.992638203,-5.93170168599994,0],[105.992633749,-5.93170341899997,0],[105.992634636,-5.93169672699997,0],[105.992640865,-5.93168160999994,0],[105.992647179,-5.93167754399997,0],[105.992653575,-5.93168452899994,0],[105.992660459,-5.93168784699998,0],[105.992667832,-5.93168749799997,0],[105.992679271,-5.93168171499997,0],[105.99269478,-5.93167049999994,0],[105.992709384,-5.93166611899994,0],[105.992723082,-5.93166857499995,0],[105.992731961,-5.93166743599994,0],[105.99273602,-5.93166269999995,0],[105.992742618,-5.93166036099996,0],[105.992751757,-5.93166041999996,0],[105.99275748,-5.93166303699996,0],[105.992759791,-5.93166821199998,0],[105.992772097,-5.93167502699993,0],[105.992794397,-5.93168347999995,0],[105.992804889,-5.93169022699993,0],[105.992803571,-5.93169526799994,0],[105.992809291,-5.93169987799996,0],[105.992822049,-5.93170405799998,0],[105.992835141,-5.93170594199995,0],[105.992848567,-5.93170552599997,0],[105.992857933,-5.93170720099994,0],[105.99286324,-5.93171096599997,0],[105.992866069,-5.93171938299997,0],[105.992866309,-5.93172829399998,0],[105.992866421,-5.93173245299994,0],[105.992869215,-5.93174497799993,0],[105.992874452,-5.93175695899993,0],[105.992873907,-5.93176570299994,0],[105.99286758,-5.93177120999997,0],[105.992871166,-5.93177570399996,0],[105.992884662,-5.93177918599997,0],[105.992897252,-5.93177664499996,0],[105.992908939,-5.93176808299995,0],[105.992923559,-5.93176234699996,0],[105.992941115,-5.93175943499995,0],[105.99295361,-5.93175415399998,0],[105.992961043,-5.93174650099996,0],[105.992971547,-5.93174271399994,0],[105.992985123,-5.93174279299996,0],[105.992990803,-5.93173570399995,0],[105.992990475,-5.93173358999996,0],[105.992988589,-5.93172144499994,0],[105.992991581,-5.93171171599994,0],[105.992999779,-5.93170651599996,0],[105.9930056,-5.93170539199997,0],[105.993009044,-5.93170834199998,0],[105.993023771,-5.93171196099996,0],[105.993049778,-5.93171624899998,0],[105.993064052,-5.93172299699995,0],[105.993066591,-5.93173220599994,0],[105.993070866,-5.93173668999998,0],[105.993076876,-5.93173644999996,0],[105.993085298,-5.93174015099993,0],[105.993096132,-5.93174779099996,0],[105.993108038,-5.93175973899997,0],[105.993121016,-5.93177599599994,0],[105.993129916,-5.93178958899995,0],[105.99313474,-5.93180051699994,0],[105.993140684,-5.93180694499995,0],[105.993147748,-5.93180887499994,0],[105.993158292,-5.93181486299994,0],[105.993172316,-5.93182490999993,0],[105.993181036,-5.93183589399996,0],[105.993184454,-5.93184781499997,0],[105.993192736,-5.93185697099995,0],[105.993193162,-5.93185744199997,0],[105.993193765,-5.93185775799998,0],[105.993207159,-5.93186477499995,0],[105.993217861,-5.93188056099996,0],[105.993218309,-5.93188202799996,0],[105.993225267,-5.93190480099997,0],[105.993232288,-5.93191689899993,0],[105.993238922,-5.93191685399995,0],[105.993244084,-5.93192243699997,0],[105.993247774,-5.93193364699994,0],[105.99324704,-5.93194150099993,0],[105.993241883,-5.93194599899994,0],[105.99324216,-5.93195289399995,0],[105.993247871,-5.93196218299994,0],[105.993251997,-5.93197403799996,0],[105.993254536,-5.93198845599994,0],[105.993267557,-5.93200405499994,0],[105.993291062,-5.93202083599994,0],[105.993306825,-5.93203374199993,0],[105.993314846,-5.93204277499996,0],[105.993329314,-5.93205254499998,0],[105.993350226,-5.93206305399997,0],[105.99336258,-5.93207136499996,0],[105.993366376,-5.93207747799994,0],[105.993373712,-5.93208251099998,0],[105.99338459,-5.93208646499994,0],[105.993393587,-5.93209605299995,0],[105.993400705,-5.93211127299998,0],[105.993417527,-5.93212481999996,0],[105.993444053,-5.93213669299996,0],[105.993457571,-5.93214916399995,0],[105.993458081,-5.93216223099995,0],[105.993463792,-5.93217113899993,0],[105.993474705,-5.93217588899995,0],[105.993479172,-5.93218260799995,0],[105.993477196,-5.93219129799996,0],[105.99348223,-5.93219790099994,0],[105.993494276,-5.93220241699993,0],[105.993504179,-5.93221479699997,0],[105.993511937,-5.93223504099996,0],[105.993518462,-5.93224532899995,0],[105.993523751,-5.93224566199996,0],[105.993527678,-5.93225128499995,0],[105.993530245,-5.93226219999997,0],[105.993528259,-5.93227215599995,0],[105.993521721,-5.93228115299996,0],[105.99351793,-5.93229689899994,0],[105.993521212,-5.93239474599994,0],[105.993525878,-5.93240397299996,0],[105.99352217,-5.93240668199996,0],[105.993529832,-5.93241651299996,0],[105.993548863,-5.93243346599996,0],[105.99355732,-5.93244448299993,0],[105.993555202,-5.93244956499996,0],[105.993556038,-5.93245782599996,0],[105.993559824,-5.93246926799998,0],[105.993567244,-5.93247836099994,0],[105.993578298,-5.93248510399997,0],[105.993587888,-5.93249737799994,0],[105.993596016,-5.93251518299996,0],[105.993603929,-5.93252852599994,0],[105.993611626,-5.93253740899996,0],[105.993621106,-5.93254533099997,0],[105.993632371,-5.93255229199997,0],[105.993640265,-5.93256356299997,0],[105.99364479,-5.93257914399993,0],[105.993650462,-5.93258926699997,0],[105.99365728,-5.93259393199997,0],[105.99366275,-5.93259415499995,0],[105.993666871,-5.93258993299997,0],[105.993669362,-5.93259526499997,0],[105.993670223,-5.93261015099995,0],[105.993675235,-5.93262538299996,0],[105.9936844,-5.93264095899997,0],[105.993691982,-5.93265924099995,0],[105.993697984,-5.93268022699993,0],[105.99370294,-5.93269292399998,0],[105.993706849,-5.93269733099993,0],[105.993709644,-5.93270803299993,0],[105.993711322,-5.93272503299994,0],[105.993715039,-5.93274422199994,0],[105.993720794,-5.93276559999993,0],[105.993723224,-5.93278071799995,0],[105.993722327,-5.93278957699994,0],[105.993724853,-5.93280440499996,0],[105.993730802,-5.93282519999997,0],[105.993734215,-5.93284207099992,0],[105.993743504,-5.93298209399995,0],[105.993739355,-5.93298735299993,0],[105.993741165,-5.93303214199994,0],[105.993740845,-5.93306704399993,0],[105.993738394,-5.93309205999998,0],[105.993734958,-5.93311015299997,0],[105.993730538,-5.93312132499995,0],[105.993727783,-5.93313315599994,0],[105.993726694,-5.93314564299993,0],[105.993723245,-5.93316472899994,0],[105.993717438,-5.93319041199993,0],[105.993713307,-5.93321804499993,0],[105.993711038,-5.93324543999995,0],[105.993694641,-5.93327072299996,0],[105.993698612,-5.93327942599996,0],[105.993696213,-5.93328395799995,0],[105.993687445,-5.93328431799995,0],[105.993675218,-5.93329546899997,0],[105.993659534,-5.93331740799994,0],[105.993647193,-5.93333976299994,0],[105.993638196,-5.93336253399997,0],[105.993626843,-5.93338751999994,0],[105.993613137,-5.93341472299994,0],[105.993606494,-5.93343046999996,0],[105.993606916,-5.93343475999995,0],[105.993614894,-5.93343854999995,0],[105.993615268,-5.93347475099995,0],[105.993603397,-5.93347062599997,0],[105.993595128,-5.93346960699995,0],[105.993590463,-5.93347169699996,0],[105.993586214,-5.93348188099998,0],[105.993582384,-5.93350016199997,0],[105.993585547,-5.93350853399994,0],[105.993595704,-5.93350699799993,0],[105.99359968,-5.93351116399998,0],[105.993597474,-5.93352102899996,0],[105.993591092,-5.93352628399998,0],[105.99358053,-5.93352692999997,0],[105.993573452,-5.93353513699998,0],[105.993569858,-5.93355090399996,0],[105.993568725,-5.93356723499994,0],[105.993570052,-5.93358412999993,0],[105.993565065,-5.93360547099996,0],[105.993553766,-5.93363125899998,0],[105.993543643,-5.93364854199996,0],[105.993534699,-5.93365731999995,0],[105.993522354,-5.93367292399995,0],[105.993506609,-5.93369535399995,0],[105.993498358,-5.93371123699995,0],[105.993497602,-5.93372057199997,0],[105.993493104,-5.93372686099997,0],[105.993484862,-5.93373010299996,0],[105.993470917,-5.93374779999994,0],[105.993451271,-5.93377994999997,0],[105.993437736,-5.93380082199997,0],[105.993430311,-5.93381041699996,0],[105.993426348,-5.93382392099994,0],[105.993425847,-5.93384133299998,0],[105.99342079,-5.93384920599993,0],[105.993411178,-5.93384753899994,0],[105.993404421,-5.93385090599998,0],[105.99340052,-5.93385930899996,0],[105.993387384,-5.93388044199997,0],[105.993365013,-5.93391430499997,0],[105.993350683,-5.93393822099995,0],[105.993347874,-5.93394445699994,0],[105.993344391,-5.93395218899997,0],[105.993335653,-5.93396819099996,0],[105.993324468,-5.93398622799998,0],[105.993313942,-5.93400043499997,0],[105.993304074,-5.93401081199994,0],[105.993297304,-5.93402081599993,0],[105.993293631,-5.93403044899998,0],[105.99328828,-5.93403873499994,0],[105.993281251,-5.93404567699997,0],[105.993269478,-5.93405417399993,0],[105.993252959,-5.93406422899994,0],[105.993246351,-5.93406487699997,0],[105.993249654,-5.93405612199996,0],[105.993244559,-5.93405473999997,0],[105.993231063,-5.93406073199998,0],[105.993214407,-5.93407020499995,0],[105.993194594,-5.93408315899995,0],[105.993179626,-5.93408998499996,0],[105.993173689,-5.93409039499994,0],[105.993169504,-5.93409068399995,0],[105.993170119,-5.93408701399994,0],[105.993181472,-5.93407897599997,0],[105.993191554,-5.93406889199997,0],[105.993200367,-5.93405675999998,0],[105.993197287,-5.93405198199997,0],[105.993182315,-5.93405455899995,0],[105.993165695,-5.93406091999998,0],[105.993147427,-5.93407106699993,0],[105.993133835,-5.93408166899997,0],[105.993124917,-5.93409272699995,0],[105.993114931,-5.93409970699997,0],[105.993103877,-5.93410260799993,0],[105.993078805,-5.93411689899995,0],[105.993039713,-5.93414257999996,0],[105.993017215,-5.93415921199994,0],[105.993011311,-5.93416679499995,0],[105.993008231,-5.93417496199993,0],[105.993007976,-5.93418371299992,0],[105.99300447,-5.93419370499993,0],[105.992997713,-5.93420493699995,0],[105.992993263,-5.93420610599998,0],[105.99299112,-5.93419721399994,0],[105.992985438,-5.93419416999996,0],[105.992976222,-5.93419697199994,0],[105.992975044,-5.93420056699995,0],[105.992981907,-5.93420495399994,0],[105.992980975,-5.93421235999995,0],[105.99297225,-5.93422278499997,0],[105.992963614,-5.93423052199995,0],[105.992955064,-5.93423556899995,0],[105.9929485,-5.93424277799994,0],[105.992946156,-5.93424757499997,0],[105.992943922,-5.93425214699994,0],[105.992939221,-5.93425325099997,0],[105.992935287,-5.93425482099997,0],[105.992868977,-5.93428128999994,0],[105.992865239,-5.93427883299995,0],[105.992858693,-5.93428013599993,0],[105.992851449,-5.93428982999995,0],[105.992843505,-5.93430791499998,0],[105.99283131,-5.93431635999997,0],[105.992826486,-5.93431973299994,0],[105.9928098,-5.93433256599997,0],[105.992727226,-5.93442574099993,0],[105.992350157,-5.93485121799995,0],[105.992320116,-5.93486546499997,0],[105.992288582,-5.93488042099995,0],[105.992239096,-5.93494950899998,0],[105.99212213,-5.93506757899996,0],[105.992095137,-5.93513653899993,0],[105.992093439,-5.93515127599994,0],[105.992082134,-5.93524936299997,0],[105.992036294,-5.93533634999994,0],[105.991973479,-5.93540981799993,0],[105.99196642,-5.93541813399997,0],[105.991904722,-5.93549081699996,0],[105.991852207,-5.93557624499994,0],[105.991806934,-5.93562707099994,0],[105.991748736,-5.93568396399996,0],[105.991721744,-5.93572432499997,0],[105.991676757,-5.93579021999994,0],[105.99163177,-5.93587896399993,0],[105.991618274,-5.93594482799995,0],[105.99159578,-5.93597074699994,0],[105.991523801,-5.93602742099995,0],[105.991483313,-5.93604777599995,0],[105.991420331,-5.93612032999994,0],[105.991298422,-5.93631582099994,0],[105.991246818,-5.93641849999995,0],[105.99123757,-5.93643005799993,0],[105.991231947,-5.93644132699995,0],[105.991229698,-5.93645102899995,0],[105.991230823,-5.93645916499997,0],[105.991224268,-5.93647229499993,0],[105.991210034,-5.93649041699996,0],[105.991199788,-5.93650084599994,0],[105.991193532,-5.93650358099995,0],[105.991188423,-5.93651167399997,0],[105.99118446,-5.93652512599994,0],[105.991177084,-5.93653537299997,0],[105.991166294,-5.93654241299993,0],[105.991160372,-5.93654915499997,0],[105.991159317,-5.93655559599995,0],[105.99115235,-5.93656234499997,0],[105.991139468,-5.93656939899995,0],[105.991127067,-5.93657836299997,0],[105.991115143,-5.93658923799995,0],[105.991104499,-5.93659674199995,0],[105.991095132,-5.93660087399996,0],[105.991087404,-5.93660776599995,0],[105.991081315,-5.93661741799997,0],[105.991074936,-5.93662232099996,0],[105.991068267,-5.93662247499998,0],[105.991062683,-5.93662658899996,0],[105.991058185,-5.93663466399994,0],[105.991052614,-5.93663692899997,0],[105.991045971,-5.93663338299996,0],[105.991030533,-5.93663830799994,0],[105.9910063,-5.93665170299994,0],[105.990995659,-5.93665952599997,0],[105.990998612,-5.93666177399996,0],[105.990988182,-5.93666984899994,0],[105.99096437,-5.93668374999993,0],[105.990947966,-5.93669223699993,0],[105.990938969,-5.93669531299997,0],[105.990913786,-5.93670792299997,0],[105.990872419,-5.93673006699993,0],[105.990852491,-5.93673651399996,0],[105.990854003,-5.93672726399996,0],[105.990862003,-5.93671751599993,0],[105.990876492,-5.93670726799996,0],[105.990886671,-5.93670207999998,0],[105.99089254,-5.93670195299995,0],[105.990899644,-5.93669556099996,0],[105.990907983,-5.93668290399995,0],[105.990901314,-5.93667877999997,0],[105.990879637,-5.93668318899995,0],[105.990869173,-5.93668764199998,0],[105.99086992,-5.93669214099998,0],[105.990864968,-5.93669492499993,0],[105.990854319,-5.93669599499998,0],[105.990838872,-5.93670164599996,0],[105.990818628,-5.93671187799993,0],[105.99080489,-5.93671672199997,0],[105.990797659,-5.93671617999996,0],[105.990790116,-5.93672514999997,0],[105.990782261,-5.93674363199995,0],[105.990769419,-5.93676187099993,0],[105.990751591,-5.93677986599994,0],[105.99074581,-5.93679128499997,0],[105.990752074,-5.93679612899996,0],[105.990750537,-5.93680331299993,0],[105.990741197,-5.93681283799998,0],[105.990733152,-5.93681723199995,0],[105.990726404,-5.93681649599995,0],[105.990722151,-5.93682505699996,0],[105.990720395,-5.93684291599993,0],[105.990724379,-5.93685296999996,0],[105.990734106,-5.93685521899994,0],[105.99073744,-5.93684847199995,0],[105.990734383,-5.93683272599998,0],[105.990735797,-5.93682687699993,0],[105.990741684,-5.93683092599997,0],[105.990746446,-5.93683767399995,0],[105.990750084,-5.93684712099997,0],[105.99075421,-5.93685131799998,0],[105.990758822,-5.93685026399993,0],[105.990764319,-5.93684092199993,0],[105.990770697,-5.93682329099994,0],[105.990780547,-5.93681845199995,0],[105.990793868,-5.93682640399993,0],[105.990806766,-5.93683099299994,0],[105.990813231,-5.93683162799994,0],[105.990819243,-5.93683221899994,0],[105.990828338,-5.93683533599994,0],[105.990834048,-5.93684034399996,0],[105.990834782,-5.93684799199997,0],[105.990830538,-5.93685827799993,0],[105.990824564,-5.93686478699993,0],[105.990816857,-5.93686751699994,0],[105.990810755,-5.93686666799994,0],[105.990806256,-5.93686223999993,0],[105.990799508,-5.93686093899993,0],[105.990790511,-5.93686276699998,0],[105.990783055,-5.93686072199995,0],[105.990780775,-5.93685843999998,0],[105.990777142,-5.93685480399995,0],[105.990770882,-5.93685859399994,0],[105.990765401,-5.93686978899996,0],[105.990764274,-5.93687208999995,0],[105.990758233,-5.93688889699996,0],[105.99075276,-5.93690901599996,0],[105.990744399,-5.93691888999996,0],[105.990733152,-5.93691851799997,0],[105.990714231,-5.93692214999993,0],[105.990687633,-5.93692978599995,0],[105.990672012,-5.93693577999994,0],[105.990667363,-5.93694013199996,0],[105.990652751,-5.93694443399994,0],[105.990628175,-5.93694868999995,0],[105.990605212,-5.93695946599996,0],[105.99058386,-5.93697676399995,0],[105.990555537,-5.93699351899994,0],[105.990520241,-5.93700973099993,0],[105.990489414,-5.93702132499993,0],[105.990463054,-5.93702830499996,0],[105.990449312,-5.93703404299993,0],[105.990448187,-5.93703854099994,0],[105.990438874,-5.93703996599993,0],[105.990421371,-5.93703831599993,0],[105.990397998,-5.93703180699993,0],[105.990368756,-5.93702043699994,0],[105.990340622,-5.93701113899994,0],[105.990313595,-5.93700391499993,0],[105.990277093,-5.93699642099995,0],[105.990275685,-5.93699613199993,0],[105.990226894,-5.93698778899994,0],[105.990199115,-5.93698184199997,0],[105.99019235,-5.93697829299992,0],[105.990180773,-5.93697548699993,0],[105.990164386,-5.93697342699994,0],[105.990149198,-5.93697287099997,0],[105.990135211,-5.93697381999993,0],[105.990110468,-5.93697332399995,0],[105.99007497,-5.93697138199997,0],[105.990053131,-5.93697225999995,0],[105.99004495,-5.93697595999993,0],[105.990024706,-5.93698159599995,0],[105.989992399,-5.93698916999995,0],[105.989966425,-5.93699929299993,0],[105.989946787,-5.93701196299997,0],[105.989934231,-5.93702485899996,0],[105.989928758,-5.93703798099995,0],[105.989922831,-5.93704377999995,0],[105.989916452,-5.93704225299996,0],[105.989913029,-5.93704468899995,0],[105.989912564,-5.93705108799998,0],[105.989908764,-5.93705723499994,0],[105.989901629,-5.93706313099995,0],[105.989894226,-5.93706626799997,0],[105.989886555,-5.93706664599995,0],[105.989879108,-5.93706998399995,0],[105.989871887,-5.93707628099997,0],[105.989866026,-5.93707707799996,0],[105.989861527,-5.93707237199993,0],[105.989853654,-5.93707069399994,0],[105.989842407,-5.93707204299994,0],[105.989835461,-5.93707578599998,0],[105.989832817,-5.93708192599996,0],[105.989828318,-5.93708265899994,0],[105.989821966,-5.93707798499997,0],[105.989808983,-5.93708380299995,0],[105.989789372,-5.93710011599995,0],[105.989773626,-5.93710633599994,0],[105.989761747,-5.93710246599994,0],[105.989744991,-5.93710471499998,0],[105.989723358,-5.93711308399998,0],[105.989711527,-5.93712118399998,0],[105.989709498,-5.93712901599997,0],[105.989695835,-5.93713437599996,0],[105.989670538,-5.93713726399994,0],[105.989657626,-5.93713707699993,0],[105.989657099,-5.93713381599997,0],[105.989649279,-5.93713327099994,0],[105.989634166,-5.93713544699995,0],[105.989608298,-5.93713659199994,0],[105.989571676,-5.93713670799997,0],[105.989553036,-5.93713831099996,0],[105.989552376,-5.93714139899993,0],[105.98954334,-5.93714214899995,0],[105.989525925,-5.93714055799995,0],[105.989509547,-5.93714072499995,0],[105.989494205,-5.93714264899995,0],[105.989485226,-5.93714150399995,0],[105.989482607,-5.93713728799997,0],[105.989465658,-5.93712949599995,0],[105.989434377,-5.93711812599997,0],[105.989408647,-5.93711128599995,0],[105.989388463,-5.93710897499994,0],[105.989374106,-5.93710533499996,0],[105.989365575,-5.93710036599992,0],[105.989351964,-5.93709651599994,0],[105.989333275,-5.93709378599993,0],[105.989319432,-5.93709344699994,0],[105.989310434,-5.93709550099993,0],[105.989294689,-5.93709421399996,0],[105.989272196,-5.93708958599996,0],[105.989257596,-5.93708800299993,0],[105.989250893,-5.93708946599997,0],[105.989243854,-5.93709442599993,0],[105.989236483,-5.93710287999994,0],[105.989222188,-5.93710377199994,0],[105.98922184,-5.93710379399994,0],[105.989221395,-5.93710365899994,0],[105.989199926,-5.93709716699993,0],[105.989184471,-5.93708904099998,0],[105.989175473,-5.93707941499997,0],[105.989161978,-5.93707711899998,0],[105.989143983,-5.93708215399994,0],[105.989133861,-5.93708067099993,0],[105.989131611,-5.93707267099995,0],[105.989125965,-5.93706847199996,0],[105.989116925,-5.93706807499996,0],[105.98910685,-5.93707010199995,0],[105.989095744,-5.93707455399993,0],[105.989081145,-5.93707643399995,0],[105.989063054,-5.93707573999995,0],[105.98904845,-5.93707679699997,0],[105.989037336,-5.93707960599994,0],[105.989029371,-5.93708436199995,0],[105.989024556,-5.93709106399996,0],[105.989017737,-5.93709450899996,0],[105.989008915,-5.93709469599997,0],[105.989001051,-5.93709807599993,0],[105.988994145,-5.93710465099997,0],[105.988985152,-5.93710730599997,0],[105.988974072,-5.93710604299997,0],[105.988963942,-5.93710828299993,0],[105.988954759,-5.93711402499997,0],[105.988937705,-5.93711698899995,0],[105.988912778,-5.93711717599996,0],[105.988896971,-5.93711967099995,0],[105.988890284,-5.93712447599995,0],[105.988879081,-5.93712911199998,0],[105.988863362,-5.93713358199994,0],[105.988851223,-5.93713559799994,0],[105.988842665,-5.93713515899998,0],[105.988823686,-5.93713689399993,0],[105.988794287,-5.93714080399997,0],[105.988771824,-5.93714538399996,0],[105.988756298,-5.93715063399998,0],[105.988736054,-5.93715590299996,0],[105.988711091,-5.93716119299995,0],[105.988674671,-5.93716456699997,0],[105.988626793,-5.93716602599994,0],[105.988597551,-5.93716931599994,0],[105.988586946,-5.93717443899993,0],[105.988566179,-5.93718006199992,0],[105.98853525,-5.93718618699995,0],[105.988516596,-5.93718812399993,0],[105.988510217,-5.93718587399997,0],[105.98849644,-5.93718518199995,0],[105.988475265,-5.93718604499998,0],[105.988445246,-5.93718154699997,0],[105.988406383,-5.93717168499995,0],[105.988385014,-5.93716493699998,0],[105.988381139,-5.93716130199994,0],[105.988367954,-5.93715770399996,0],[105.988345461,-5.93715414299993,0],[105.988325217,-5.93714618199994,0],[105.988307222,-5.93713382199996,0],[105.98829485,-5.93712373899996,0],[105.988288102,-5.93711593399996,0],[105.988276856,-5.93711170099994,0],[105.98826111,-5.93711103799995,0],[105.988250025,-5.93710881299995,0],[105.988243603,-5.93710502499994,0],[105.988230796,-5.93710623199996,0],[105.988211607,-5.93711243299992,0],[105.988200198,-5.93711868099996,0],[105.988196568,-5.93712497399997,0],[105.988191334,-5.93712644799996,0],[105.988187039,-5.93712765699996,0],[105.98817161,-5.93712673099998,0],[105.988151634,-5.93713215899993,0],[105.98812711,-5.93714394399996,0],[105.988107833,-5.93715103099993,0],[105.988093801,-5.93715341899997,0],[105.988082607,-5.93715909399998,0],[105.988074251,-5.93716805799994,0],[105.988066378,-5.93717290999996,0],[105.988058989,-5.93717364799994,0],[105.988053045,-5.93717122899994,0],[105.988048546,-5.93716565099993,0],[105.988040563,-5.93716394699993,0],[105.988029097,-5.93716611499997,0],[105.988019164,-5.93716577299995,0],[105.988010764,-5.93716292199997,0],[105.987997505,-5.93716380699993,0],[105.987979387,-5.93716842899994,0],[105.987964577,-5.93716969199994,0],[105.987953076,-5.93716759699993,0],[105.987941702,-5.93716968899997,0],[105.987930454,-5.93717596899995,0],[105.987918887,-5.93717826999995,0],[105.987906999,-5.93717659199996,0],[105.987896789,-5.93717791199992,0],[105.987888257,-5.93718223399998,0],[105.987878135,-5.93718448299995,0],[105.987866423,-5.93718466099995,0],[105.987849843,-5.93718720099997,0],[105.987828395,-5.93719210099994,0],[105.987816221,-5.93719784599995,0],[105.987813322,-5.93720443599994,0],[105.987806371,-5.93720847699996,0],[105.98779537,-5.93720996799993,0],[105.987786496,-5.93720851299997,0],[105.987779748,-5.93720411099997,0],[105.987771594,-5.93720746099996,0],[105.987762034,-5.93721856299993,0],[105.987748033,-5.93722377699993,0],[105.98772959,-5.93722310199996,0],[105.987718782,-5.93722097699998,0],[105.987715611,-5.93721740099994,0],[105.987701328,-5.93721914399993,0],[105.987675935,-5.93722620599993,0],[105.987656503,-5.93723326399993,0],[105.987643033,-5.93724031699998,0],[105.987629208,-5.93723919299993,0],[105.987615026,-5.93722988999997,0],[105.987602497,-5.93721961499995,0],[105.987591619,-5.93720836799997,0],[105.987588373,-5.93719712099994,0],[105.987592757,-5.93718587499995,0],[105.987590007,-5.93717912699998,0],[105.987580122,-5.93717687699996,0],[105.987574868,-5.93716874299997,0],[105.987574244,-5.93715472399998,0],[105.987570843,-5.93714685099997,0],[105.987564666,-5.93714512499997,0],[105.987556938,-5.93713511799996,0],[105.987551821,-5.93712503299997,0],[105.98754766,-5.93711683099997,0],[105.987535108,-5.93710435699995,0],[105.987519284,-5.93709769399993,0],[105.987506522,-5.93709471399995,0],[105.987496821,-5.93709541699997,0],[105.987490824,-5.93708989699996,0],[105.987488531,-5.93707815399995,0],[105.987478655,-5.93706697199997,0],[105.987461196,-5.93705635099997,0],[105.987451341,-5.93704727999994,0],[105.987449092,-5.93703975899996,0],[105.987436545,-5.93703157299996,0],[105.9874137,-5.93702272299993,0],[105.987404079,-5.93701604799998,0],[105.987407682,-5.93701154999997,0],[105.987404597,-5.93700817499996,0],[105.987394827,-5.93700592599993,0],[105.987389089,-5.93700216499997,0],[105.987387384,-5.93699689299996,0],[105.987379398,-5.93699277299993,0],[105.987365128,-5.93698980299996,0],[105.98735215,-5.93698344099994,0],[105.987340464,-5.93697368799997,0],[105.987333462,-5.93696431299998,0],[105.987331141,-5.93695531599997,0],[105.987325738,-5.93694759799996,0],[105.987317251,-5.93694115899996,0],[105.987302019,-5.93692515599997,0],[105.987280044,-5.93689958699997,0],[105.987265607,-5.93688575099998,0],[105.98725871,-5.93688364899998,0],[105.987251163,-5.93687715999994,0],[105.987242964,-5.93686628099994,0],[105.987233396,-5.93685746899996,0],[105.987222457,-5.93685072099993,0],[105.987212875,-5.93684721899996,0],[105.98720465,-5.93684696399993,0],[105.987196339,-5.93685371199996,0],[105.987187939,-5.93686746299994,0],[105.987178159,-5.93687208999995,0],[105.987167001,-5.93686759099995,0],[105.987162366,-5.93686196799996,0],[105.987164254,-5.93685521999993,0],[105.987162247,-5.93685071999994,0],[105.987156342,-5.93684847199995,0],[105.987155911,-5.93684284799997,0],[105.987160955,-5.93683384999997,0],[105.987159246,-5.93682547699996,0],[105.987150784,-5.93681772699995,0],[105.987144797,-5.93680486299996,0],[105.987141282,-5.93678688299997,0],[105.987135035,-5.93677163899997,0],[105.987126055,-5.93675912799995,0],[105.987117848,-5.93675287399998,0],[105.987110415,-5.93675287399998,0],[105.987103654,-5.93674901099996,0],[105.987097564,-5.93674128499993,0],[105.98708616,-5.93673295299993,0],[105.987069439,-5.93672401199996,0],[105.987058614,-5.93671978399993,0],[105.987053684,-5.93672026999997,0],[105.98704963,-5.93670948399995,0],[105.987046449,-5.93668742499995,0],[105.987040571,-5.93667189699994,0],[105.987031995,-5.93666289999993,0],[105.987024373,-5.93665095899996,0],[105.987017704,-5.93663607399998,0],[105.987010094,-5.93662503499996,0],[105.987001546,-5.93661784099993,0],[105.986993796,-5.93660871899993,0],[105.986986846,-5.93659766999997,0],[105.986971504,-5.93656709599998,0],[105.986947772,-5.93651699699996,0],[105.98693305,-5.93648857399995,0],[105.986927339,-5.93648182599998,0],[105.986922822,-5.93647188299997,0],[105.986919501,-5.93645874499992,0],[105.986913034,-5.93644312599997,0],[105.986903421,-5.93642502499995,0],[105.986896779,-5.93640797599994,0],[105.986893106,-5.93639197799996,0],[105.986887303,-5.93637304199996,0],[105.986879368,-5.93635116799993,0],[105.986875098,-5.93632979899996,0],[105.986874492,-5.93630893499994,0],[105.986871614,-5.93628257099994,0],[105.986866465,-5.93625070399997,0],[105.986861453,-5.93623189299996,0],[105.986856576,-5.93622613699995,0],[105.98685394,-5.93621395399992,0],[105.986853545,-5.93619534199996,0],[105.986850698,-5.93618153699992,0],[105.9868454,-5.93617253899993,0],[105.986843985,-5.93616354199997,0],[105.986846454,-5.93615454499997,0],[105.986845896,-5.93614776599998,0],[105.986842311,-5.93614320599994,0],[105.98683975,-5.93612778499994,0],[105.986838213,-5.93610150199993,0],[105.986833072,-5.93607453999994,0],[105.986824329,-5.93604689999995,0],[105.98681911,-5.93602593499998,0],[105.986817415,-5.93601164599994,0],[105.986810504,-5.93598577899996,0],[105.986798379,-5.93594833199995,0],[105.986789052,-5.93591386399993,0],[105.986782523,-5.93588237199998,0],[105.986775643,-5.93585762999993,0],[105.986768411,-5.93583963499998,0],[105.986762274,-5.93582039999995,0],[105.986757231,-5.93579992499997,0],[105.986753593,-5.93578080599997,0],[105.986751362,-5.93576304199996,0],[105.986739333,-5.93572266799993,0],[105.986726135,-5.93568458499993,0],[105.986717507,-5.93565968699994,0],[105.98670658,-5.93562278999997,0],[105.986706555,-5.93561197799994,0],[105.98670442,-5.93560151399993,0],[105.986700176,-5.93559139899997,0],[105.986696076,-5.93557656099995,0],[105.986692123,-5.93555699899997,0],[105.986688525,-5.93553259799995,0],[105.986685282,-5.93550335599997,0],[105.986682027,-5.93548575199998,0],[105.986678758,-5.93547978599997,0],[105.986675499,-5.93546629099995,0],[105.986672247,-5.93544526399995,0],[105.986669018,-5.93543137699993,0],[105.986665811,-5.93542462799996,0],[105.986660922,-5.93539763699994,0],[105.986654349,-5.93535039999995,0],[105.986651472,-5.93532228299995,0],[105.986652289,-5.93531328599994,0],[105.986650386,-5.93530634999996,0],[105.986645765,-5.93530147599995,0],[105.986644161,-5.93529360299993,0],[105.986645576,-5.93528273199996,0],[105.986645712,-5.93526347499994,0],[105.98664457,-5.93523583299998,0],[105.986641424,-5.93521835199994,0],[105.986636275,-5.93521103599994,0],[105.986634492,-5.93519448999996,0],[105.986636074,-5.93516871699995,0],[105.986635322,-5.93513858699993,0],[105.986632238,-5.93510409999993,0],[105.986627713,-5.93507935699995,0],[105.986621747,-5.93506435899997,0],[105.986618742,-5.93504635599993,0],[105.986618697,-5.93502534899994,0],[105.986619656,-5.93500847899998,0],[105.986621615,-5.93499574499998,0],[105.986620253,-5.93498600399994,0],[105.98661557,-5.93497925599996,0],[105.9866143,-5.93497183599993,0],[105.986616444,-5.93496374299997,0],[105.986617775,-5.93493450199998,0],[105.986618294,-5.93488411099997,0],[105.986617657,-5.93484897799993,0],[105.986615864,-5.93482910299997,0],[105.986617007,-5.93481223299995,0],[105.986620266,-5.93480114599993,0],[105.986621083,-5.93479836799997,0],[105.986621852,-5.93478693599997,0],[105.986619313,-5.93477793899996,0],[105.986617901,-5.93475739399997,0],[105.986617226,-5.93474757199994,0],[105.986617024,-5.93474116999994,0],[105.986615592,-5.93469583799993,0],[105.986615263,-5.93465447899996,0],[105.986616237,-5.93462349799995,0],[105.98661517,-5.93460455199994,0],[105.98661206,-5.93459764499994,0],[105.986610022,-5.93458389399996,0],[105.986609054,-5.93456329999998,0],[105.986609868,-5.93454400499996,0],[105.98661246,-5.93452601099995,0],[105.986611405,-5.93449564399998,0],[105.986606705,-5.93445290699998,0],[105.986605096,-5.93442157099997,0],[105.986606581,-5.93440163599996,0],[105.986606045,-5.93438326199993,0],[105.986603488,-5.93436644899998,0],[105.986600637,-5.93435729699996,0],[105.986595181,-5.93434606199997,0],[105.986592465,-5.93431232199993,0],[105.986593099,-5.93428742799995,0],[105.986596174,-5.93426013199996,0],[105.986599486,-5.93424438699998,0],[105.986603035,-5.93424019099996,0],[105.986603035,-5.93423412299995,0],[105.986599487,-5.93422618199997,0],[105.986596261,-5.93421268599997,0],[105.986593362,-5.93419363399994,0],[105.986592808,-5.93417173699993,0],[105.9865946,-5.93414699399995,0],[105.986593468,-5.93410987999994,0],[105.986589408,-5.93406039499996,0],[105.98658802,-5.93403340199995,0],[105.986589303,-5.93402890399994,0],[105.986588854,-5.93401428199996,0],[105.986586675,-5.93398953999997,0],[105.986583728,-5.93396968799993,0],[105.986580011,-5.93395472599997,0],[105.986577709,-5.93393335699994,0],[105.986576821,-5.93390558099998,0],[105.986574268,-5.93388269499997,0],[105.986570051,-5.93386469999996,0],[105.986568821,-5.93385007899997,0],[105.986570578,-5.93383883199994,0],[105.986569762,-5.93382983499993,0],[105.986566369,-5.93382308699995,0],[105.986561963,-5.93380509299993,0],[105.986556542,-5.93377585099995,0],[105.986548251,-5.93374516399996,0],[105.986537093,-5.93371303199996,0],[105.986532318,-5.93369363399995,0],[105.986533925,-5.93368697099993,0],[105.986525732,-5.93365835499998,0],[105.986507737,-5.93360778399995,0],[105.986495695,-5.93357207199995,0],[105.986489606,-5.93355121899998,0],[105.986479725,-5.93353291999995,0],[105.986466054,-5.93351717499996,0],[105.9864571,-5.93350330699997,0],[105.986452865,-5.93349131799994,0],[105.986452399,-5.93348344499998,0],[105.986455703,-5.93347968899997,0],[105.98645373,-5.93346993899996,0],[105.986446482,-5.93345419199994,0],[105.986433733,-5.93343117699993,0],[105.986415483,-5.93340088899993,0],[105.986399825,-5.93337614699993,0],[105.986386759,-5.93335694699994,0],[105.986376738,-5.93333897299993,0],[105.986369761,-5.93332222099997,0],[105.986364525,-5.93331395999996,0],[105.986361028,-5.93331418799994,0],[105.98635703,-5.93330746999993,0],[105.986352531,-5.93329380399996,0],[105.986342634,-5.93327732299997,0],[105.986327336,-5.93325802599998,0],[105.986303942,-5.93322475799994,0],[105.986272451,-5.93317752199994,0],[105.986250744,-5.93314153199998,0],[105.986238821,-5.93311678999993,0],[105.986229098,-5.93309879499998,0],[105.986221577,-5.93308754799995,0],[105.986214293,-5.93307292699996,0],[105.986207246,-5.93305493199995,0],[105.986192339,-5.93302906399992,0],[105.986169573,-5.93299532399993,0],[105.986151302,-5.93296251199996,0],[105.986137524,-5.93293062699996,0],[105.986125417,-5.93290475999993,0],[105.986114978,-5.93288490899994,0],[105.986102405,-5.93286824199993,0],[105.986087696,-5.93285475899995,0],[105.986080236,-5.93285014899993,0],[105.986080025,-5.93285441299997,0],[105.986071415,-5.93285402299995,0],[105.986054404,-5.93284897899997,0],[105.986045608,-5.93284112599997,0],[105.986045028,-5.93283046099998,0],[105.986042512,-5.93282083599996,0],[105.986038056,-5.93281225199996,0],[105.986040042,-5.93280784599995,0],[105.986048468,-5.93280761699998,0],[105.986050274,-5.93280412899998,0],[105.986045459,-5.93279738099994,0],[105.98603455,-5.93278821799993,0],[105.986017549,-5.93277663899994,0],[105.986008459,-5.93276468899995,0],[105.986007281,-5.93275236799997,0],[105.986003903,-5.93274562099998,0],[105.985998324,-5.93274444799994,0],[105.985976683,-5.93272110399994,0],[105.985938979,-5.93267558799994,0],[105.985903952,-5.93263258399998,0],[105.9858716,-5.93259209299993,0],[105.985848948,-5.93257002899998,0],[105.985835996,-5.93256639099997,0],[105.985833278,-5.93256344699995,0],[105.985840789,-5.93256119799997,0],[105.985838303,-5.93255553899996,0],[105.985825817,-5.93254647199996,0],[105.985809514,-5.93252950299996,0],[105.985789393,-5.93250463299995,0],[105.985776314,-5.93249117199997,0],[105.985770278,-5.93248911999996,0],[105.985761772,-5.93247797199996,0],[105.985750798,-5.93245772799997,0],[105.985729583,-5.93243471499994,0],[105.985698127,-5.93240893299998,0],[105.985680918,-5.93239093799997,0],[105.985677957,-5.93238073099997,0],[105.985671728,-5.93237331099994,0],[105.985662229,-5.93236868099996,0],[105.985652151,-5.93235938899994,0],[105.985641493,-5.93234543599993,0],[105.985627707,-5.93232525699995,0],[105.985610793,-5.93229885399995,0],[105.985600306,-5.93228002899997,0],[105.985596247,-5.93226878199994,0],[105.98558891,-5.93225416099995,0],[105.985578296,-5.93223616699993,0],[105.985569685,-5.93221817199998,0],[105.985563077,-5.93220017699997,0],[105.985556457,-5.93217768299996,0],[105.985549823,-5.93215069099995,0],[105.985539942,-5.93211357599995,0],[105.985526815,-5.93206633999995,0],[105.985520739,-5.93204047199993,0],[105.985521715,-5.93203597399997,0],[105.98551791,-5.93202472699994,0],[105.985509326,-5.93200673199993,0],[105.985500363,-5.93199211199993,0],[105.985491024,-5.93198086399997,0],[105.985479742,-5.93195949599993,0],[105.985466518,-5.93192800499997,0],[105.985458333,-5.93191505099998,0],[105.985455315,-5.93191027499995,0],[105.985446133,-5.93190630499993,0],[105.985444877,-5.93189618299994,0],[105.985451546,-5.93187990799993,0],[105.985452784,-5.93186052399994,0],[105.985448594,-5.93183802999994,0],[105.985448633,-5.93182584699997,0],[105.985452903,-5.93182397299995,0],[105.985451665,-5.93180888599994,0],[105.985444916,-5.93178058699993,0],[105.985437307,-5.93176214099998,0],[105.985428836,-5.93175354799996,0],[105.985423213,-5.93174335199996,0],[105.985420437,-5.93173155399995,0],[105.985422422,-5.93172194199997,0],[105.985429171,-5.93171451799998,0],[105.985435918,-5.93171474299993,0],[105.985442667,-5.93172261799998,0],[105.985452437,-5.93172651699996,0],[105.985465231,-5.93172643999998,0],[105.985474931,-5.93172450499998,0],[105.985481538,-5.93172071099997,0],[105.985484948,-5.93171094199994,0],[105.985485159,-5.93169519599996,0],[105.985491203,-5.93168318999994,0],[105.985503083,-5.93167492099997,0],[105.985514646,-5.93167235399994,0],[105.985525893,-5.93167548599996,0],[105.985535699,-5.93166724799994,0],[105.985544064,-5.93164764199997,0],[105.985545553,-5.93163446399996,0],[105.985540167,-5.93162771499993,0],[105.985540918,-5.93161871899997,0],[105.985547806,-5.93160747199994,0],[105.985556281,-5.93160056399995,0],[105.985566342,-5.93159799599994,0],[105.985574904,-5.93159138099998,0],[105.985581969,-5.93158071899995,0],[105.985592342,-5.93157759599995,0],[105.985606022,-5.93158201399996,0],[105.985614373,-5.93157850699993,0],[105.985617396,-5.93156707599996,0],[105.985622725,-5.93156248399993,0],[105.985630361,-5.93156473299996,0],[105.985631933,-5.93156810799996,0],[105.985627443,-5.93157260699996,0],[105.985627694,-5.93157940299994,0],[105.985632685,-5.93158849699995,0],[105.985638506,-5.93159373299994,0],[105.985645157,-5.93159510999993,0],[105.985649607,-5.93159258899993,0],[105.985651857,-5.93158617099994,0],[105.985657481,-5.93158029999995,0],[105.985666478,-5.93157497799996,0],[105.985677724,-5.93157348199998,0],[105.985691221,-5.93157581599996,0],[105.985704748,-5.93157535599994,0],[105.985718306,-5.93157210599998,0],[105.985727861,-5.93156482599994,0],[105.985733414,-5.93155351799993,0],[105.985734134,-5.93154561399996,0],[105.985730022,-5.93154111599995,0],[105.985733963,-5.93153715499994,0],[105.985745957,-5.93153373299998,0],[105.98575357,-5.93153598099997,0],[105.985756803,-5.93154390299998,0],[105.985760178,-5.93154458099997,0],[105.985763693,-5.93153801499994,0],[105.985768824,-5.93153502399997,0],[105.985775572,-5.93153560899998,0],[105.985781195,-5.93153929099998,0],[105.985785693,-5.93154607199995,0],[105.985795214,-5.93154958499997,0],[105.985809755,-5.93154983199997,0],[105.985821002,-5.93154429099997,0],[105.985828954,-5.93153296599996,0],[105.985839678,-5.93152980199994,0],[105.985853174,-5.93153480199993,0],[105.98586892,-5.93153641599997,0],[105.985886915,-5.93153464599993,0],[105.985899286,-5.93152883999994,0],[105.985906035,-5.93151899699996,0],[105.985916156,-5.93150926199996,0],[105.985929653,-5.93149963599996,0],[105.985947586,-5.93149677599996,0],[105.985969956,-5.93150068099993,0],[105.985977688,-5.93150057799994,0],[105.98598753,-5.93150044599997,0],[105.986000305,-5.93149606799994,0],[105.986009101,-5.93149024199994,0],[105.986011354,-5.93148683699997,0],[105.986013915,-5.93148296599998,0],[105.986023326,-5.93147847599994,0],[105.986035456,-5.93147699899993,0],[105.986037332,-5.93147677099995,0],[105.986040473,-5.93147495099993,0],[105.986045165,-5.93147223299997,0],[105.986046825,-5.93146486099994,0],[105.986052458,-5.93146243299998,0],[105.986062061,-5.93146494799993,0],[105.986070261,-5.93146279299998,0],[105.986075092,-5.93146152299994,0],[105.986079451,-5.93145904199997,0],[105.986091549,-5.93145215599998,0],[105.986103265,-5.93144285899996,0],[105.986110243,-5.93143363099995,0],[105.986117759,-5.93143250999998,0],[105.986125816,-5.93143949699993,0],[105.986127475,-5.93143943999996,0],[105.986134344,-5.93143920599994,0],[105.986140278,-5.93143421399998,0],[105.986143342,-5.93143163699995,0],[105.986156631,-5.93142728299995,0],[105.986157378,-5.93142723499994,0],[105.986174213,-5.93142614599998,0],[105.986184357,-5.93142238599995,0],[105.986187063,-5.93141600499996,0],[105.986191769,-5.93141406299998,0],[105.986198472,-5.93141656099993,0],[105.986207571,-5.93141208399993,0],[105.986217387,-5.93140230399996,0],[105.986219064,-5.93140063299995,0],[105.986219064,-5.93139460999993,0],[105.986207571,-5.93139401499997,0],[105.986201824,-5.93138884699994,0],[105.986201825,-5.93137910699994,0],[105.986206978,-5.93137490599997,0],[105.986217284,-5.93137624399998,0],[105.986223545,-5.93138077299994,0],[105.986225759,-5.93138849499996,0],[105.986238741,-5.93138863299993,0],[105.986254781,-5.93138360699993,0],[105.986262491,-5.93138119099996,0],[105.986278724,-5.93137769399993,0],[105.986287441,-5.93137813899995,0],[105.986295327,-5.93137140299996,0],[105.986300806,-5.93136059399995,0],[105.986302382,-5.93135748599997,0],[105.98630913,-5.93135039799995,0],[105.986315571,-5.93135014099994,0],[105.986317864,-5.93134661599993,0],[105.98631601,-5.93133982099994,0],[105.986324002,-5.93133742799995,0],[105.986341838,-5.93133943599997,0],[105.986348806,-5.93133648099996,0],[105.986344905,-5.93132856399995,0],[105.986350313,-5.93132540799996,0],[105.98636503,-5.93132701199994,0],[105.986368925,-5.93132653399994,0],[105.986378057,-5.93132541399996,0],[105.98638939,-5.93132061399996,0],[105.986401859,-5.93131961299997,0],[105.986415461,-5.93132241199993,0],[105.986422354,-5.93131918299997,0],[105.986422538,-5.93130992899995,0],[105.986427037,-5.93130553999993,0],[105.98643585,-5.93130601699994,0],[105.986440256,-5.93131060999997,0],[105.986440257,-5.93131931999994,0],[105.986450378,-5.93132162399996,0],[105.986470622,-5.93131752299996,0],[105.986476365,-5.93131497099995,0],[105.986467604,-5.93131396699994,0],[105.986462424,-5.93130952499996,0],[105.986460825,-5.93130164599995,0],[105.986463211,-5.93129475899997,0],[105.986469581,-5.93128886599993,0],[105.986469462,-5.93128643399996,0],[105.986469349,-5.93128413499994,0],[105.986462512,-5.93128056799998,0],[105.986470372,-5.93127969799997,0],[105.986488031,-5.93128112799997,0],[105.986492927,-5.93128152499997,0],[105.986500589,-5.93127963599994,0],[105.986498614,-5.93127810399994,0],[105.986493358,-5.93127402699997,0],[105.986491991,-5.93126430899997,0],[105.98649649,-5.93125047799998,0],[105.986504824,-5.93124157599993,0],[105.986516993,-5.93123759999997,0],[105.986524866,-5.93123162599994,0],[105.986528442,-5.93122365399995,0],[105.986537747,-5.93122109699993,0],[105.986552782,-5.93122395499995,0],[105.986559209,-5.93122840099994,0],[105.98655703,-5.93123443599995,0],[105.986563009,-5.93125023299996,0],[105.986569473,-5.93126191999994,0],[105.986577147,-5.93127579499998,0],[105.986596372,-5.93128591799996,0],[105.986620684,-5.93128059899993,0],[105.98663418,-5.93127344399994,0],[105.986636859,-5.93126445099995,0],[105.986639916,-5.93126191999994,0],[105.986641573,-5.93126054799995,0],[105.986648322,-5.93126173399997,0],[105.986656963,-5.93125983699997,0],[105.986667498,-5.93125485699994,0],[105.986670143,-5.93124863799994,0],[105.986664898,-5.93124118099996,0],[105.986666378,-5.93123359299994,0],[105.986674585,-5.93122587399995,0],[105.986686728,-5.93122379299996,0],[105.986702807,-5.93122734899993,0],[105.986711804,-5.93122704099994,0],[105.98671372,-5.93122286999994,0],[105.986718926,-5.93122382699994,0],[105.986727423,-5.93122991199994,0],[105.986731922,-5.93124076399994,0],[105.986732422,-5.93125638399994,0],[105.986735328,-5.93126191999994,0],[105.986736767,-5.93126466199993,0],[105.986744956,-5.93126559699994,0],[105.98674757,-5.93126903399997,0],[105.986744609,-5.93127497199993,0],[105.98674413,-5.93128581399998,0],[105.986746134,-5.93130155899996,0],[105.986752517,-5.93131225899998,0],[105.98676328,-5.93131791299993,0],[105.986779118,-5.93131982799997,0],[105.98680003,-5.93131800599997,0],[105.986813526,-5.93131848199994,0],[105.986819606,-5.93132125899996,0],[105.986827444,-5.93132076599994,0],[105.986837039,-5.93131700499993,0],[105.986846037,-5.93131887199996,0],[105.986854437,-5.93132636499996,0],[105.986865402,-5.93132829599995,0],[105.986878933,-5.93132466799995,0],[105.98688548,-5.93132042099995,0],[105.98688504,-5.93131555799994,0],[105.986878534,-5.93131419199995,0],[105.98686596,-5.93131632199993,0],[105.986859678,-5.93131401299996,0],[105.986859686,-5.93130726199996,0],[105.986870406,-5.93130441499994,0],[105.986891836,-5.93130546899994,0],[105.98690618,-5.93130799199997,0],[105.986913439,-5.93131198299994,0],[105.986919396,-5.93131065799997,0],[105.986924052,-5.93130401799993,0],[105.986931916,-5.93130065199995,0],[105.986942988,-5.93130055999995,0],[105.986944327,-5.93129599499997,0],[105.986935936,-5.93128695799993,0],[105.986940615,-5.93128372299998,0],[105.986958363,-5.93128629099994,0],[105.986965955,-5.93128284199997,0],[105.98696339,-5.93127337799996,0],[105.986965481,-5.93126668899993,0],[105.986972229,-5.93126277599993,0],[105.986979706,-5.93126509999996,0],[105.986987913,-5.93127365999993,0],[105.986991331,-5.93128248499994,0],[105.98698996,-5.93129157199996,0],[105.986995944,-5.93129723099997,0],[105.987009282,-5.93129945999993,0],[105.987016096,-5.93129840299997,0],[105.987016386,-5.93129405799993,0],[105.98702798,-5.93128839899992,0],[105.987050877,-5.93128142699993,0],[105.987063705,-5.93127513299993,0],[105.987066465,-5.93126951499994,0],[105.987073507,-5.93126501699993,0],[105.987084833,-5.93126163599993,0],[105.98709673,-5.93125441399997,0],[105.987109198,-5.93124334999993,0],[105.987113416,-5.93123242799993,0],[105.987109383,-5.93122165199998,0],[105.987108142,-5.93121292999996,0],[105.987107331,-5.93120722799995,0],[105.987107261,-5.93118915599996,0],[105.987118986,-5.93118127999998,0],[105.987142508,-5.93118359899995,0],[105.987153263,-5.93119343399997,0],[105.987151789,-5.93120613999997,0],[105.987151251,-5.93121078299993,0],[105.987154027,-5.93121945799993,0],[105.987161593,-5.93121945799993,0],[105.987164043,-5.93122251899996,0],[105.987161381,-5.93122864099996,0],[105.987163424,-5.93123287499998,0],[105.987170173,-5.93123522099995,0],[105.987172734,-5.93122990999996,0],[105.987171108,-5.93121694299998,0],[105.987174236,-5.93121158499997,0],[105.987182117,-5.93121383399995,0],[105.987188409,-5.93121931199994,0],[105.987193109,-5.93122801999993,0],[105.987200104,-5.93123019599994,0],[105.987209391,-5.93122583999997,0],[105.987212721,-5.93122036199998,0],[105.987210094,-5.93121376099998,0],[105.987212686,-5.93120742599996,0],[105.987220497,-5.93120135999993,0],[105.987220425,-5.93119546399993,0],[105.98722037,-5.93119091899996,0],[105.987212303,-5.93117610499996,0],[105.987213086,-5.93115950199996,0],[105.987222715,-5.93114111199998,0],[105.987236396,-5.93113481699993,0],[105.987254128,-5.93114061599994,0],[105.987265374,-5.93114023799995,0],[105.987270137,-5.93113368299993,0],[105.987277855,-5.93113383499997,0],[105.987288532,-5.93114069299997,0],[105.987296136,-5.93114833499993,0],[105.987299656,-5.93115487499995,0],[105.987300671,-5.93115676099995,0],[105.98730208,-5.93116406899998,0],[105.987300367,-5.93117025999993,0],[105.987294779,-5.93117452599995,0],[105.987285316,-5.93117686999994,0],[105.987285316,-5.93118237799996,0],[105.987294778,-5.93119105099993,0],[105.987305292,-5.93119337299993,0],[105.987316855,-5.93118934399996,0],[105.987321508,-5.93118508599997,0],[105.98731925,-5.93118059799997,0],[105.987320541,-5.93117288499997,0],[105.987325383,-5.93116194499993,0],[105.987332244,-5.93115733399998,0],[105.987341127,-5.93115904899997,0],[105.987347309,-5.93116266299995,0],[105.987350789,-5.93116817699996,0],[105.987352665,-5.93116394499998,0],[105.987352937,-5.93114996799994,0],[105.987359505,-5.93114340299996,0],[105.987372369,-5.93114424799995,0],[105.987380052,-5.93114282999994,0],[105.987382557,-5.93113914799994,0],[105.987388469,-5.93113985099995,0],[105.987397792,-5.93114493499996,0],[105.987408472,-5.93114297999995,0],[105.98742051,-5.93113398199995,0],[105.987431888,-5.93112133599993,0],[105.987442608,-5.93110504099997,0],[105.987457409,-5.93108861499996,0],[105.987476291,-5.93107205599995,0],[105.987492037,-5.93106183299994,0],[105.987504646,-5.93105794199994,0],[105.987512074,-5.93105136899993,0],[105.987512857,-5.93104814699996,0],[105.987514324,-5.93104211199994,0],[105.987522381,-5.93103705099998,0],[105.987536246,-5.93103618499993,0],[105.987547172,-5.93103219299996,0],[105.987555159,-5.93102507399993,0],[105.987557378,-5.93100720099994,0],[105.987559417,-5.93101542499994,0],[105.987564934,-5.93101867499996,0],[105.987573932,-5.93101695099995,0],[105.987585179,-5.93101042899997,0],[105.987598674,-5.93099910999996,0],[105.987606548,-5.93099654099996,0],[105.987608796,-5.93100272499993,0],[105.98761667,-5.93100667799996,0],[105.987630165,-5.93100840099993,0],[105.987647928,-5.93100421899993,0],[105.987669956,-5.93099413399995,0],[105.987684229,-5.93098560599998,0],[105.987690749,-5.93097863399993,0],[105.987703015,-5.93097099299996,0],[105.987721027,-5.93096268599993,0],[105.987727112,-5.93096314299993,0],[105.987721269,-5.93097236499995,0],[105.987725355,-5.93097723499994,0],[105.98773937,-5.93097775599995,0],[105.987752022,-5.93097651899996,0],[105.987763313,-5.93097352499996,0],[105.987765289,-5.93096855199997,0],[105.987757953,-5.93096159999993,0],[105.987756867,-5.93095329399995,0],[105.987762034,-5.93094363499995,0],[105.987768457,-5.93094261299996,0],[105.987776137,-5.93095022699993,0],[105.987777626,-5.93095595899996,0],[105.987772925,-5.93095980899994,0],[105.987773641,-5.93096543299993,0],[105.987779141,-5.93097206599998,0],[105.987779774,-5.93097282899993,0],[105.987794808,-5.93097886499993,0],[105.987818743,-5.93098354199998,0],[105.987842703,-5.93098212599995,0],[105.987866691,-5.93097461499997,0],[105.987880099,-5.93096713099993,0],[105.987882928,-5.93095967399995,0],[105.987887321,-5.93095923499993,0],[105.987893279,-5.93096581599997,0],[105.987904526,-5.93096714699993,0],[105.987921062,-5.93096322799994,0],[105.987933829,-5.93095795799996,0],[105.987942826,-5.93095133899993,0],[105.987953318,-5.93093870199993,0],[105.987959311,-5.93093483499996,0],[105.987962213,-5.93093253299998,0],[105.987966648,-5.93093145299997,0],[105.987968335,-5.93093094899996,0],[105.987992185,-5.93093257399994,0],[105.98799788,-5.93093213599997,0],[105.988003057,-5.93093489899996,0],[105.988004872,-5.93093818899996,0],[105.988015302,-5.93094238099997,0],[105.988032673,-5.93094444399998,0],[105.988043656,-5.93094755199996,0],[105.988048252,-5.93095170599997,0],[105.988059498,-5.93095272099993,0],[105.988077397,-5.93095059599995,0],[105.988089829,-5.93094526299996,0],[105.988096797,-5.93093671999998,0],[105.988104538,-5.93093133799994,0],[105.988113053,-5.93092911499997,0],[105.988123174,-5.93093156399993,0],[105.988134904,-5.93093868599993,0],[105.988145286,-5.93093621399993,0],[105.988154319,-5.93092414999995,0],[105.988165565,-5.93091754499994,0],[105.988179026,-5.93091639899995,0],[105.988186214,-5.93091121299994,0],[105.988187128,-5.93090198999994,0],[105.988195316,-5.93089836199994,0],[105.988210781,-5.93090032999993,0],[105.988219322,-5.93089828699993,0],[105.988220938,-5.93089223299995,0],[105.988227686,-5.93088741799994,0],[105.988239565,-5.93088384199996,0],[105.988247553,-5.93087530599996,0],[105.988251647,-5.93086180999995,0],[105.988258909,-5.93085476599992,0],[105.988269339,-5.93085417499998,0],[105.988279382,-5.93085076699998,0],[105.988289038,-5.93084454199993,0],[105.988361074,-5.93080722099995,0],[105.988398861,-5.93079678499993,0],[105.988444345,-5.93077877299993,0],[105.988485809,-5.93076387999997,0],[105.988561548,-5.93074621499994,0],[105.988626459,-5.93070845699998,0],[105.98868878,-5.93068185399994,0],[105.98869361,-5.93068473899996,0],[105.988693733,-5.93069610799995,0],[105.98870096,-5.93070108599994,0],[105.988715291,-5.93069967199995,0],[105.98872598,-5.93069701399997,0],[105.988733027,-5.93069311199997,0],[105.988740561,-5.93069248899997,0],[105.988748584,-5.93069514199993,0],[105.988754044,-5.93069033099994,0],[105.988756943,-5.93067805599998,0],[105.988762405,-5.93066821899993,0],[105.988770328,-5.93066090999997,0],[105.988770427,-5.93066081899997,0],[105.988779921,-5.93065824299993,0],[105.988781768,-5.93065862199995,0],[105.988790886,-5.93066049299995,0],[105.98879303,-5.93066413199995,0],[105.988786352,-5.93066916199996,0],[105.988795627,-5.93067256199993,0],[105.988820853,-5.93067432999993,0],[105.988834617,-5.93067674199995,0],[105.988836919,-5.93067979799997,0],[105.988859439,-5.93068020499993,0],[105.988902177,-5.93067796399993,0],[105.98892692,-5.93067802799993,0],[105.988933667,-5.93068039699995,0]]],[[[106.01112117,-5.90161673399996,0],[106.011311314,-5.90170657399995,0],[106.011444415,-5.90182478399993,0],[106.011561869,-5.90196164299994,0],[106.011610791,-5.90201864799997,0],[106.011634559,-5.90223615399998,0],[106.011691602,-5.90243947499994,0],[106.011824702,-5.90274209199993,0],[106.011824702,-5.90287921499993,0],[106.011749947,-5.90283616499994,0],[106.011734384,-5.90282720299996,0],[106.011682095,-5.90277519099993,0],[106.011553748,-5.90263333899998,0],[106.011396879,-5.90248203099998,0],[106.011297053,-5.90238273399996,0],[106.011130678,-5.90224561099996,0],[106.011030852,-5.90213685799995,0],[106.010931027,-5.90207065999994,0],[106.010872753,-5.90205037199996,0],[106.010835955,-5.90203756099993,0],[106.010726622,-5.90195244999995,0],[106.010650565,-5.90195244999995,0],[106.010560246,-5.90196190699993,0],[106.010503203,-5.90196190699993,0],[106.010403378,-5.90194772199993,0],[106.01037961,-5.90186733899998,0],[106.010507957,-5.90187206799993,0],[106.010480895,-5.90177785299994,0],[106.010479435,-5.90177277099997,0],[106.01041141,-5.90172864199997,0],[106.010370103,-5.90170184499993,0],[106.010332074,-5.90160727699993,0],[106.010355842,-5.90156944999995,0],[106.010431899,-5.90149852399998,0],[106.010503203,-5.90149379599995,0],[106.010588768,-5.90149379599995,0],[106.010707608,-5.90151743799993,0],[106.010854969,-5.90151743799993,0],[106.011002331,-5.90157890699993,0],[106.01112117,-5.90161673399996,0]]],[[[105.931206471,-5.90288616899994,0],[105.931185886,-5.90273017399994,0],[105.931077296,-5.90261502899995,0],[105.930975459,-5.90248630599996,0],[105.930959,-5.90246222099995,0],[105.930940687,-5.90243542299993,0],[105.930873587,-5.90233723099993,0],[105.9307311,-5.90220857599996,0],[105.930602027,-5.90199849099997,0],[105.930506885,-5.90182226899998,0],[105.930415802,-5.90175203599995,0],[105.930357647,-5.90170719299994,0],[105.930174579,-5.90161930899995,0],[105.93009983,-5.90148375599995,0],[105.930133433,-5.90132088599995,0],[105.930147642,-5.90129844599994,0],[105.930193519,-5.90122598999994,0],[105.930228031,-5.90117148299993,0],[105.93039039,-5.90102874999997,0],[105.930525705,-5.90091998199995,0],[105.930701647,-5.90079757699993,0],[105.930884465,-5.90073621699997,0],[105.931101169,-5.90068158299994,0],[105.931324727,-5.90067442499998,0],[105.931507726,-5.90072160599993,0],[105.931663717,-5.90082310299994,0],[105.931799429,-5.90095176999995,0],[105.931921614,-5.90109402699994,0],[105.932064157,-5.90125660099994,0],[105.932200062,-5.90150059299998,0],[105.932241198,-5.90179223099994,0],[105.932241651,-5.90206358499995,0],[105.932167548,-5.90231471299995,0],[105.932059524,-5.90253876199995,0],[105.931924447,-5.90278999199995,0],[105.931822926,-5.90285121699998,0],[105.93173713,-5.90289435199998,0],[105.931701081,-5.90291247599993,0],[105.931700511,-5.90291298099993,0],[105.931586078,-5.90301442699996,0],[105.931477817,-5.90309601499996,0],[105.931335624,-5.90314373999996,0],[105.931240719,-5.90310997899996,0],[105.931237556,-5.90309990399993,0],[105.931206664,-5.90300149399997,0],[105.931206471,-5.90288616899994,0]]]]}}]}