{"type":"FeatureCollection","name":"Kecamatan Citangkil","crs":{"type":"name","properties":{"name":"urn:ogc:def:crs:OGC:1.3:CRS84"}},"features":[{"type":"Feature","properties":{"kode_kec":"36.72.08","kode_kk":"36.72","kode_prov":"36","kecamatan":"Citangkil","kab_kota":"Kota Cilegon","provinsi":"Banten","fid":"36.72.08","nama":"Kecamatan Citangkil","label":"Kecamatan Citangkil, Kota Cilegon, Provinsi Banten, 36.72.08"},"geometry":{"type":"MultiPolygon","coordinates":[[[[106.023051984,-6.04095424899998,0],[106.022779345,-6.04097474999998,0],[106.022473907,-6.04107194699998,0],[106.020582969,-6.04176836399995,0],[106.019307152,-6.04251745799996,0],[106.019114208,-6.04267399799994,0],[106.018618421,-6.04298948099995,0],[106.018181645,-6.04320455499993,0],[106.017837628,-6.04334420199996,0],[106.017787262,-6.04335725699997,0],[106.017693169,-6.04336655099996,0],[106.017429043,-6.04336704499997,0],[106.016773302,-6.04338194799993,0],[106.016624137,-6.04334724499995,0],[106.016481726,-6.04331411399994,0],[106.016390915,-6.04345560099995,0],[106.016322907,-6.04361528899994,0],[106.016254847,-6.04375217599994,0],[106.015890325,-6.04363889099994,0],[106.01582224,-6.04375754299997,0],[106.015740188,-6.04371210999994,0],[106.015708413,-6.04377144099993,0],[106.014967706,-6.04339443999993,0],[106.014756737,-6.04381880499994,0],[106.014045863,-6.04356711799994,0],[106.013861649,-6.04348273799997,0],[106.013606461,-6.04339204099995,0],[106.013473222,-6.04334468699994,0],[106.012851462,-6.04337133799993,0],[106.012534577,-6.04335248799993,0],[106.01252213,-6.04335351699996,0],[106.012469342,-6.04335787899993,0],[106.012451249,-6.04335937399998,0],[106.012414952,-6.04336081999998,0],[106.012413954,-6.04335214999998,0],[106.012408877,-6.04331873099994,0],[106.012396343,-6.04323595599993,0],[106.012377547,-6.04310722199995,0],[106.012364067,-6.04302645299992,0],[106.01234802,-6.04290796199996,0],[106.012341289,-6.04286065699995,0],[106.01233956,-6.04282413499993,0],[106.01233601,-6.04274482699998,0],[106.012336399,-6.04266842299995,0],[106.012337791,-6.04259620399995,0],[106.012339277,-6.04256801599996,0],[106.012347942,-6.04249074399996,0],[106.012352141,-6.04246304499998,0],[106.012094651,-6.04240085299995,0],[106.012002486,-6.04237845499995,0],[106.011919421,-6.04236076099994,0],[106.011731649,-6.04233670499997,0],[106.011690356,-6.04233775299997,0],[106.011624229,-6.04234719899995,0],[106.011596646,-6.04235547899998,0],[106.011520391,-6.04238225199992,0],[106.011476823,-6.04239227099993,0],[106.011442421,-6.04239692199997,0],[106.01138782,-6.04239456899995,0],[106.011380862,-6.04239330699994,0],[106.011310257,-6.04238049799994,0],[106.011245815,-6.04236823799994,0],[106.0111784,-6.04235071999994,0],[106.011139216,-6.04234205099993,0],[106.01108198,-6.04233687199996,0],[106.011007587,-6.04233742599996,0],[106.01093589,-6.04234613799997,0],[106.010819138,-6.04236365499997,0],[106.010762157,-6.04237809799997,0],[106.010670773,-6.04240232199993,0],[106.010580353,-6.04242203599995,0],[106.010492416,-6.04244131299993,0],[106.010386025,-6.04246880099993,0],[106.010291544,-6.04249461799998,0],[106.010219802,-6.04251098099996,0],[106.010163422,-6.04251791899998,0],[106.010091319,-6.04251362199994,0],[106.010047703,-6.04251639099994,0],[106.010003202,-6.04252513599994,0],[106.009967932,-6.04253541799994,0],[106.009911327,-6.04255360399998,0],[106.009849004,-6.04256799399997,0],[106.00979845,-6.04257561499998,0],[106.009673966,-6.04258795599998,0],[106.00959651,-6.04258987999998,0],[106.009520015,-6.04259163099994,0],[106.009473883,-6.04259553399993,0],[106.009441079,-6.04257999799995,0],[106.009389098,-6.04255869499997,0],[106.009369561,-6.04254803099997,0],[106.009363244,-6.04253639899997,0],[106.009359738,-6.04251343199996,0],[106.009363067,-6.04247819699998,0],[106.009357193,-6.04250737199993,0],[106.009349915,-6.04251021499994,0],[106.009219431,-6.04256118499995,0],[106.009143568,-6.04261072999998,0],[106.009060046,-6.04262608699997,0],[106.008876215,-6.04260708699996,0],[106.008784628,-6.04257751799997,0],[106.008703013,-6.04256580399993,0],[106.008658739,-6.04255944999994,0],[106.008537383,-6.04251849799994,0],[106.008383627,-6.04260064599993,0],[106.008238364,-6.04261970599993,0],[106.008028242,-6.04261498599993,0],[106.007972591,-6.04261373699995,0],[106.007837086,-6.04261069299997,0],[106.007799385,-6.04261326199997,0],[106.007668847,-6.04262215799997,0],[106.007668435,-6.04280855499997,0],[106.007665613,-6.04284615899996,0],[106.007665608,-6.04284622999995,0],[106.007665604,-6.04284628799996,0],[106.007660425,-6.04291533399993,0],[106.007648704,-6.04304099499996,0],[106.007639314,-6.04306220699993,0],[106.007629165,-6.04308513299998,0],[106.007617161,-6.04311224999998,0],[106.007590327,-6.04313741499993,0],[106.007563466,-6.04316260499996,0],[106.007534892,-6.04322368399994,0],[106.007530222,-6.04330573899995,0],[106.007530219,-6.04330579899994,0],[106.007527946,-6.04334574699993,0],[106.007523695,-6.04340991899994,0],[106.007523679,-6.04341015799997,0],[106.007519704,-6.04347015799993,0],[106.007519675,-6.04347059199995,0],[106.007517481,-6.04350371299995,0],[106.007511182,-6.04360322399998,0],[106.007507405,-6.04366289799998,0],[106.007507028,-6.04366885999997,0],[106.00750735,-6.04384262599996,0],[106.007507404,-6.04387201799995,0],[106.007507599,-6.04397757399994,0],[106.007511272,-6.04402423299996,0],[106.007509809,-6.04404681999995,0],[106.007507785,-6.04407808599996,0],[106.007492566,-6.04410230799994,0],[106.007464881,-6.04414636999996,0],[106.007446997,-6.04418414799994,0],[106.007446956,-6.04418423399994,0],[106.007446896,-6.04418435999997,0],[106.007429162,-6.04422181999996,0],[106.007386297,-6.04431164199997,0],[106.007361309,-6.04437271399996,0],[106.007365433,-6.04440525099994,0],[106.007372226,-6.04445884699993,0],[106.007379577,-6.04455575499998,0],[106.007361007,-6.04459110099998,0],[106.007321455,-6.04466638499997,0],[106.007321301,-6.04466667899993,0],[106.007292894,-6.04472074999995,0],[106.007279525,-6.04474619599995,0],[106.007273794,-6.04475735799997,0],[106.007252466,-6.04479889399994,0],[106.007218886,-6.04486429099995,0],[106.007201871,-6.04489742899995,0],[106.007170998,-6.04495755399995,0],[106.007095357,-6.04493402199995,0],[106.007013678,-6.04490861099993,0],[106.006976787,-6.04489713399994,0],[106.006863293,-6.04486182499994,0],[106.006816639,-6.04484194099996,0],[106.006737817,-6.04480834699996,0],[106.006733361,-6.04480644799997,0],[106.006630338,-6.04476315999995,0],[106.006527255,-6.04471984599996,0],[106.006513225,-6.04471395099995,0],[106.006421206,-6.04467528599997,0],[106.006390555,-6.04466240699998,0],[106.006294074,-6.04462186799998,0],[106.006274809,-6.04460920699995,0],[106.006234612,-6.04458278999994,0],[106.006212614,-6.04456833299997,0],[106.006143068,-6.04452262799992,0],[106.006094348,-6.04449060999997,0],[106.00604911,-6.04450974399998,0],[106.006021653,-6.04452135699995,0],[106.005991099,-6.04453427999994,0],[106.005921622,-6.04456366499994,0],[106.005867649,-6.04458649299994,0],[106.005799522,-6.04461530799995,0],[106.005783603,-6.04462314399996,0],[106.005735212,-6.04464696299993,0],[106.00571263,-6.04465807799994,0],[106.005696802,-6.04466586899997,0],[106.005665401,-6.04468132499994,0],[106.005643736,-6.04471244199993,0],[106.005608121,-6.04476359499995,0],[106.00558971,-6.04479003899996,0],[106.005538769,-6.04486136199995,0],[106.005535074,-6.04486657899997,0],[106.005502906,-6.04491200399997,0],[106.005494932,-6.04492326299993,0],[106.00545991,-6.04497271599996,0],[106.005434378,-6.04500838599995,0],[106.005409972,-6.04504248099994,0],[106.005375839,-6.04509016599997,0],[106.005344431,-6.04513429599996,0],[106.005316285,-6.04517384299993,0],[106.005281244,-6.04521814999993,0],[106.00523446,-6.04527298699998,0],[106.005217621,-6.04529272499997,0],[106.005187239,-6.04532503999997,0],[106.005168428,-6.04534504899993,0],[106.005151354,-6.04536396099996,0],[106.005140237,-6.04537627399998,0],[106.005101218,-6.04541949099996,0],[106.005092382,-6.04542927799997,0],[106.005084855,-6.04543761499997,0],[106.005080443,-6.04544337699997,0],[106.005037929,-6.04549890399994,0],[106.00500664,-6.04553512299998,0],[106.005004493,-6.04553449199994,0],[106.004981186,-6.04552764499994,0],[106.005005709,-6.04555193699997,0],[106.005005924,-6.04555237299996,0],[106.005023015,-6.04558704899995,0],[106.00502882,-6.04559695899997,0],[106.00503108,-6.04560081599993,0],[106.005070122,-6.04568223099994,0],[106.005039648,-6.04568842199996,0],[106.005018439,-6.04569272999993,0],[106.005017554,-6.04569290999996,0],[106.004968346,-6.04569050799995,0],[106.004930637,-6.04568866699998,0],[106.004908088,-6.04569162099995,0],[106.004834495,-6.04570126199997,0],[106.004825936,-6.04570460099995,0],[106.00480111,-6.04571428499997,0],[106.004764678,-6.04572849599998,0],[106.004726629,-6.04574333799997,0],[106.00466125,-6.04576884099993,0],[106.004589424,-6.04563966099994,0],[106.004373788,-6.04525183599998,0],[106.004174326,-6.04489310199995,0],[106.003991011,-6.04456340899998,0],[106.003896061,-6.04437737899997,0],[106.003783526,-6.04408859199998,0],[106.003623065,-6.04377147899993,0],[106.003442487,-6.04342893599994,0],[106.003386365,-6.04336416399997,0],[106.003342078,-6.04332295999995,0],[106.003315452,-6.04326992999995,0],[106.0033563,-6.04304278699993,0],[106.003400525,-6.04285401499993,0],[106.003432748,-6.04270532599998,0],[106.003444144,-6.04259150799993,0],[106.003476477,-6.04250319799996,0],[106.003513492,-6.04243578199993,0],[106.003571449,-6.04239619599997,0],[106.003679236,-6.04241353399993,0],[106.003734597,-6.04240039199993,0],[106.003754034,-6.04234005299998,0],[106.00377498,-6.04221451799998,0],[106.003820073,-6.04193247299997,0],[106.003842189,-6.04177525599994,0],[106.003571278,-6.04169981799993,0],[106.003568768,-6.04159084899993,0],[106.003445618,-6.04155208099996,0],[106.003414808,-6.04152956199994,0],[106.003383975,-6.04149472899996,0],[106.003359098,-6.04135316299994,0],[106.003336221,-6.04118285999994,0],[106.003241094,-6.04095200899997,0],[106.003185387,-6.04077766299997,0],[106.003144079,-6.04062381299997,0],[106.003118895,-6.04042984699993,0],[106.003100219,-6.04031289899996,0],[106.003084408,-6.04019785099996,0],[106.003061587,-6.04008636999993,0],[106.003019466,-6.04002179599996,0],[106.002980594,-6.03996691499998,0],[106.00294335,-6.03991849599993,0],[106.002873101,-6.03982209499998,0],[106.002833311,-6.03976204999998,0],[106.002805996,-6.03970538599998,0],[106.002780957,-6.03965211899992,0],[106.002747722,-6.03957901199993,0],[106.002727269,-6.03955409499997,0],[106.002698868,-6.03952125099994,0],[106.002672721,-6.03948386899998,0],[106.002647705,-6.03944307999996,0],[106.002627255,-6.03941929699994,0],[106.002538776,-6.03945552399995,0],[106.002429197,-6.03948290499994,0],[106.002375022,-6.03935170399996,0],[106.002351586,-6.03931577399993,0],[106.002320948,-6.03927446199998,0],[106.002301052,-6.03920794799996,0],[106.002282925,-6.03912704399994,0],[106.002254013,-6.03904615799996,0],[106.002225109,-6.03896886899997,0],[106.002170677,-6.03880249799994,0],[106.002130976,-6.03871983499994,0],[106.002078689,-6.03863719099996,0],[106.002039048,-6.03858690299995,0],[106.002013759,-6.03852039999992,0],[106.001988477,-6.03845929299996,0],[106.001965004,-6.03840357799993,0],[106.001917632,-6.03827853199994,0],[106.001868935,-6.03819228699996,0],[106.001786103,-6.03811689699995,0],[106.001705088,-6.03805229399995,0],[106.00162049,-6.03799489299996,0],[106.001546686,-6.03794286799996,0],[106.001492627,-6.03787282099995,0],[106.001367665,-6.03778948299993,0],[106.001295664,-6.03773925399997,0],[106.001212857,-6.03767825199998,0],[106.001139049,-6.03762262999993,0],[106.001068834,-6.03756520299993,0],[106.001022018,-6.03752391999996,0],[106.00097879,-6.03747903299995,0],[106.000877186,-6.03736672799994,0],[106.000826772,-6.03732365399998,0],[106.000767335,-6.03726260799993,0],[106.000715106,-6.03721054399995,0],[106.000668244,-6.03714407999996,0],[106.000635779,-6.03708658299996,0],[106.000585281,-6.03692245099995,0],[106.000546699,-6.03686816399994,0],[106.00052166,-6.03679346799993,0],[106.000526088,-6.03673910299995,0],[106.000569025,-6.03669825499998,0],[106.000725286,-6.03664663999996,0],[106.00074533,-6.03663321599993,0],[106.00075532,-6.03660865699993,0],[106.00074628,-6.03654285699997,0],[106.000721315,-6.03633499699993,0],[106.000695508,-6.03624580199994,0],[106.000669457,-6.03611658199998,0],[106.000646908,-6.03607026899994,0],[106.000422381,-6.03612967999993,0],[106.000344585,-6.03612780699996,0],[106.000300059,-6.03594923499998,0],[106.000269541,-6.03569634299993,0],[106.000214222,-6.03545170999996,0],[106.000180362,-6.03530318699995,0],[106.000160138,-6.03521150699993,0],[106.000130288,-6.03512089599997,0],[106.00013019,-6.03506774699997,0],[106.000131612,-6.03499114699997,0],[106.000187728,-6.03492070199997,0],[106.000231402,-6.03488153999996,0],[106.000284437,-6.03483454699995,0],[106.000309478,-6.03481184299994,0],[106.000317207,-6.03476649599997,0],[106.000292125,-6.03472120899994,0],[106.000259195,-6.03465561499996,0],[106.000230943,-6.03458532299993,0],[106.00019958,-6.03452285199995,0],[106.000171354,-6.03446662799996,0],[106.0001345,-6.03434382199993,0],[106.00013184,-6.03425634399997,0],[106.00009414,-6.03413143699993,0],[106.000048974,-6.03402404199994,0],[106.000041298,-6.03392407399997,0],[106.000026134,-6.03382912199993,0],[106.000000988,-6.03373918499994,0],[105.99996839,-6.03367425799996,0],[105.999908317,-6.03360938099996,0],[105.999821117,-6.03353590099994,0],[105.999771919,-6.03347635099993,0],[105.999734996,-6.03342028399993,0],[105.999712134,-6.03338173599997,0],[105.999637929,-6.03324438999994,0],[105.999593959,-6.03316904199994,0],[105.999553511,-6.03310070399993,0],[105.999537097,-6.03307975699994,0],[105.999501773,-6.03307982199993,0],[105.999448769,-6.03306887499997,0],[105.999386855,-6.03301597499996,0],[105.999318294,-6.03294983299998,0],[105.999254144,-6.03288147499995,0],[105.999201041,-6.03281751599997,0],[105.999084435,-6.03269546899998,0],[105.999037816,-6.03261959399993,0],[105.998986579,-6.03256078099997,0],[105.998947773,-6.03252209699997,0],[105.998905855,-6.03247566799996,0],[105.998874785,-6.03243076799993,0],[105.998856116,-6.03238894799995,0],[105.998837036,-6.03226105799996,0],[105.998836904,-6.03218820099994,0],[105.998804925,-6.03190782499996,0],[105.998784934,-6.03181366799993,0],[105.998784762,-6.03171947799996,0],[105.998772171,-6.03160795999997,0],[105.998739733,-6.03148160399996,0],[105.998702421,-6.03139987299994,0],[105.998652652,-6.03127850599998,0],[105.998637336,-6.03112357599997,0],[105.998654396,-6.03096986399993,0],[105.998698718,-6.03082105799996,0],[105.998750484,-6.03067967599998,0],[105.99882287,-6.03052768199996,0],[105.998844992,-6.03043097099993,0],[105.998906785,-6.03035401699998,0],[105.998973552,-6.03028696899997,0],[105.999070007,-6.03019755899993,0],[105.999131793,-6.03011564699995,0],[105.999213644,-6.03003007599995,0],[105.999255597,-6.02994076299996,0],[105.999292649,-6.02988120699996,0],[105.999366867,-6.02982405899996,0],[105.999428724,-6.02978180899993,0],[105.999480691,-6.02974948799994,0],[105.999515271,-6.02969241599993,0],[105.999534827,-6.02954861299997,0],[105.999859656,-6.02954737899995,0],[105.999860601,-6.02944966299998,0],[105.999851703,-6.02937301299994,0],[105.999851566,-6.02929853399996,0],[105.999853628,-6.02922843399995,0],[105.999864486,-6.02918021999994,0],[105.999916995,-6.02916041099996,0],[106.000000159,-6.02914273299996,0],[106.000048224,-6.02908788299993,0],[106.000091792,-6.02885034399998,0],[106.000115754,-6.02878458299995,0],[106.000152884,-6.02873632399996,0],[106.000220586,-6.02864419799994,0],[106.00023796,-6.02856749699993,0],[106.00028167,-6.02838679399997,0],[106.000386445,-6.02821573999995,0],[106.000425814,-6.02811218699998,0],[106.000473885,-6.02805952599994,0],[106.000519759,-6.02800467899993,0],[106.000565583,-6.02792135499993,0],[106.000620137,-6.02782268099998,0],[106.000650658,-6.02775252799995,0],[106.000685606,-6.02758940499996,0],[106.00071175,-6.02751926099995,0],[106.000746598,-6.02742062299995,0],[106.000770498,-6.02731981499994,0],[106.00079222,-6.02722777299994,0],[106.000805189,-6.02713574699993,0],[106.000818201,-6.02698560999994,0],[106.000802731,-6.02690677899994,0],[106.000767672,-6.02684577699995,0],[106.000746868,-6.02678371299993,0],[106.000746667,-6.02667330499997,0],[106.000746536,-6.02660257699995,0],[106.000741199,-6.02651288099997,0],[106.00074781,-6.02635520899997,0],[106.00078731,-6.02626888099996,0],[106.000825119,-6.02620325799995,0],[106.000897424,-6.02614274499996,0],[106.0009663,-6.02609259199994,0],[106.001053692,-6.02602585899996,0],[106.00108614,-6.02596062999993,0],[106.001092504,-6.02587806999998,0],[106.001092316,-6.02577596999993,0],[106.001092137,-6.02567821599996,0],[106.00109199,-6.02559784299996,0],[106.001054889,-6.02549363899993,0],[106.001015472,-6.02538392399993,0],[106.001006585,-6.02527315099996,0],[106.001012887,-6.02515800699996,0],[106.00104531,-6.02507974399992,0],[106.001090726,-6.02498190699993,0],[106.001101393,-6.02487978899995,0],[106.001094768,-6.02471980099995,0],[106.001096737,-6.02460900799997,0],[106.001133466,-6.02451118799996,0],[106.00120276,-6.02441113299994,0],[106.001265627,-6.02435888299993,0],[106.001350196,-6.02430007499993,0],[106.001443433,-6.02423473399995,0],[106.00155483,-6.02417723799994,0],[106.001604683,-6.02413152899993,0],[106.001626291,-6.02407500899994,0],[106.001628291,-6.02398159599994,0],[106.001602887,-6.02382337899996,0],[106.001591862,-6.02377416099995,0],[106.001586289,-6.02371672599998,0],[106.001610734,-6.02362914599996,0],[106.001618762,-6.02353339099994,0],[106.001615851,-6.02343765399996,0],[106.001585667,-6.02337753099994,0],[106.001312265,-6.02337529699997,0],[106.001295968,-6.02343277199998,0],[106.001276891,-6.02346563199995,0],[106.001244117,-6.02348484199996,0],[106.001074557,-6.02345506099994,0],[106.001003469,-6.02345245699996,0],[106.000915987,-6.02345535199993,0],[106.000850322,-6.02342811799997,0],[106.000754593,-6.02340641099994,0],[106.000682339,-6.02336793399996,0],[106.000553804,-6.02334628499995,0],[106.00036517,-6.02335210299998,0],[106.000209293,-6.02333050499993,0],[106.00012727,-6.02332791999993,0],[106.000034305,-6.02332261899994,0],[105.999949487,-6.02328721499993,0],[105.999845562,-6.02326825599994,0],[105.999741666,-6.02326571099996,0],[105.999648646,-6.02323031999993,0],[105.999545999,-6.02314521299996,0],[105.999472112,-6.02310705299993,0],[105.999368177,-6.02308262599996,0],[105.999283384,-6.02306089599995,0],[105.999250531,-6.02303633699995,0],[105.999253144,-6.02297068199994,0],[105.999291946,-6.02277324999994,0],[105.999291854,-6.02272248499997,0],[105.999298996,-6.02266445299995,0],[105.999320647,-6.02261364799995,0],[105.999318116,-6.02255079999998,0],[105.999233455,-6.02249777199995,0],[105.999156085,-6.02246648699997,0],[105.999076292,-6.02243278999993,0],[105.998996471,-6.02238458799997,0],[105.998911825,-6.02233881199993,0],[105.998734564,-6.02224159099995,0],[105.998647528,-6.02221032399996,0],[105.998567781,-6.02220079999995,0],[105.998330035,-6.02208987299997,0],[105.998235068,-6.02204935599997,0],[105.998167213,-6.02200878999997,0],[105.998107501,-6.02197363399995,0],[105.998039641,-6.02193035399995,0],[105.997996172,-6.02188160499998,0],[105.99793371,-6.02182475099994,0],[105.997814411,-6.02182225699994,0],[105.997714101,-6.02182515399994,0],[105.997665284,-6.02181710399998,0],[105.997648998,-6.02180628299993,0],[105.997612234,-6.02127102799994,0],[105.997262431,-6.02124182699993,0],[105.996916736,-6.02119587699997,0],[105.99672413,-6.02113654799996,0],[105.996731641,-6.02079473099997,0],[105.996753611,-6.02062969999997,0],[105.996746661,-6.02048007199994,0],[105.996737069,-6.02034605799997,0],[105.996457201,-6.02033752799997,0],[105.99641699,-6.02001476099997,0],[105.995997374,-6.01990738799998,0],[105.995655339,-6.01976824999997,0],[105.99533789,-6.01965241499994,0],[105.995298097,-6.01962324099998,0],[105.995296135,-6.01957269499997,0],[105.995304015,-6.01950866999994,0],[105.99531273,-6.01943786099997,0],[105.995359237,-6.01928799499996,0],[105.995379521,-6.01912319899998,0],[105.995407491,-6.01902306299996,0],[105.995409174,-6.01892008599998,0],[105.995380981,-6.01879103199997,0],[105.995347908,-6.01874393899993,0],[105.995279458,-6.01868040899996,0],[105.995229864,-6.01861920099998,0],[105.995215585,-6.01854142599996,0],[105.995220169,-6.01847068899997,0],[105.995248136,-6.01830088899993,0],[105.995247846,-6.01811823599996,0],[105.995233149,-6.01781124599995,0],[105.995192821,-6.01766278899993,0],[105.995185492,-6.01751898699996,0],[105.995166555,-6.01747187099994,0],[105.995145262,-6.01742475599997,0],[105.995132949,-6.01726592899996,0],[105.995097168,-6.01702551599993,0],[105.995044451,-6.01665913999994,0],[105.994947367,-6.01639761999996,0],[105.99485473,-6.01609272899998,0],[105.994805448,-6.01596666399996,0],[105.994782237,-6.01596670599997,0],[105.994749681,-6.01584845599996,0],[105.994692108,-6.01585130399997,0],[105.994677405,-6.01580834999993,0],[105.994657011,-6.01560041899995,0],[105.994647121,-6.01557254299996,0],[105.99462082,-6.01553813399994,0],[105.994614175,-6.01549056299996,0],[105.994638724,-6.01530172899993,0],[105.994640969,-6.01509445799996,0],[105.994582825,-6.01484269599996,0],[105.99436111,-6.01420951699993,0],[105.994051033,-6.01429954599996,0],[105.993553107,-6.01445524699994,0],[105.993153866,-6.01452433099996,0],[105.99292793,-6.01384074899994,0],[105.992698466,-6.01308354699995,0],[105.992529449,-6.01285508799998,0],[105.992463232,-6.01275609599998,0],[105.992390283,-6.01258773599994,0],[105.992330195,-6.01238347199995,0],[105.9922363,-6.01222753399998,0],[105.992165978,-6.01216521799995,0],[105.992072296,-6.01212636099996,0],[105.992025415,-6.01208481699996,0],[105.991973299,-6.01202506999994,0],[105.991881347,-6.01193081599996,0],[105.991837038,-6.01187365699997,0],[105.991756333,-6.01182176699996,0],[105.991654911,-6.01181674799994,0],[105.991470401,-6.01187952599997,0],[105.99124314,-6.01190090199998,0],[105.991105369,-6.01192716999998,0],[105.990998774,-6.01193776999997,0],[105.990915568,-6.01194052299996,0],[105.990842722,-6.01191983999996,0],[105.990806274,-6.01189648999997,0],[105.990725884,-6.01185112399997,0],[105.990627148,-6.01178466799996,0],[105.990572028,-6.01175785699996,0],[105.990519447,-6.01171822799995,0],[105.990478394,-6.01167985799998,0],[105.990476856,-6.01162949999997,0],[105.990478376,-6.01157785999993,0],[105.990473426,-6.01151655099994,0],[105.990306954,-6.01112824899997,0],[105.989215533,-6.01118506699993,0],[105.989002695,-6.01062595599996,0],[105.988231502,-6.01078937499994,0],[105.98742735,-6.01095875999994,0],[105.987311038,-6.01064626899995,0],[105.987215431,-6.01037576699997,0],[105.987107801,-6.01040469299994,0],[105.987071819,-6.01040793099997,0],[105.986891405,-6.00991599799994,0],[105.9868321,-6.00975257999994,0],[105.986842049,-6.00972881599995,0],[105.98688322,-6.00970249599993,0],[105.98693064,-6.00967741599993,0],[105.986999309,-6.00966229399995,0],[105.987201577,-6.00960543099995,0],[105.987339878,-6.00954537899997,0],[105.987449875,-6.00948852599993,0],[105.987522083,-6.00940970799996,0],[105.987584911,-6.00936238299994,0],[105.987696509,-6.00932126199996,0],[105.988115445,-6.00916379599994,0],[105.9882578,-6.00927732299994,0],[105.988541797,-6.00910968899996,0],[105.988697827,-6.00892450499992,0],[105.988843261,-6.00877489999993,0],[105.989102458,-6.00864997999997,0],[105.989269126,-6.00856340599995,0],[105.988282292,-6.00754770399993,0],[105.987670189,-6.00692077199994,0],[105.987410609,-6.00661857999995,0],[105.987251126,-6.00649934599994,0],[105.987217356,-6.00645650199993,0],[105.987220347,-6.00641665699993,0],[105.987348722,-6.00626932199998,0],[105.987351702,-6.00622334699995,0],[105.98721974,-6.00607954799995,0],[105.986807728,-6.00567429299997,0],[105.986700864,-6.00554315899996,0],[105.986710447,-6.00550693999998,0],[105.986864578,-6.00537150599996,0],[105.987221478,-6.00502728499993,0],[105.987274457,-6.00497891899994,0],[105.987312976,-6.00493781999995,0],[105.987320095,-6.00487264299994,0],[105.987208892,-6.00473527499997,0],[105.986719812,-6.00422481199996,0],[105.986623364,-6.00410462599996,0],[105.986641203,-6.00399025299993,0],[105.986791315,-6.00385156799996,0],[105.987025458,-6.00361644499998,0],[105.987169533,-6.00346573399997,0],[105.987253542,-6.00335725899993,0],[105.987202785,-6.00325780099996,0],[105.987190798,-6.00318075799993,0],[105.987193552,-6.00306515699998,0],[105.987240835,-6.00300282899997,0],[105.987415305,-6.00283356599994,0],[105.987821679,-6.00239821399992,0],[105.986207235,-6.00082546399994,0],[105.986063465,-6.00066973099996,0],[105.985831729,-6.00091020599996,0],[105.985438967,-6.00054818199993,0],[105.985115303,-6.00020597099996,0],[105.984790239,-5.99989744099997,0],[105.984547663,-5.99965397299997,0],[105.984516615,-5.99961209999998,0],[105.98451289,-5.99956653099997,0],[105.984521922,-5.99952276399995,0],[105.984526293,-5.99932856999993,0],[105.985696163,-5.99814229399993,0],[105.985108423,-5.99745288799994,0],[105.98476862,-5.99716031199995,0],[105.98461934,-5.99704742099993,0],[105.984505972,-5.99689331399998,0],[105.98438234,-5.99674951599997,0],[105.984258709,-5.99660571499993,0],[105.984070268,-5.99639484099993,0],[105.984004303,-5.99631895799996,0],[105.983902935,-5.99626593899995,0],[105.983832047,-5.99626859999995,0],[105.983738423,-5.99629916899994,0],[105.983632158,-5.99633989399996,0],[105.983538499,-5.99635019499993,0],[105.983424543,-5.99633773299996,0],[105.983305576,-5.99626834099996,0],[105.983277252,-5.99625591699993,0],[105.983275113,-5.99623565999997,0],[105.983268647,-5.99621029299993,0],[105.983259034,-5.99619611599996,0],[105.983246276,-5.99619312799996,0],[105.98323618,-5.99618444299995,0],[105.983228747,-5.99617005999994,0],[105.983219037,-5.99616289799997,0],[105.983207053,-5.99616295999994,0],[105.983199769,-5.99616726099993,0],[105.983199536,-5.99616803099997,0],[105.983197186,-5.99617580099994,0],[105.983191167,-5.99617871899994,0],[105.983181713,-5.99617601299997,0],[105.983178294,-5.99618070899993,0],[105.983180913,-5.99619280799993,0],[105.98317996,-5.99620197699994,0],[105.983175435,-5.99620821499997,0],[105.983164671,-5.99621022299993,0],[105.983147669,-5.99620799999997,0],[105.983131054,-5.99620397999996,0],[105.983114825,-5.99619816399996,0],[105.983105585,-5.99619187899998,0],[105.983103336,-5.99618512599994,0],[105.983098447,-5.99618416899995,0],[105.983090916,-5.99618900599995,0],[105.983086835,-5.99618878399997,0],[105.983086203,-5.99618350299994,0],[105.983077667,-5.99617074099996,0],[105.983061227,-5.99615049699997,0],[105.983048438,-5.99613845899995,0],[105.9830393,-5.99613462799994,0],[105.983041124,-5.99612562999994,0],[105.983049831,-5.99611598299992,0],[105.983053908,-5.99611146599995,0],[105.983055032,-5.99610018099997,0],[105.983044497,-5.99609177099995,0],[105.983035811,-5.99608731399996,0],[105.983028976,-5.99608680899996,0],[105.983021103,-5.99607960599997,0],[105.983012193,-5.99606570599997,0],[105.98300393,-5.99605709899993,0],[105.982996312,-5.99605378699994,0],[105.982988439,-5.99605379099995,0],[105.982980311,-5.99605711299995,0],[105.982975237,-5.99605342299998,0],[105.982880202,-5.99597662199994,0],[105.982873761,-5.99597212299994,0],[105.982870915,-5.99596432499993,0],[105.982863565,-5.99595680299996,0],[105.982851712,-5.99594955899994,0],[105.982839037,-5.99594839899993,0],[105.982825541,-5.99595332399997,0],[105.982815419,-5.99595206099997,0],[105.982808671,-5.99594460999998,0],[105.982803412,-5.99594689499997,0],[105.982801173,-5.99595403599994,0],[105.982799643,-5.99595891399997,0],[105.982794019,-5.99596744399997,0],[105.982786542,-5.99597248299995,0],[105.982776055,-5.99596978799997,0],[105.982762559,-5.99595935799994,0],[105.982743769,-5.99595088799992,0],[105.982719685,-5.99594437699994,0],[105.98270394,-5.99593678399998,0],[105.982696532,-5.99592810699994,0],[105.982684803,-5.99591846599998,0],[105.982668749,-5.99590785999993,0],[105.982661276,-5.99589493099995,0],[105.982662384,-5.99587967699995,0],[105.982655789,-5.99587136099996,0],[105.982641494,-5.99586998199993,0],[105.982630971,-5.99586444799996,0],[105.982624223,-5.99585476099998,0],[105.982615626,-5.99584790299997,0],[105.982605179,-5.99584387399995,0],[105.982599955,-5.99583888599994,0],[105.982599955,-5.99583293699993,0],[105.982593932,-5.99582813499995,0],[105.982581886,-5.99582447999995,0],[105.982572801,-5.99581854499996,0],[105.982566676,-5.99581032899994,0],[105.982557366,-5.99580211099993,0],[105.982556554,-5.99580139499994,0],[105.982542434,-5.99579174399997,0],[105.982539384,-5.99579016799993,0],[105.982530875,-5.99578577099993,0],[105.982521878,-5.99578347799996,0],[105.982515429,-5.99577819499996,0],[105.98251223,-5.99577141399993,0],[105.982511527,-5.99576992299995,0],[105.982507029,-5.99576597299995,0],[105.982504609,-5.99576614999995,0],[105.982501932,-5.99576634599993,0],[105.982496568,-5.99576271399997,0],[105.982493389,-5.99575840099993,0],[105.982490936,-5.99575507299994,0],[105.982480814,-5.99574834699996,0],[105.98247614,-5.99574648799995,0],[105.982466202,-5.99574253499998,0],[105.982450715,-5.99573440499995,0],[105.982434355,-5.99572395799993,0],[105.982423705,-5.99571452599997,0],[105.982418767,-5.99570610799998,0],[105.982418646,-5.99570570299994,0],[105.982416101,-5.99569720299996,0],[105.982415705,-5.99568780999994,0],[105.982412485,-5.99567708799998,0],[105.98240644,-5.99566503699998,0],[105.982400738,-5.99565788699994,0],[105.982395378,-5.99565563799996,0],[105.982395752,-5.99565146399993,0],[105.982401858,-5.99564536699995,0],[105.982394662,-5.99563399499993,0],[105.982374163,-5.99561734799994,0],[105.982363755,-5.99561111399993,0],[105.982363439,-5.99561529199997,0],[105.982357943,-5.99562033399997,0],[105.982347267,-5.99562623799994,0],[105.982342119,-5.99562604499994,0],[105.982334812,-5.99562576999995,0],[105.982320578,-5.99561892999998,0],[105.982314511,-5.99561019599997,0],[105.982316363,-5.99560082099993,0],[105.982316611,-5.99559956799993,0],[105.982324963,-5.99559705599995,0],[105.982339565,-5.99560265799994,0],[105.982347487,-5.99560085199994,0],[105.982348726,-5.99559163899994,0],[105.982345585,-5.99558781499996,0],[105.982338064,-5.99558937899997,0],[105.982328337,-5.99558586999996,0],[105.982316404,-5.99557729099996,0],[105.982302052,-5.99557252599993,0],[105.982285601,-5.99557159499994,0],[105.982285278,-5.99557157699996,0],[105.982276769,-5.99556608699993,0],[105.982276696,-5.99556313599993,0],[105.982276522,-5.99555605799998,0],[105.982270288,-5.99555288199997,0],[105.982266957,-5.99555388399995,0],[105.982258066,-5.99555655899997,0],[105.982249284,-5.99555613699994,0],[105.982243942,-5.99555161599994,0],[105.982245199,-5.99554851899995,0],[105.982253054,-5.99554684499998,0],[105.982250455,-5.99553943699993,0],[105.982250102,-5.99553843199993,0],[105.982236341,-5.99552327899994,0],[105.982223249,-5.99551666599996,0],[105.982221572,-5.99551692599994,0],[105.982210825,-5.99551858999996,0],[105.98220703,-5.99552250199997,0],[105.982211862,-5.99552840199993,0],[105.982207952,-5.99553268999995,0],[105.9821953,-5.99553536599996,0],[105.982184597,-5.99553116799996,0],[105.982175846,-5.99552009699994,0],[105.982174722,-5.99550748399997,0],[105.982181224,-5.99549332899994,0],[105.982179934,-5.99548447399997,0],[105.982179651,-5.99548252999995,0],[105.982170003,-5.99547508799998,0],[105.982160022,-5.99547624999997,0],[105.982157785,-5.99547651099994,0],[105.982142998,-5.99548679999998,0],[105.982136575,-5.99548568899996,0],[105.982138517,-5.99547317599996,0],[105.982135183,-5.99546529099996,0],[105.982134778,-5.99546433299997,0],[105.982129094,-5.99546120999997,0],[105.982125358,-5.99545915699997,0],[105.982124777,-5.99545831599994,0],[105.982122002,-5.99545430299997,0],[105.982124708,-5.99544976899995,0],[105.982112583,-5.99543743299995,0],[105.982085626,-5.99541729399994,0],[105.982061023,-5.99540060199996,0],[105.982038776,-5.99538735599998,0],[105.982021871,-5.99537558899993,0],[105.982010307,-5.99536529999995,0],[105.981996645,-5.99535500899998,0],[105.981980881,-5.99534471499993,0],[105.98196764,-5.99533282899995,0],[105.981963087,-5.99532710399995,0],[105.98195692,-5.99531934999993,0],[105.981953028,-5.99531036199994,0],[105.98195531,-5.99530686299994,0],[105.981955963,-5.99530586299994,0],[105.981955229,-5.99523481299997,0],[105.981893433,-5.99510165499993,0],[105.981886518,-5.99510330699997,0],[105.981880821,-5.99510038699998,0],[105.981879686,-5.99509980499994,0],[105.981872938,-5.99509114999995,0],[105.981862887,-5.99508478699994,0],[105.981849531,-5.99508071399993,0],[105.981844264,-5.99506743099994,0],[105.981847084,-5.99504493799998,0],[105.981849678,-5.99504088299994,0],[105.981852761,-5.99503606299993,0],[105.981861292,-5.99504080899993,0],[105.98186471,-5.99503558399994,0],[105.981863014,-5.99502039299995,0],[105.98185957,-5.99501234099995,0],[105.981854377,-5.99501143299995,0],[105.981853946,-5.99500540999998,0],[105.981858278,-5.99499427299997,0],[105.981857075,-5.99498757899994,0],[105.981850335,-5.99498532999996,0],[105.981844602,-5.99497408299993,0],[105.981839875,-5.99495383899995,0],[105.981833786,-5.99494097599995,0],[105.981826335,-5.99493549199997,0],[105.981822126,-5.99492776899996,0],[105.98182116,-5.99491780499994,0],[105.981822838,-5.99491148799996,0],[105.981827161,-5.99490881699995,0],[105.981819416,-5.99489994699996,0],[105.981799601,-5.99488487799994,0],[105.981796171,-5.99487256999993,0],[105.981809122,-5.99486302399993,0],[105.981812259,-5.99485820899997,0],[105.981805581,-5.99485812499995,0],[105.981803411,-5.99484695899997,0],[105.981805748,-5.99482471099998,0],[105.981804439,-5.99481448699993,0],[105.981799483,-5.99481628399997,0],[105.98178951,-5.99481484299997,0],[105.981774521,-5.99481016299995,0],[105.981766476,-5.99480468299993,0],[105.981765378,-5.99479839999998,0],[105.981759522,-5.99479076299997,0],[105.981748908,-5.99478176999997,0],[105.981739146,-5.99477722699993,0],[105.981730237,-5.99477713499994,0],[105.981724613,-5.99477393899997,0],[105.981722276,-5.99476763899997,0],[105.981716907,-5.99476400799995,0],[105.981708507,-5.99476304599995,0],[105.981696843,-5.99475499299996,0],[105.981681915,-5.99473984999997,0],[105.981678651,-5.99472931199995,0],[105.98168705,-5.99472338099997,0],[105.981676419,-5.99471888199997,0],[105.981646756,-5.99471581599994,0],[105.981630601,-5.99470515099995,0],[105.981627956,-5.99468688799993,0],[105.98162326,-5.99468067799995,0],[105.981616512,-5.99468652199994,0],[105.981612791,-5.99469305899993,0],[105.981612097,-5.99470028999997,0],[105.981603284,-5.99469956499996,0],[105.981586352,-5.99469088399997,0],[105.981571274,-5.99468672999996,0],[105.98155805,-5.99468710399998,0],[105.981553872,-5.99468442399996,0],[105.981558741,-5.99467869099993,0],[105.981558226,-5.99467174899996,0],[105.981552331,-5.99466359999997,0],[105.981546286,-5.99466205099998,0],[105.981540091,-5.99466710299993,0],[105.981534533,-5.99466279799998,0],[105.981529613,-5.99464913499997,0],[105.98152424,-5.99464038499997,0],[105.981518415,-5.99463654999994,0],[105.981518713,-5.99463221999997,0],[105.981525137,-5.99462739699993,0],[105.981524965,-5.99461581799994,0],[105.9815182,-5.99459748499993,0],[105.981512405,-5.99459402299993,0],[105.981507581,-5.99460543299995,0],[105.98150067,-5.99461373599996,0],[105.981491673,-5.99461893299997,0],[105.981482913,-5.99461523799994,0],[105.98147439,-5.99460265199997,0],[105.981468766,-5.99459084499995,0],[105.981466042,-5.99457981699993,0],[105.981462831,-5.99457628099998,0],[105.981459132,-5.99458023499994,0],[105.981453816,-5.99458005699995,0],[105.981446883,-5.99457574699994,0],[105.981443109,-5.99457023099995,0],[105.981442495,-5.99456350999998,0],[105.981432363,-5.99455144599995,0],[105.981412717,-5.99453403899997,0],[105.981409343,-5.99452296399994,0],[105.981422241,-5.99451821999997,0],[105.981424367,-5.99451579599997,0],[105.981415722,-5.99451569499996,0],[105.981411566,-5.99451278499993,0],[105.9814119,-5.99450706499994,0],[105.981418709,-5.99450362899995,0],[105.981431994,-5.99450247799996,0],[105.981438633,-5.99449740699993,0],[105.981438624,-5.99448841299994,0],[105.981433062,-5.99448219699997,0],[105.981421947,-5.99447875699997,0],[105.981414966,-5.99448005699998,0],[105.98141212,-5.99448609799992,0],[105.981406197,-5.99448956699996,0],[105.9813972,-5.99449046299998,0],[105.981386252,-5.99448572199998,0],[105.981373353,-5.99447534499996,0],[105.981370225,-5.99446708199997,0],[105.981376868,-5.99446093099994,0],[105.981379218,-5.99445335699994,0],[105.981377277,-5.99444435999993,0],[105.981373656,-5.99443844699994,0],[105.981368358,-5.99443561699997,0],[105.98136552,-5.99443880499996,0],[105.981365143,-5.99444800899994,0],[105.981361768,-5.99445227899997,0],[105.981355398,-5.99445161499995,0],[105.981345526,-5.99444498999998,0],[105.981332153,-5.99443240399995,0],[105.981321741,-5.99442871099996,0],[105.98131429,-5.99443391299997,0],[105.981303719,-5.99443172599996,0],[105.98129003,-5.99442215399995,0],[105.981280198,-5.99441807099993,0],[105.981274223,-5.99441947599996,0],[105.981268986,-5.99441720299995,0],[105.981264487,-5.99441124999993,0],[105.981252213,-5.99440707399998,0],[105.981232162,-5.99440467499994,0],[105.981221842,-5.99440020099996,0],[105.981221254,-5.99439364999995,0],[105.981216584,-5.99438917799995,0],[105.981207832,-5.99438678299992,0],[105.981203531,-5.99438829099995,0],[105.981203681,-5.99439369899994,0],[105.981199191,-5.99439820399994,0],[105.981190061,-5.99440180699997,0],[105.981181116,-5.99440035299995,0],[105.981172357,-5.99439384199997,0],[105.981163425,-5.99439118399994,0],[105.981154322,-5.99439237899998,0],[105.981148387,-5.99438531899995,0],[105.981145619,-5.99437000299997,0],[105.981139618,-5.99436298099994,0],[105.981130383,-5.99436425099998,0],[105.981126113,-5.99436897999993,0],[105.981126807,-5.99437716899996,0],[105.981120836,-5.99437976699994,0],[105.981108202,-5.99437677499998,0],[105.981099446,-5.99436689499993,0],[105.981094569,-5.99435012599997,0],[105.9810954,-5.99433917599993,0],[105.981101937,-5.99433404399997,0],[105.981102666,-5.99432915099993,0],[105.981097588,-5.99432449299997,0],[105.981093976,-5.99432783899994,0],[105.981091832,-5.99433918699998,0],[105.981087795,-5.99434471399996,0],[105.981081863,-5.99434441999995,0],[105.981078784,-5.99433989199997,0],[105.981078556,-5.99433113199996,0],[105.981071395,-5.99432817299993,0],[105.981057301,-5.99433101599993,0],[105.981048457,-5.99432667699995,0],[105.981044864,-5.99431515799995,0],[105.981045237,-5.99430377499993,0],[105.981049578,-5.99429252799996,0],[105.981057442,-5.99428353099995,0],[105.981068829,-5.99427678299998,0],[105.981074501,-5.99427003499994,0],[105.981074457,-5.99426328599998,0],[105.981070775,-5.99426532099994,0],[105.981063456,-5.99427613699993,0],[105.98105571,-5.99428022499995,0],[105.981047539,-5.99427758399997,0],[105.981040655,-5.99427204199998,0],[105.981035058,-5.99426359899996,0],[105.981030146,-5.99426764999993,0],[105.98102592,-5.99428419399993,0],[105.981027642,-5.99429736299993,0],[105.981035312,-5.99430715499994,0],[105.981035862,-5.99431418699993,0],[105.981029289,-5.99431845699996,0],[105.981024048,-5.99431779399993,0],[105.981020138,-5.99431219699994,0],[105.981013443,-5.99430992099997,0],[105.981003962,-5.99431096699993,0],[105.981002227,-5.99430398399994,0],[105.981008237,-5.99428897199994,0],[105.98100876,-5.99428119599997,0],[105.981003795,-5.99428065499995,0],[105.981001313,-5.99427216899994,0],[105.981001313,-5.99425573899993,0],[105.98101031,-5.99424749899993,0],[105.981028305,-5.99424745099998,0],[105.98103931,-5.99425303699996,0],[105.981043326,-5.99426425799993,0],[105.98104807,-5.99426987199996,0],[105.981053544,-5.99426988099998,0],[105.981056304,-5.99426203899998,0],[105.981056347,-5.99424634599995,0],[105.981060727,-5.99423835699997,0],[105.981069444,-5.99423807199997,0],[105.981074914,-5.99423341899995,0],[105.981077136,-5.99422439999995,0],[105.981078169,-5.99419949399993,0],[105.981078011,-5.99415870299993,0],[105.981075551,-5.99413599599995,0],[105.981070789,-5.99413137399995,0],[105.981056304,-5.99412786299996,0],[105.981032097,-5.99412546599996,0],[105.981017827,-5.99412530699993,0],[105.981013496,-5.99412738899997,0],[105.981013381,-5.99412199399995,0],[105.981017485,-5.99410912199994,0],[105.981016105,-5.99409841299996,0],[105.981009243,-5.99408986899994,0],[105.981002376,-5.99408525399997,0],[105.980995505,-5.99408456799995,0],[105.98098226,-5.99407841099998,0],[105.980962639,-5.99406678199995,0],[105.980951586,-5.99405572599994,0],[105.980949099,-5.99404524399995,0],[105.980951098,-5.99404072099998,0],[105.980957582,-5.99404215799996,0],[105.980961954,-5.99403864999994,0],[105.980964212,-5.99403019699997,0],[105.980960341,-5.99402147399996,0],[105.980950342,-5.99401248099997,0],[105.980944622,-5.99401689199993,0],[105.980943181,-5.99403470699997,0],[105.980938103,-5.99404365799995,0],[105.980929387,-5.99404374599993,0],[105.980923948,-5.99403924799998,0],[105.980921786,-5.99403016199994,0],[105.980914172,-5.99402652899994,0],[105.980901107,-5.99402834799997,0],[105.980890818,-5.99402506399997,0],[105.980883306,-5.99401667699993,0],[105.980878499,-5.99401671799995,0],[105.980876399,-5.99402518899996,0],[105.980873214,-5.99402743799993,0],[105.980868944,-5.99402346699998,0],[105.980859419,-5.99403887799997,0],[105.98084464,-5.99407367299995,0],[105.980834308,-5.99408838999994,0],[105.98082842,-5.99408303099995,0],[105.980828925,-5.99407463099993,0],[105.980835823,-5.99406318999996,0],[105.980836719,-5.99405826799995,0],[105.980831614,-5.99405986299996,0],[105.980825112,-5.99405738899998,0],[105.980817213,-5.99405084799997,0],[105.98081278,-5.99405316499997,0],[105.980811814,-5.99406434099996,0],[105.98080808,-5.99407342699993,0],[105.980801577,-5.99408042099998,0],[105.980805,-5.99408764199995,0],[105.980818346,-5.99409508799994,0],[105.980830182,-5.99409904799995,0],[105.980840506,-5.99409952299993,0],[105.980843999,-5.99410718199994,0],[105.98084066,-5.99412202699995,0],[105.980835256,-5.99412674799993,0],[105.980827787,-5.99412134399995,0],[105.980823579,-5.99412359399997,0],[105.98082263,-5.99413349599996,0],[105.980825059,-5.99414154599998,0],[105.980830867,-5.99414774599995,0],[105.980827295,-5.99415780199996,0],[105.980814345,-5.99417171499994,0],[105.98080547,-5.99417634199995,0],[105.980800673,-5.99417167999997,0],[105.98079055,-5.99417162099996,0],[105.980775104,-5.99417616299996,0],[105.980762486,-5.99418603799995,0],[105.980752698,-5.99420124299996,0],[105.980744917,-5.99420483199998,0],[105.980739144,-5.99419680499994,0],[105.98073957,-5.99419042199997,0],[105.980746196,-5.99418568199997,0],[105.980749816,-5.99417580799997,0],[105.980750431,-5.99416079999997,0],[105.980756204,-5.99415053099995,0],[105.980767134,-5.99414499999995,0],[105.980769243,-5.99414108999997,0],[105.98076253,-5.99413880099996,0],[105.98075905,-5.99412990399998,0],[105.980758805,-5.99411440099993,0],[105.980756498,-5.99410658299996,0],[105.980752131,-5.99410645099994,0],[105.980750795,-5.99409766499997,0],[105.980752492,-5.99408022399996,0],[105.980759209,-5.99407575499993,0],[105.980770947,-5.99408426099995,0],[105.980777665,-5.99408508599993,0],[105.98077936,-5.99407823299993,0],[105.980777146,-5.99407369999994,0],[105.980771022,-5.99407148499995,0],[105.98076543,-5.99406588999994,0],[105.980760369,-5.99405691499993,0],[105.980755808,-5.99405472899997,0],[105.980751749,-5.99405933399993,0],[105.980749697,-5.99405615699993,0],[105.980749653,-5.99404519999996,0],[105.980753006,-5.99403959899996,0],[105.980759753,-5.99403935199996,0],[105.980759757,-5.99403472699993,0],[105.980753019,-5.99402571999997,0],[105.980751911,-5.99401573599994,0],[105.980756436,-5.99400477599994,0],[105.98076318,-5.99399915699996,0],[105.980772142,-5.99399887899995,0],[105.980775438,-5.99399429599993,0],[105.980773065,-5.99398540299995,0],[105.980770627,-5.99398533499993,0],[105.980768122,-5.99399409099993,0],[105.980762557,-5.99399854199993,0],[105.980753928,-5.99399868699993,0],[105.980747264,-5.99399427399993,0],[105.980742562,-5.99398530199994,0],[105.980736943,-5.99398192099994,0],[105.980730406,-5.99398413199998,0],[105.980724902,-5.99397975099993,0],[105.980720429,-5.99396878099998,0],[105.980720425,-5.99396102999998,0],[105.980724888,-5.99395649599995,0],[105.980732616,-5.99395761799997,0],[105.980743608,-5.99396439599997,0],[105.980756112,-5.99396115199994,0],[105.980770126,-5.99394788399997,0],[105.980780397,-5.99394098499994,0],[105.980786926,-5.99394045399993,0],[105.980786684,-5.99393571499996,0],[105.980779673,-5.99392677099996,0],[105.980772792,-5.99392240299994,0],[105.980766045,-5.99392261399993,0],[105.980761475,-5.99392616499995,0],[105.980759085,-5.99393305299998,0],[105.980761313,-5.99393645099997,0],[105.980768157,-5.99393635899997,0],[105.98077046,-5.99393953999993,0],[105.98076822,-5.99394599399994,0],[105.980762847,-5.99394686799997,0],[105.980754341,-5.99394216299993,0],[105.980751063,-5.99393433399996,0],[105.980753014,-5.99392338099995,0],[105.980751731,-5.99391791099993,0],[105.980747215,-5.99391792499995,0],[105.980743714,-5.99392347099996,0],[105.980741227,-5.99393455099994,0],[105.980734588,-5.99394231799994,0],[105.980723799,-5.99394677299995,0],[105.98072046,-5.99394456099998,0],[105.980724572,-5.99393568299996,0],[105.980720965,-5.99393569999995,0],[105.980709639,-5.99394461399993,0],[105.980700774,-5.99394911299993,0],[105.980694368,-5.99394919599996,0],[105.980692255,-5.99394146399993,0],[105.980694434,-5.99392591599997,0],[105.980705474,-5.99391375399995,0],[105.980725376,-5.99390497499996,0],[105.980737717,-5.99390336699997,0],[105.980742496,-5.99390892999998,0],[105.980749539,-5.99390556699996,0],[105.980758844,-5.99389327899996,0],[105.980766611,-5.99388708599997,0],[105.980772841,-5.99388698899998,0],[105.980778429,-5.99387907899995,0],[105.980783376,-5.99386335599996,0],[105.980792593,-5.99385661699995,0],[105.98080608,-5.99385886099998,0],[105.980809578,-5.99385737899996,0],[105.980803084,-5.99385216899998,0],[105.980803076,-5.99384540899996,0],[105.980809551,-5.99383710199993,0],[105.980819454,-5.99383731899997,0],[105.980832783,-5.99384606199993,0],[105.980838336,-5.99384711799996,0],[105.980836113,-5.99384048899998,0],[105.980839465,-5.99383636799996,0],[105.980848392,-5.99383475599996,0],[105.980850659,-5.99383016899998,0],[105.980846265,-5.99382260799996,0],[105.980844016,-5.99381212999998,0],[105.980843911,-5.99379873599997,0],[105.980839443,-5.99378537499996,0],[105.980830612,-5.99377204999996,0],[105.980821712,-5.99376520999994,0],[105.980812741,-5.99376485399995,0],[105.980805786,-5.99376014899997,0],[105.980800848,-5.99375109499994,0],[105.980790779,-5.99374766599993,0],[105.980775578,-5.99374986199996,0],[105.980767995,-5.99374548699996,0],[105.98076803,-5.99373453899995,0],[105.980764819,-5.99372987999993,0],[105.98075836,-5.99373150999998,0],[105.980756234,-5.99372842499997,0],[105.980758439,-5.99372062699996,0],[105.980764876,-5.99371470499995,0],[105.980775543,-5.99371065899993,0],[105.9807807,-5.99371131999993,0],[105.980780349,-5.99371668899994,0],[105.980791415,-5.99371860199994,0],[105.9808139,-5.99371705999994,0],[105.980827498,-5.99372503399997,0],[105.980832207,-5.99374252399997,0],[105.980840335,-5.99375816099996,0],[105.98085188,-5.99377194699997,0],[105.980859766,-5.99377882899995,0],[105.980863992,-5.99377880799995,0],[105.980863878,-5.99377306999997,0],[105.980859424,-5.99376161699996,0],[105.980853976,-5.99375581699996,0],[105.980847535,-5.99375567199996,0],[105.980844201,-5.99374565799997,0],[105.980843972,-5.99372577399993,0],[105.980848067,-5.99371239199996,0],[105.980856485,-5.99370551199996,0],[105.980859608,-5.99369532399993,0],[105.980857438,-5.99368182799998,0],[105.980864784,-5.99367507999995,0],[105.980881645,-5.99367507999995,0],[105.980891385,-5.99366833199997,0],[105.980894003,-5.99365483599996,0],[105.980899543,-5.99364021499997,0],[105.980908005,-5.99362446999993,0],[105.98091108,-5.99361228899994,0],[105.980908769,-5.99360367399993,0],[105.980910961,-5.99359933999995,0],[105.980917657,-5.99359928799993,0],[105.980923386,-5.99359234799994,0],[105.980928147,-5.99357852199995,0],[105.980915609,-5.99355888699995,0],[105.98088577,-5.99353344099995,0],[105.980864862,-5.99351805999993,0],[105.980852886,-5.99351274399993,0],[105.980843889,-5.99350668599993,0],[105.980837871,-5.99349988499995,0],[105.980826702,-5.99349839599995,0],[105.980810385,-5.99350221799995,0],[105.980802975,-5.99350683899996,0],[105.980804468,-5.99351226099998,0],[105.980800905,-5.99351610999997,0],[105.980792286,-5.99351838499996,0],[105.980782914,-5.99351342499995,0],[105.980772793,-5.99350122899995,0],[105.980763145,-5.99349331199994,0],[105.980753971,-5.99348967499998,0],[105.980752684,-5.99348180199996,0],[105.980759283,-5.99346969399994,0],[105.98076612,-5.99346148099994,0],[105.980773192,-5.99345716299996,0],[105.980772143,-5.99345084199996,0],[105.98076297,-5.99344252199995,0],[105.980754692,-5.99344211799996,0],[105.980747312,-5.99344963099998,0],[105.980743669,-5.99344807799997,0],[105.980743766,-5.99343745899995,0],[105.980737778,-5.99342608299997,0],[105.980725706,-5.99341394899994,0],[105.980716889,-5.99340728799996,0],[105.980711327,-5.99340610199994,0],[105.980699635,-5.99339921099994,0],[105.980681817,-5.99338661499996,0],[105.980669533,-5.99337470799998,0],[105.980662785,-5.99336348699995,0],[105.980647145,-5.99335496799995,0],[105.980622613,-5.99334915199995,0],[105.980610241,-5.99334278399994,0],[105.980610031,-5.99333586499995,0],[105.980600927,-5.99333456799997,0],[105.980582933,-5.99333889499997,0],[105.98056681,-5.99334696099993,0],[105.980552557,-5.99335876599997,0],[105.980540186,-5.99336581299997,0],[105.980529695,-5.99336810199998,0],[105.980526699,-5.99337292999996,0],[105.980531198,-5.99338029799998,0],[105.980525574,-5.99338815099998,0],[105.980509829,-5.99339648899996,0],[105.98049958,-5.99340615199998,0],[105.980494825,-5.99341713899997,0],[105.980482806,-5.99342086299993,0],[105.980463519,-5.99341732199997,0],[105.980447809,-5.99342523199994,0],[105.980435675,-5.99344459399993,0],[105.980424797,-5.99345283699995,0],[105.980415176,-5.99344996399998,0],[105.980407461,-5.99345230599994,0],[105.980401653,-5.99345986199995,0],[105.980394185,-5.99346421599995,0],[105.980385055,-5.99346536699994,0],[105.98038035,-5.99347084999994,0],[105.980380069,-5.99348066399995,0],[105.980373321,-5.99348627699993,0],[105.980360106,-5.99348768699997,0],[105.980354536,-5.99348436599996,0],[105.980356609,-5.99347631299997,0],[105.980355485,-5.99347042099993,0],[105.980351161,-5.99346669199997,0],[105.980344084,-5.99346677999995,0],[105.980334251,-5.99347068499998,0],[105.980321594,-5.99348050999993,0],[105.980306113,-5.99349625599996,0],[105.980299668,-5.99350738899994,0],[105.980302259,-5.99351390799995,0],[105.980309294,-5.99352197699994,0],[105.980320768,-5.99353159399993,0],[105.980332081,-5.99353738199994,0],[105.980343231,-5.99353934099997,0],[105.980354118,-5.99353464699993,0],[105.980364741,-5.99352329899995,0],[105.980370817,-5.99351240499993,0],[105.980372346,-5.99350196699993,0],[105.980377204,-5.99349925399997,0],[105.980385394,-5.99350426699993,0],[105.980388781,-5.99351215399997,0],[105.980387366,-5.99352291199995,0],[105.980395239,-5.99353425199996,0],[105.980412399,-5.99354616999995,0],[105.980421283,-5.99355025199998,0],[105.980421888,-5.99354649499998,0],[105.980427327,-5.99354704899997,0],[105.980437599,-5.99355191199993,0],[105.980440138,-5.99355978499995,0],[105.980434946,-5.99357066699997,0],[105.98043513,-5.99357874399993,0],[105.980440692,-5.99358401599994,0],[105.980435508,-5.99359292199995,0],[105.980419578,-5.99360545999997,0],[105.980406082,-5.99360920699996,0],[105.98039502,-5.99360416399998,0],[105.98038499,-5.99359770799992,0],[105.980375992,-5.99358983999997,0],[105.980357998,-5.99358261499998,0],[105.980331005,-5.99357603299995,0],[105.98031076,-5.99357383899996,0],[105.980297265,-5.99357603099998,0],[105.980288268,-5.99357558799994,0],[105.980283768,-5.99357250799994,0],[105.980270272,-5.99357278699995,0],[105.980247779,-5.99357642499996,0],[105.980233228,-5.99357545999993,0],[105.98022662,-5.99356989399996,0],[105.980216498,-5.99356906399993,0],[105.980202862,-5.99357296899996,0],[105.980196223,-5.99356716299997,0],[105.980196584,-5.99355164699995,0],[105.980194814,-5.99354969399997,0],[105.980190912,-5.99356130499996,0],[105.980180289,-5.99357128899993,0],[105.980162944,-5.99357964499995,0],[105.980155718,-5.99358931599994,0],[105.980158609,-5.99360030499997,0],[105.980172426,-5.99360526499993,0],[105.980197169,-5.99360419599998,0],[105.980213551,-5.99360513499994,0],[105.980221573,-5.99360807799997,0],[105.980225536,-5.99361356099996,0],[105.980225439,-5.99362158299994,0],[105.980222461,-5.99362905999993,0],[105.9802166,-5.99363599299994,0],[105.980212769,-5.99363586099997,0],[105.980210967,-5.99362866499996,0],[105.980205437,-5.99362439699996,0],[105.980196175,-5.99362305699998,0],[105.980188171,-5.99362495299994,0],[105.980181422,-5.99363008399996,0],[105.980174675,-5.99362664399996,0],[105.980167927,-5.99361463199995,0],[105.980159022,-5.99361165199997,0],[105.980147959,-5.99361770199994,0],[105.980142423,-5.99361752999994,0],[105.980142415,-5.99361113799995,0],[105.980137323,-5.99360723199993,0],[105.980127149,-5.99360581299993,0],[105.98012268,-5.99360134799997,0],[105.980123919,-5.99359383499996,0],[105.980119741,-5.99358977799994,0],[105.980110147,-5.99358917599994,0],[105.980101716,-5.99359580499993,0],[105.98009445,-5.99360966599994,0],[105.980084507,-5.99361991999996,0],[105.98007189,-5.99362656699998,0],[105.98005954,-5.99361981899995,0],[105.980047459,-5.99359967599997,0],[105.980039089,-5.99358910799998,0],[105.980034433,-5.99358811499997,0],[105.980033725,-5.99358048099998,0],[105.980036968,-5.99356620799995,0],[105.980041963,-5.99355960099996,0],[105.980048711,-5.99356065999996,0],[105.980055459,-5.99355845599996,0],[105.980062207,-5.99355299099994,0],[105.980075813,-5.99355323999993,0],[105.980096277,-5.99355920099993,0],[105.98011389,-5.99355628399996,0],[105.980128651,-5.99354448799994,0],[105.980144286,-5.99353643299997,0],[105.980160796,-5.99353211799996,0],[105.980187047,-5.99351933399993,0],[105.980223036,-5.99349807899995,0],[105.980252278,-5.99347840399997,0],[105.980274771,-5.99346030799995,0],[105.980294105,-5.99344739199995,0],[105.980310282,-5.99343965499997,0],[105.980322447,-5.99342833599997,0],[105.980330167,-5.99341422699996,0],[105.980330601,-5.99341343399993,0],[105.980337669,-5.99340411599997,0],[105.980343654,-5.99340038199995,0],[105.980350608,-5.99340059399998,0],[105.980357478,-5.99340420199997,0],[105.980358533,-5.99340475599996,0],[105.980368836,-5.99340150899997,0],[105.980372128,-5.99339874199995,0],[105.980381515,-5.99339085499997,0],[105.980400634,-5.99338578199996,0],[105.980403435,-5.99338583799994,0],[105.980426194,-5.99338629199997,0],[105.980445968,-5.99338244899997,0],[105.980459956,-5.99337425099998,0],[105.980468953,-5.99336463299994,0],[105.980472097,-5.99335597299995,0],[105.98047296,-5.99335359699995,0],[105.980479946,-5.99334660399995,0],[105.98048991,-5.99334365099998,0],[105.980497365,-5.99333767599995,0],[105.980502312,-5.99332867899994,0],[105.98051645,-5.99332157299995,0],[105.980539777,-5.99331635799996,0],[105.980561731,-5.99331652499995,0],[105.980562385,-5.99331670099997,0],[105.980582309,-5.99332207399993,0],[105.980606415,-5.99332243199996,0],[105.980634048,-5.99331759999995,0],[105.980644764,-5.99331779499994,0],[105.980638561,-5.99332301799996,0],[105.980639584,-5.99332790399995,0],[105.980647834,-5.99333244999997,0],[105.980651424,-5.99333898799995,0],[105.980650352,-5.99334751599997,0],[105.980654464,-5.99334816299995,0],[105.98066376,-5.99334093199997,0],[105.98067658,-5.99334160699993,0],[105.980692923,-5.99335018699998,0],[105.980700603,-5.99335946699995,0],[105.980699618,-5.99336944899994,0],[105.980704943,-5.99338295999996,0],[105.980716577,-5.99340000199993,0],[105.980729023,-5.99340779999994,0],[105.980742281,-5.99340635499993,0],[105.98075337,-5.99341016999995,0],[105.980762288,-5.99341924699996,0],[105.980769524,-5.99342325699996,0],[105.980775077,-5.99342220299997,0],[105.980784268,-5.99342988499995,0],[105.980797096,-5.99344630199994,0],[105.980810794,-5.99345904299997,0],[105.980825362,-5.99346810599997,0],[105.980840194,-5.99347263799996,0],[105.980855289,-5.99347263799996,0],[105.980864388,-5.99346926399994,0],[105.980867489,-5.99346251599997,0],[105.980865038,-5.99345356399994,0],[105.980857034,-5.99344240999994,0],[105.980856032,-5.99343566199997,0],[105.980862033,-5.99343332099994,0],[105.980864309,-5.99342772099993,0],[105.980862859,-5.99341886399998,0],[105.98086456,-5.99340336299997,0],[105.98086941,-5.99338121599993,0],[105.980874962,-5.99336971199995,0],[105.980881218,-5.99336885099996,0],[105.98088573,-5.99336298399993,0],[105.980888498,-5.99335210999993,0],[105.980895246,-5.99333808499995,0],[105.980905975,-5.99332090699994,0],[105.980915943,-5.99330751499997,0],[105.980925151,-5.99329790699994,0],[105.980935273,-5.99329240199995,0],[105.980946309,-5.99329099999994,0],[105.980956326,-5.99328733799996,0],[105.980965323,-5.99328141599995,0],[105.980972107,-5.99327305099996,0],[105.980976676,-5.99326224399994,0],[105.980985673,-5.99325621899993,0],[105.980999098,-5.99325497499996,0],[105.981012068,-5.99324706699997,0],[105.98102458,-5.99323249499997,0],[105.981030261,-5.99322189199995,0],[105.98102911,-5.99321525799996,0],[105.981032844,-5.99320963499997,0],[105.981041463,-5.99320502199993,0],[105.981054094,-5.99320078399995,0],[105.981070736,-5.99319692299997,0],[105.981079865,-5.99319154299997,0],[105.981081481,-5.99318464599997,0],[105.98108454,-5.99318523199997,0],[105.981089038,-5.99319330299994,0],[105.981095786,-5.99319711799996,0],[105.981104784,-5.99319667899994,0],[105.981109282,-5.99318775299997,0],[105.981109282,-5.99317034399996,0],[105.981094266,-5.99316476199994,0],[105.981064234,-5.99317100899998,0],[105.981047363,-5.99317848399994,0],[105.981043656,-5.99318718699993,0],[105.98102896,-5.99319273999993,0],[105.981003277,-5.99319514299998,0],[105.980984074,-5.99320243599993,0],[105.980971351,-5.99321461899996,0],[105.980961699,-5.99322028399996,0],[105.980955117,-5.99321943199993,0],[105.980943955,-5.99322365199993,0],[105.980928209,-5.99323294299995,0],[105.980915838,-5.99323801899993,0],[105.98090684,-5.99323888099997,0],[105.980895809,-5.99324500099993,0],[105.980882743,-5.99325637899994,0],[105.98085974,-5.99325847699993,0],[105.980826799,-5.99325129399995,0],[105.980818711,-5.99324604999993,0],[105.980835476,-5.99324274699995,0],[105.980865192,-5.99322584099997,0],[105.980907859,-5.99319533499994,0],[105.980935006,-5.99317802099995,0],[105.98094663,-5.99317389999993,0],[105.980961286,-5.99316476399997,0],[105.980978973,-5.99315061299995,0],[105.980997939,-5.99314005599996,0],[105.981018183,-5.99313309299993,0],[105.98102943,-5.99312797499994,0],[105.981031679,-5.99312470099994,0],[105.981053049,-5.99311314799996,0],[105.981093537,-5.99309331199993,0],[105.981125027,-5.99307469099995,0],[105.981147521,-5.99305728499996,0],[105.981162142,-5.99304837699998,0],[105.98116889,-5.99304796899997,0],[105.981190799,-5.99303701599996,0],[105.98122787,-5.99301551999997,0],[105.981246598,-5.99300325799993,0],[105.981246985,-5.99300023199993,0],[105.981256567,-5.99299407799998,0],[105.981275344,-5.99298479999993,0],[105.981294903,-5.99297286499996,0],[105.981315243,-5.99295827499998,0],[105.981333238,-5.99294700699994,0],[105.981348887,-5.99293905999997,0],[105.981370533,-5.99292359299994,0],[105.981398175,-5.99290060699997,0],[105.981416161,-5.99288879599993,0],[105.98142449,-5.99288815899996,0],[105.981445389,-5.99287208599998,0],[105.981478857,-5.99284057699998,0],[105.981507023,-5.99282028499994,0],[105.981529886,-5.99281120899997,0],[105.981544792,-5.99280235199996,0],[105.981551742,-5.99279371499995,0],[105.981565142,-5.99278481399995,0],[105.981584991,-5.99277564899995,0],[105.981596097,-5.99277323799993,0],[105.98159846,-5.99277757799996,0],[105.981608977,-5.99277414699998,0],[105.981627649,-5.99276294399994,0],[105.981639783,-5.99275284399994,0],[105.98164538,-5.99274384599994,0],[105.981656768,-5.99273420299994,0],[105.981673946,-5.99272391399995,0],[105.981694427,-5.99270404799995,0],[105.981702843,-5.99269362899997,0],[105.981718211,-5.99267460399994,0],[105.981740214,-5.99265724399993,0],[105.981760432,-5.99265196699997,0],[105.981767883,-5.99265454399995,0],[105.981766908,-5.99265645699995,0],[105.981762566,-5.99266497399998,0],[105.981766182,-5.99267060899996,0],[105.98177873,-5.99267144699996,0],[105.981789422,-5.99266961699993,0],[105.981798262,-5.99266511899998,0],[105.981803222,-5.99266624299997,0],[105.981804303,-5.99267299199994,0],[105.981809776,-5.99267224899995,0],[105.981819644,-5.99266401599994,0],[105.981826902,-5.99266296599995,0],[105.981831549,-5.99266909999994,0],[105.981841074,-5.99267433999995,0],[105.981855475,-5.99267868999993,0],[105.981867772,-5.99267475599993,0],[105.981877965,-5.99266253799993,0],[105.981886509,-5.99265811399994,0],[105.981893407,-5.99266148299995,0],[105.981897462,-5.99265634599993,0],[105.981898674,-5.99264269999998,0],[105.981895511,-5.99263446499998,0],[105.981887972,-5.99263163999996,0],[105.98188082,-5.99262489199998,0],[105.981874054,-5.99261422099994,0],[105.981877196,-5.99259983499996,0],[105.981890244,-5.99258173499993,0],[105.981901996,-5.99256901899997,0],[105.981912452,-5.99256168599993,0],[105.981920812,-5.99255274099994,0],[105.981927077,-5.99254218399994,0],[105.981927661,-5.99253240699994,0],[105.982028913,-5.99241858599993,0],[105.982038741,-5.99241703299998,0],[105.982044961,-5.99241201199993,0],[105.9820499,-5.99240086399993,0],[105.982053555,-5.99238358899993,0],[105.982062074,-5.99236849199997,0],[105.982075455,-5.99235557099996,0],[105.982082005,-5.99234319999994,0],[105.982081725,-5.99233137699997,0],[105.982088491,-5.99231504099993,0],[105.982102302,-5.99229419099993,0],[105.982111775,-5.99227394599995,0],[105.982116906,-5.99225430899997,0],[105.982117705,-5.99223771999993,0],[105.982116115,-5.99223162399994,0],[105.982114173,-5.99222417899995,0],[105.982113931,-5.99221480399996,0],[105.98211698,-5.99220959399997,0],[105.982125433,-5.99218712199996,0],[105.98213929,-5.99214738899997,0],[105.982151432,-5.99212767299997,0],[105.982161862,-5.99212797099995,0],[105.982169103,-5.99212459699993,0],[105.982173153,-5.99211754999993,0],[105.982179752,-5.99211152899994,0],[105.982188898,-5.99210653399996,0],[105.982201345,-5.99210275799993,0],[105.982207543,-5.99210175099995,0],[105.98221709,-5.99210020099997,0],[105.982224682,-5.99209677399995,0],[105.982233943,-5.99209259399993,0],[105.982251903,-5.99207993799996,0],[105.982269146,-5.99207771599993,0],[105.982285673,-5.99208593199995,0],[105.982298063,-5.99209423599996,0],[105.982306314,-5.99210262599996,0],[105.98232056,-5.99211089699998,0],[105.982340805,-5.99211904599997,0],[105.982354077,-5.99212669399998,0],[105.982360377,-5.99213384199993,0],[105.982369374,-5.99213796199996,0],[105.982381069,-5.99213904999993,0],[105.982394807,-5.99214332599996,0],[105.982410587,-5.99215078499998,0],[105.982444328,-5.99215707999997,0],[105.982496028,-5.99216221199993,0],[105.982533006,-5.99216221199993,0],[105.982555262,-5.99215708099996,0],[105.982567634,-5.99215220699995,0],[105.98257012,-5.99214758899996,0],[105.982578112,-5.99214582299993,0],[105.982591608,-5.99214690899993,0],[105.982626473,-5.99213602199995,0],[105.982682707,-5.99211316399993,0],[105.982722589,-5.99209407699993,0],[105.982746119,-5.99207876199995,0],[105.982771987,-5.99205904899998,0],[105.982800192,-5.99203493899995,0],[105.982825541,-5.99201727099995,0],[105.982848034,-5.99200604699996,0],[105.982866077,-5.99199509299996,0],[105.98287967,-5.99198440799995,0],[105.982890812,-5.99197344199996,0],[105.982899502,-5.99196219599997,0],[105.982916636,-5.99194788599993,0],[105.982942213,-5.99193051599997,0],[105.982954479,-5.99192060399997,0],[105.982953433,-5.99191815299997,0],[105.982961069,-5.99190779199995,0],[105.982977386,-5.99188951899993,0],[105.982986146,-5.99187581199993,0],[105.98298735,-5.99186666999998,0],[105.982992169,-5.99185799499998,0],[105.983000604,-5.99184978899996,0],[105.983003302,-5.99184436499996,0],[105.983000261,-5.99184172499997,0],[105.983002603,-5.99181996099998,0],[105.983010327,-5.99177907199993,0],[105.983013112,-5.99175637899998,0],[105.983010959,-5.99175187999998,0],[105.983013771,-5.99174633399997,0],[105.983021547,-5.99173973999996,0],[105.983023546,-5.99172961799997,0],[105.983019768,-5.99171596699995,0],[105.983020026,-5.99170707599995,0],[105.983024323,-5.99170294199996,0],[105.983025439,-5.99169619399993,0],[105.983023374,-5.99168683099998,0],[105.983024345,-5.99167990099994,0],[105.983028352,-5.99167540199994,0],[105.98302981,-5.99166752999997,0],[105.983028722,-5.99165628299994,0],[105.983030105,-5.99164645099995,0],[105.983033962,-5.99163803399995,0],[105.983036286,-5.99162116299993,0],[105.983037077,-5.99159583999995,0],[105.983039476,-5.99157486899998,0],[105.983043483,-5.99155824899998,0],[105.983045679,-5.99154025399997,0],[105.983046066,-5.99152088399995,0],[105.983044911,-5.99149279799997,0],[105.983042213,-5.99145599599996,0],[105.983040622,-5.99142467099995,0],[105.983040139,-5.99139882599997,0],[105.983038008,-5.99136999099994,0],[105.98303423,-5.99133816599993,0],[105.983033101,-5.99131383299994,0],[105.983033018,-5.99131205199996,0],[105.983034371,-5.99129164999994,0],[105.983031581,-5.99126691999993,0],[105.983024648,-5.99123786299998,0],[105.983021196,-5.99121628299997,0],[105.983021222,-5.99120218099995,0],[105.983018986,-5.99119304299995,0],[105.983017504,-5.99119166799994,0],[105.983014487,-5.99118886999997,0],[105.983012206,-5.99117903699994,0],[105.983012145,-5.99116354599994,0],[105.983009729,-5.99115130199993,0],[105.983004957,-5.99114230499993,0],[105.983001615,-5.99113070899995,0],[105.982999699,-5.99111651399994,0],[105.982996013,-5.99110639199995,0],[105.982990556,-5.99110034299997,0],[105.982988892,-5.99109336099997,0],[105.982991018,-5.99108544899997,0],[105.982991233,-5.99106493899995,0],[105.982989538,-5.99103183099993,0],[105.982986963,-5.99100792999997,0],[105.98298351,-5.99099323499996,0],[105.982986906,-5.99097639099995,0],[105.982997151,-5.99095739899997,0],[105.983001931,-5.99094251899993,0],[105.983001245,-5.99093175099995,0],[105.983002863,-5.99092324099996,0],[105.983005676,-5.99091875199997,0],[105.983006781,-5.99091698899997,0],[105.983009316,-5.99090319199996,0],[105.983010467,-5.99088184899995,0],[105.983013134,-5.99086877299993,0],[105.983017317,-5.99086396199993,0],[105.98302442,-5.99083614599994,0],[105.983034445,-5.99078532499993,0],[105.983037942,-5.99077174699994,0],[105.983042147,-5.99075541599996,0],[105.983046256,-5.99074853999997,0],[105.983047524,-5.99074641799996,0],[105.983050506,-5.99073667599993,0],[105.983051311,-5.99073404699993,0],[105.983053508,-5.99071830199995,0],[105.983058512,-5.99070580899996,0],[105.983066323,-5.99069656999995,0],[105.983073098,-5.99068307399995,0],[105.983078835,-5.99066531999995,0],[105.983094291,-5.99063395099995,0],[105.983119464,-5.99058896399993,0],[105.98313081,-5.99057595699998,0],[105.983139085,-5.99056646999998,0],[105.983153151,-5.99056646999998,0],[105.983167122,-5.99055528399998,0],[105.983180996,-5.99053291399997,0],[105.983189809,-5.99051491899996,0],[105.983193562,-5.99050129999995,0],[105.983204746,-5.99048412499997,0],[105.983223365,-5.99046339299997,0],[105.983243271,-5.99043799699996,0],[105.983264464,-5.99040793799998,0],[105.983277956,-5.99038681799993,0],[105.983283746,-5.99037463499997,0],[105.983303789,-5.99034856999998,0],[105.983338082,-5.99030862199993,0],[105.983359456,-5.99028262899998,0],[105.983367908,-5.99027059099996,0],[105.983380161,-5.99025697499997,0],[105.983396214,-5.99024177799993,0],[105.98341196,-5.99022522799993,0],[105.983427397,-5.99020732599996,0],[105.983440068,-5.99019638099998,0],[105.98344997,-5.99019239099994,0],[105.983461208,-5.99018432999998,0],[105.983473781,-5.99017219499996,0],[105.9834857,-5.99015841799996,0],[105.983496211,-5.99014402999995,0],[105.983496965,-5.99014299799995,0],[105.983507628,-5.99013061499994,0],[105.983517688,-5.99012127099996,0],[105.983527797,-5.99011435999995,0],[105.983530184,-5.99011330799993,0],[105.983537955,-5.99010988299995,0],[105.983556371,-5.99009621599993,0],[105.983583047,-5.99007335799996,0],[105.983600207,-5.99005647599995,0],[105.983607851,-5.99004557199993,0],[105.983615504,-5.99003899599995,0],[105.983623166,-5.99003674599993,0],[105.983628513,-5.99003170299994,0],[105.983631544,-5.99002386499996,0],[105.983631803,-5.99002360399993,0],[105.983654973,-5.99000024699995,0],[105.98366814,-5.98998841099996,0],[105.983698801,-5.98996084799995,0],[105.98372751,-5.98993049499995,0],[105.983741103,-5.98990918799996,0],[105.983750681,-5.98989709899996,0],[105.983756243,-5.98989423099994,0],[105.983761673,-5.98988728899997,0],[105.983766972,-5.98987627599996,0],[105.983770776,-5.98987082699995,0],[105.983775432,-5.98986415899998,0],[105.983781081,-5.98985773599998,0],[105.983787058,-5.98985093999994,0],[105.98379388,-5.98984041799997,0],[105.983795185,-5.98983536399993,0],[105.983795901,-5.98983259299996,0],[105.983806519,-5.98981626999995,0],[105.983810309,-5.98981137499993,0],[105.983825736,-5.98979144799995,0],[105.983839882,-5.98976942299993,0],[105.983848958,-5.98975019299996,0],[105.983857126,-5.98973811799993,0],[105.983864383,-5.98973319799995,0],[105.983871258,-5.98972360699997,0],[105.983877752,-5.98970934599993,0],[105.983885282,-5.98969784299993,0],[105.983893849,-5.98968909599995,0],[105.983898831,-5.98968022299994,0],[105.983900228,-5.98967122599993,0],[105.983906989,-5.98965772999998,0],[105.983919115,-5.98963973499997,0],[105.983928226,-5.98962398899994,0],[105.983934324,-5.98961049299993,0],[105.983945663,-5.98959135799993,0],[105.983962243,-5.98956658499998,0],[105.983976003,-5.98953720899993,0],[105.983986943,-5.98950323199995,0],[105.98399168,-5.98949107199996,0],[105.983994385,-5.98948412699997,0],[105.98399833,-5.98947989699997,0],[105.984002271,-5.98946653499996,0],[105.984006207,-5.98944404099996,0],[105.984012489,-5.98942379699997,0],[105.984021117,-5.98940580199996,0],[105.984026622,-5.98939036699994,0],[105.984029003,-5.98937748899993,0],[105.984029883,-5.98936390999995,0],[105.984029258,-5.98934962799996,0],[105.984031108,-5.98933582199993,0],[105.984035431,-5.98932249199993,0],[105.984037351,-5.98930345599996,0],[105.984036867,-5.98927871399997,0],[105.984038427,-5.98926219199996,0],[105.984042029,-5.98925389299995,0],[105.984047982,-5.98925444099996,0],[105.984056285,-5.98926383299994,0],[105.984062401,-5.98926573399996,0],[105.984066329,-5.98926013999994,0],[105.984067677,-5.98925149899998,0],[105.984066448,-5.98923980899997,0],[105.984071315,-5.98921852299998,0],[105.984082281,-5.98918764299998,0],[105.984089806,-5.98916974699995,0],[105.984093892,-5.98916483499994,0],[105.984094474,-5.98916298499995,0],[105.984079658,-5.98907495699996,0],[105.98405144,-5.98897159699993,0],[105.984084778,-5.98859631599993,0],[105.984138389,-5.98850049199996,0],[105.984221976,-5.98845846199993,0],[105.984401199,-5.98842822599994,0],[105.984562419,-5.98835614199993,0],[105.984741385,-5.98818231599995,0],[105.985009817,-5.98791260399997,0],[105.985272069,-5.98752922599994,0],[105.985343534,-5.98739149099993,0],[105.98542108,-5.98731357399993,0],[105.985431935,-5.98730084999994,0],[105.985436811,-5.98728180599994,0],[105.98544565,-5.98726959499993,0],[105.985457977,-5.98726607099996,0],[105.985464725,-5.98725819899994,0],[105.985465894,-5.98724597599994,0],[105.985467647,-5.98724096599994,0],[105.985540319,-5.98715780399993,0],[105.985548209,-5.98715231399996,0],[105.985582042,-5.98709789999998,0],[105.98570127,-5.98693614699994,0],[105.985820412,-5.98672653099993,0],[105.985891929,-5.98661871099995,0],[105.985927656,-5.98654685199995,0],[105.985931775,-5.98654233699995,0],[105.985993144,-5.98640912699994,0],[105.986138363,-5.98610788399998,0],[105.986139968,-5.98610794299998,0],[105.986142644,-5.98610747699996,0],[105.986219507,-5.98600786599997,0],[105.986296893,-5.98584020499993,0],[105.986445828,-5.98558267199996,0],[105.98658293,-5.98539097199995,0],[105.986702361,-5.98534289499997,0],[105.986851745,-5.98533664299993,0],[105.986983225,-5.98534238999997,0],[105.987129077,-5.98533707499996,0],[105.987135312,-5.98533247499995,0],[105.987149484,-5.98532848999997,0],[105.987168718,-5.98531946199995,0],[105.987193013,-5.98530538999995,0],[105.987210986,-5.98529749299996,0],[105.987222637,-5.98529577099993,0],[105.987244371,-5.98528494999994,0],[105.987276186,-5.98526503099993,0],[105.987322,-5.98523555699995,0],[105.98738181,-5.98519652699997,0],[105.987416279,-5.98517573999993,0],[105.987425408,-5.98517319699994,0],[105.987444664,-5.98516419899994,0],[105.987474047,-5.98514874799997,0],[105.987488737,-5.98513989799994,0],[105.987488737,-5.98513764899997,0],[105.987504412,-5.98512715999993,0],[105.987515026,-5.98512081899997,0],[105.987535763,-5.98510843099996,0],[105.987560466,-5.98509605999993,0],[105.987578523,-5.98509004499994,0],[105.987589545,-5.98508478799994,0],[105.987593534,-5.98508028999993,0],[105.987607,-5.98507536899996,0],[105.987629941,-5.98507002799994,0],[105.987644004,-5.98506536099995,0],[105.987647738,-5.98506412199993,0],[105.987648793,-5.98506377199993,0],[105.987663555,-5.98505660099994,0],[105.987709386,-5.98504324599998,0],[105.987786285,-5.98502370399996,0],[105.9878411,-5.98501230699998,0],[105.98787383,-5.98500905099996,0],[105.987895567,-5.98500604799995,0],[105.987906313,-5.98500329799998,0],[105.987935217,-5.98499902099996,0],[105.987982278,-5.98499321699995,0],[105.988007174,-5.98499200299995,0],[105.988008859,-5.98499408399994,0],[105.988009907,-5.98499537699996,0],[105.988018403,-5.98499481499994,0],[105.988032664,-5.98499031599994,0],[105.988047044,-5.98498858899995,0],[105.988061541,-5.98498963499998,0],[105.988076518,-5.98498836299996,0],[105.988091974,-5.98498477299995,0],[105.988112218,-5.98498251099994,0],[105.988137251,-5.98498157499995,0],[105.988152815,-5.98497914799998,0],[105.988158914,-5.98497522899993,0],[105.988167911,-5.98497401199995,0],[105.988179808,-5.98497549699994,0],[105.988191121,-5.98497331099998,0],[105.988201849,-5.98496745499995,0],[105.988208598,-5.98496635999993,0],[105.988211365,-5.98497002299996,0],[105.988237408,-5.98496578599998,0],[105.988286727,-5.98495364699994,0],[105.98832081,-5.98494792299994,0],[105.988339658,-5.98494861199993,0],[105.988360087,-5.98494625999996,0],[105.988382096,-5.98494086499994,0],[105.988398233,-5.98493866199993,0],[105.988408496,-5.98493965099993,0],[105.988417392,-5.98493828699998,0],[105.988424922,-5.98493456899996,0],[105.988430018,-5.98493509699995,0],[105.98843268,-5.98493986799997,0],[105.988439829,-5.98493796099996,0],[105.988451462,-5.98492937699996,0],[105.98846925,-5.98492335799995,0],[105.988493194,-5.98491990499997,0],[105.988515287,-5.98491544099994,0],[105.988535532,-5.98490996799995,0],[105.988553241,-5.98490691199993,0],[105.988568415,-5.98490627499996,0],[105.988580786,-5.98490292999998,0],[105.988590356,-5.98489687599994,0],[105.988604136,-5.98489128499995,0],[105.988622132,-5.98488615799994,0],[105.988641252,-5.98488241999996,0],[105.988661495,-5.98488006899993,0],[105.988679596,-5.98487571299995,0],[105.988695552,-5.98486935099993,0],[105.988716921,-5.98486326299997,0],[105.988743702,-5.98485744499993,0],[105.988759773,-5.98485235999993,0],[105.988765133,-5.98484800599994,0],[105.988779754,-5.98484173699995,0],[105.988803636,-5.98483355299993,0],[105.988837508,-5.98482468599997,0],[105.98888137,-5.98481513499996,0],[105.988917359,-5.98480501199998,0],[105.988945477,-5.98479431899995,0],[105.988970782,-5.98478558699998,0],[105.988993276,-5.98477881699995,0],[105.989021392,-5.98477321099995,0],[105.989055133,-5.98476876999996,0],[105.989091122,-5.98476139699994,0],[105.989129362,-5.98475109599997,0],[105.989156846,-5.98474236899995,0],[105.989173575,-5.98473521599993,0],[105.989187072,-5.98473127299997,0],[105.989197334,-5.98473053999993,0],[105.989208089,-5.98472631999994,0],[105.989219336,-5.98471861399997,0],[105.989231439,-5.98471308899997,0],[105.989244399,-5.98470974599996,0],[105.989245682,-5.98470931099996,0],[105.989264644,-5.98470287499993,0],[105.989292172,-5.98469247599996,0],[105.989324159,-5.98468172799994,0],[105.989360606,-5.98467063099997,0],[105.989394346,-5.98465913399997,0],[105.98942538,-5.98464723699993,0],[105.98944877,-5.98464055799997,0],[105.989464516,-5.98463909999998,0],[105.989481385,-5.98463591899997,0],[105.989499381,-5.98463101699997,0],[105.98951832,-5.98462752399996,0],[105.989538204,-5.98462544099993,0],[105.989555135,-5.98462078199998,0],[105.989569115,-5.98461354599993,0],[105.989590387,-5.98460914499998,0],[105.989618953,-5.98460757599997,0],[105.98963262,-5.98460876199994,0],[105.98963145,-5.98461251099997,0],[105.989798674,-5.98460150199998,0],[105.989963607,-5.98460120399994,0],[105.990236143,-5.98462225099996,0],[105.990479866,-5.98457155499995,0],[105.990630432,-5.98455692399995,0],[105.990745154,-5.98454953799995,0],[105.990816644,-5.98442735799995,0],[105.990777015,-5.98427399299993,0],[105.990770626,-5.98426340199995,0],[105.990736527,-5.98420688099998,0],[105.990727529,-5.98413201099993,0],[105.990669046,-5.98405509299994,0],[105.990651051,-5.98387656799997,0],[105.990552079,-5.98333088899994,0],[105.990394624,-5.98286564999995,0],[105.99028267,-5.98258319499996,0],[105.990138198,-5.98235645999995,0],[105.989949252,-5.98220253699998,0],[105.989579024,-5.98208907999998,0],[105.989406844,-5.98204631299996,0],[105.989327898,-5.98201055799996,0],[105.989283442,-5.98193705199998,0],[105.989265447,-5.98186804199997,0],[105.989220957,-5.98171075499994,0],[105.989214565,-5.98170400699996,0],[105.989203581,-5.98168601199995,0],[105.989196504,-5.98166844699995,0],[105.989193332,-5.98165131399998,0],[105.989183232,-5.98163674599994,0],[105.989166204,-5.98162474299994,0],[105.989154601,-5.98161272499993,0],[105.989148424,-5.98160069199997,0],[105.989143991,-5.98159443799995,0],[105.989142009,-5.98159164199996,0],[105.989135358,-5.98158557499994,0],[105.989125426,-5.98156679599998,0],[105.989112211,-5.98153530499997,0],[105.989101337,-5.98151767699994,0],[105.989092805,-5.98151391199997,0],[105.989087282,-5.98150828799993,0],[105.98908477,-5.98150080699997,0],[105.989089269,-5.98149256699998,0],[105.989100779,-5.98148356999997,0],[105.989104218,-5.98147696899997,0],[105.989106727,-5.98147215399996,0],[105.989107114,-5.98145831899996,0],[105.989109772,-5.98144824099995,0],[105.989114702,-5.98144191899996,0],[105.989114872,-5.98143274799997,0],[105.989110286,-5.98142072799993,0],[105.989110277,-5.98141389899996,0],[105.989114846,-5.98141225999996,0],[105.989118892,-5.98140360599996,0],[105.989122416,-5.98138793399994,0],[105.989123506,-5.98137663499995,0],[105.989122161,-5.98136970699994,0],[105.989118114,-5.98136881299996,0],[105.989111367,-5.98137395299995,0],[105.989109859,-5.98137066899994,0],[105.989113594,-5.98135896099996,0],[105.989116793,-5.98133866199993,0],[105.989119455,-5.98130977199997,0],[105.98912546,-5.98128673999997,0],[105.989134809,-5.98126956599998,0],[105.989144676,-5.98125476999996,0],[105.989155062,-5.98124235099993,0],[105.989162311,-5.98123164199995,0],[105.989166424,-5.98122264499995,0],[105.989174775,-5.98121139799997,0],[105.989187366,-5.98119790099997,0],[105.989198112,-5.98118985699995,0],[105.989207012,-5.98118726499996,0],[105.989218088,-5.98117814499994,0],[105.989231338,-5.98116249599997,0],[105.989251582,-5.98114855699993,0],[105.98927882,-5.98113632599996,0],[105.989303687,-5.98112764499996,0],[105.98932618,-5.98112251299995,0],[105.989343032,-5.98111976899997,0],[105.989354244,-5.98111941299993,0],[105.989374488,-5.98111294499995,0],[105.989403766,-5.98110036199995,0],[105.989428974,-5.98108392199993,0],[105.989450114,-5.98106362499993,0],[105.989469234,-5.98104753199993,0],[105.989486333,-5.98103564499996,0],[105.989565378,-5.98093838099993,0],[105.989694064,-5.98078003499995,0],[105.989827674,-5.98079093999996,0],[105.990157667,-5.98086213999994,0],[105.990382948,-5.98093386699998,0],[105.990516421,-5.98097636399996,0],[105.990545261,-5.98098593099996,0],[105.990739522,-5.98105037299996,0],[105.99077473,-5.98106205299996,0],[105.990989885,-5.98107602399995,0],[105.991027504,-5.98107595599993,0],[105.991102589,-5.98107581999994,0],[105.991133303,-5.98107576499996,0],[105.991347768,-5.98108560199995,0],[105.991434509,-5.98108957999995,0],[105.991692845,-5.98118962599995,0],[105.991941558,-5.98125705499996,0],[105.992008521,-5.98127520999998,0],[105.992126857,-5.98129755499997,0],[105.992309805,-5.98133210099996,0],[105.992481569,-5.98135089399995,0],[105.99256801,-5.98136035199997,0],[105.992970459,-5.98131463299995,0],[105.993250291,-5.98127591299993,0],[105.99339105,-5.98125643699996,0],[105.993620279,-5.98112200499997,0],[105.993773034,-5.98099728499994,0],[105.993915057,-5.98103475999994,0],[105.994140875,-5.98112091999997,0],[105.994518032,-5.98156513899994,0],[105.994891328,-5.98182751299993,0],[105.995326685,-5.98257667599995,0],[105.995501852,-5.98266974799998,0],[105.995836741,-5.98247444099997,0],[105.996015078,-5.98217059699994,0],[105.99626751,-5.98197946699997,0],[105.996410854,-5.98167957799996,0],[105.996570036,-5.98153531199995,0],[105.996951643,-5.98158874899997,0],[105.997390875,-5.98168774599998,0],[105.997544609,-5.98177726199998,0],[105.997620997,-5.98186216999994,0],[105.997731877,-5.98190219699995,0],[105.997884347,-5.98196983899993,0],[105.997949845,-5.98200305699993,0],[105.998059979,-5.98205569399994,0],[105.99812195,-5.98208424799998,0],[105.998237462,-5.98213831399994,0],[105.998475355,-5.98226009399997,0],[105.998648837,-5.98237007499995,0],[105.998825822,-5.98247973599996,0],[105.998984699,-5.98255136299997,0],[105.99908579,-5.98255777999998,0],[105.999157122,-5.98256579299994,0],[105.999225046,-5.98256416099997,0],[105.999265808,-5.98256475899996,0],[105.999331376,-5.98256316599998,0],[105.999382231,-5.98257413099998,0],[105.999425736,-5.98259469299995,0],[105.999457342,-5.98264377299995,0],[105.999495624,-5.98271482699994,0],[105.999526978,-5.98279109899994,0],[105.999551321,-5.98282574899997,0],[105.999612119,-5.98288114999997,0],[105.999653785,-5.98290536099995,0],[105.999759413,-5.98293953399997,0],[105.999856146,-5.98295649999994,0],[105.999903909,-5.98296988199996,0],[105.999963965,-5.98301140299998,0],[106.000100413,-5.98313219499994,0],[106.000166882,-5.98319429999998,0],[106.000251401,-5.98330062099996,0],[106.00037459,-5.98338612999993,0],[106.000535109,-5.98347276699997,0],[106.000666751,-5.98354706999993,0],[106.000817487,-5.98361640199994,0],[106.00093253,-5.98365235199998,0],[106.001069741,-5.98369589399994,0],[106.001225984,-5.98377589599994,0],[106.001421133,-5.98391037599993,0],[106.001874471,-5.98421272099995,0],[106.002050552,-5.98433757599997,0],[106.002250637,-5.98447653499994,0],[106.00298037,-5.98509862799995,0],[106.003246116,-5.98532453099995,0],[106.003407069,-5.98545094399998,0],[106.003545112,-5.98553703199997,0],[106.003620341,-5.98557449699996,0],[106.003951788,-5.98570464399995,0],[106.004100565,-5.98576026899997,0],[106.004275309,-5.98582592999998,0],[106.004523962,-5.98590838699994,0],[106.004738903,-5.98597136899997,0],[106.005234829,-5.98608183799996,0],[106.00553259,-5.98611268599996,0],[106.005799095,-5.98612081599993,0],[106.006005392,-5.98611901399994,0],[106.006155294,-5.98610870599992,0],[106.006307551,-5.98611981599993,0],[106.006527279,-5.98607536699996,0],[106.006634288,-5.98607712699993,0],[106.006757127,-5.98608988999996,0],[106.006986139,-5.98612046999995,0],[106.007254088,-5.98615509999996,0],[106.007422403,-5.98617524799994,0],[106.00753599,-5.98619245799995,0],[106.007610011,-5.98624976199994,0],[106.007725401,-5.98643871599995,0],[106.007821523,-5.98664471399997,0],[106.007855505,-5.98668475699998,0],[106.007880245,-5.98672790199993,0],[106.007908147,-5.98681423199997,0],[106.007934445,-5.98686662999995,0],[106.007959776,-5.98696461399993,0],[106.007996843,-5.98700619399995,0],[106.008060104,-5.98704309799996,0],[106.008127969,-5.98706919699993,0],[106.008168035,-5.98706449599996,0],[106.008197272,-5.98703821899994,0],[106.008265135,-5.98708927399997,0],[106.008315232,-5.98714143799998,0],[106.008343087,-5.98718252499998,0],[106.008390923,-5.98721356799996,0],[106.008501509,-5.98741270199997,0],[106.008576658,-5.98746258499995,0],[106.00862541,-5.98752986899996,0],[106.008656695,-5.98759094599995,0],[106.008679226,-5.98763831399998,0],[106.008732265,-5.98763485799998,0],[106.008810218,-5.98767499199994,0],[106.008856014,-5.98771805799993,0],[106.008914736,-5.98776873499997,0],[106.008958554,-5.98780367799998,0],[106.009033206,-5.98783516099996,0],[106.009128813,-5.98785431199997,0],[106.009191824,-5.98785769799997,0],[106.009245211,-5.98786285299997,0],[106.009287395,-5.98789448399998,0],[106.009337966,-5.98797800999995,0],[106.009385514,-5.98806833499998,0],[106.009405683,-5.98816568199993,0],[106.009406917,-5.98823734799993,0],[106.009400403,-5.98829028399996,0],[106.009421596,-5.98831353499997,0],[106.009449296,-5.98832597399996,0],[106.009484591,-5.98833514099994,0],[106.009537241,-5.98833884599998,0],[106.009682926,-5.98835329799994,0],[106.009911935,-5.98839160099993,0],[106.010138549,-5.98842181599997,0],[106.010232046,-5.98842888399997,0],[106.010279338,-5.98844733099997,0],[106.010320361,-5.98855227499996,0],[106.010315718,-5.98865277799996,0],[106.010289872,-5.98879226599996,0],[106.010271289,-5.98885948099996,0],[106.010256715,-5.98894751099994,0],[106.01022869,-5.98903232299995,0],[106.010210099,-5.98913312199994,0],[106.010206093,-5.98927014099996,0],[106.010186607,-5.98946413299996,0],[106.010158036,-5.98970612999995,0],[106.010106929,-5.99002431899993,0],[106.010085733,-5.99026635299998,0],[106.010071176,-5.99044511699998,0],[106.010049197,-5.99056090199997,0],[106.010039728,-5.99062810099997,0],[106.010063256,-5.99067284499995,0],[106.010088885,-5.99070052299993,0],[106.0101126,-5.99076072199995,0],[106.010059148,-5.99080808899993,0],[106.009980925,-5.99079464799996,0],[106.009820946,-5.99077846699993,0],[106.009684545,-5.99079283999993,0],[106.009553815,-5.99081899399994,0],[106.009417399,-5.99082512899997,0],[106.009356053,-5.99084774999994,0],[106.009282007,-5.99087495199996,0],[106.009228666,-5.99089196899996,0],[106.009146416,-5.99089501799995,0],[106.009076609,-5.99089688299995,0],[106.009014201,-5.99091480999994,0],[106.008944191,-5.99092296799995,0],[106.008866161,-5.99093259899996,0],[106.008704622,-5.99094238499993,0],[106.008657774,-5.99094764499995,0],[106.008603069,-5.99094847499993,0],[106.008556396,-5.99095367099994,0],[106.008489295,-5.99095671299995,0],[106.00842631,-5.99096191399997,0],[106.008380327,-5.99094594099995,0],[106.008313915,-5.99092708699993,0],[106.008258438,-5.99090456399995,0],[106.008183771,-5.99088334999993,0],[106.008110791,-5.99086304799994,0],[106.008009118,-5.99083458199993,0],[106.007895021,-5.99082756699994,0],[106.007841786,-5.99084880199996,0],[106.007884664,-5.99106112299995,0],[106.007930612,-5.99128240799996,0],[106.008161089,-5.99129350399994,0],[106.008468405,-5.99129439699993,0],[106.008492348,-5.99151341799995,0],[106.00850416,-5.99160083699996,0],[106.008526101,-5.99165180299997,0],[106.0086198,-5.99164592399995,0],[106.008783462,-5.99162514599993,0],[106.008915739,-5.99161067399996,0],[106.009055566,-5.99159537499997,0],[106.009344809,-5.99153835899995,0],[106.009687706,-5.99150559199995,0],[106.009854347,-5.99147184799995,0],[106.010006039,-5.99139449899997,0],[106.010179762,-5.99135540899994,0],[106.010311015,-5.99156468399997,0],[106.010424675,-5.99169542099997,0],[106.010473667,-5.99178849299994,0],[106.010499548,-5.99184290699998,0],[106.010531144,-5.99188871199993,0],[106.010581316,-5.99191011699997,0],[106.010635769,-5.99192291599996,0],[106.010731736,-5.99192273899996,0],[106.010836659,-5.99197740999995,0],[106.010957124,-5.99205744799997,0],[106.010989782,-5.99215666399994,0],[106.011060637,-5.99222890699997,0],[106.011120161,-5.99225774599995,0],[106.011157498,-5.99229746299994,0],[106.011242852,-5.99233177799994,0],[106.011410227,-5.99244726599994,0],[106.011748437,-5.99265453699996,0],[106.011864784,-5.99280121499993,0],[106.011985888,-5.99305704199998,0],[106.01209498,-5.99325471999992,0],[106.012172489,-5.99337669299996,0],[106.012157171,-5.99346011599994,0],[106.012165932,-5.99354339299992,0],[106.012177281,-5.99365286299997,0],[106.012192989,-5.99383873699998,0],[106.012122023,-5.99400126899997,0],[106.011966146,-5.99422624299996,0],[106.011906842,-5.99435408599993,0],[106.011893231,-5.99448579499995,0],[106.011850478,-5.99458983399995,0],[106.011784137,-5.99467312499996,0],[106.01172853,-5.99471945199997,0],[106.01168427,-5.99475695999996,0],[106.011641486,-5.99476868799997,0],[106.011587868,-5.99479471599994,0],[106.011504626,-5.99481338899994,0],[106.011415801,-5.99481540499994,0],[106.011367714,-5.99483030999994,0],[106.011312259,-5.99486374899993,0],[106.011100001,-5.99500863199995,0],[106.011009447,-5.99507203099995,0],[106.011019193,-5.99514211799993,0],[106.010151194,-5.99514950499997,0],[106.00970415,-5.99515734799996,0],[106.009685802,-5.99574969899993,0],[106.009695049,-5.99596363099994,0],[106.009725763,-5.99608127899995,0],[106.009871784,-5.99611806499996,0],[106.010260378,-5.99610904399998,0],[106.010984082,-5.99612024899994,0],[106.011830046,-5.99715589999994,0],[106.012114401,-5.99748488299997,0],[106.012324208,-5.99774412699998,0],[106.012751988,-5.99828196799996,0],[106.013152012,-5.99878305499993,0],[106.013616392,-5.99932448999994,0],[106.014170318,-5.99994914699994,0],[106.014347227,-6.00020568399998,0],[106.014418796,-6.00027890899997,0],[106.014488449,-6.00033144799994,0],[106.014569332,-6.00035763199998,0],[106.014800901,-6.00032921699994,0],[106.015006128,-6.00034013299995,0],[106.015097234,-6.00033123999998,0],[106.015174353,-6.00035554999994,0],[106.015302358,-6.00044936099994,0],[106.015863309,-6.00085461099997,0],[106.016547104,-6.00137986299995,0],[106.016683484,-6.00147589599993,0],[106.01679313,-6.00152605699998,0],[106.017370617,-6.00178797099994,0],[106.018398607,-6.00226937699995,0],[106.018554926,-6.00231408899998,0],[106.019868128,-6.00238403199995,0],[106.020670566,-6.00244183499996,0],[106.020755767,-6.00246811799997,0],[106.020825102,-6.00253285799994,0],[106.020881034,-6.00260914299997,0],[106.020944319,-6.00269275799997,0],[106.021033112,-6.00282679499998,0],[106.021204084,-6.00306351199993,0],[106.022821212,-6.00496989899995,0],[106.023042794,-6.00523111299998,0],[106.024260048,-6.00667185799995,0],[106.024636188,-6.00785885399995,0],[106.025051992,-6.00909104099998,0],[106.02502908,-6.00915384199993,0],[106.025078838,-6.00928329299995,0],[106.025404196,-6.00923356399994,0],[106.025662733,-6.00921661899997,0],[106.026032188,-6.00920852399997,0],[106.026268991,-6.00921346399997,0],[106.02658934,-6.00923108099994,0],[106.026995512,-6.00929420099993,0],[106.027221006,-6.00931742699993,0],[106.027392369,-6.00934261099997,0],[106.02749059,-6.00936425599997,0],[106.027643763,-6.00938417099997,0],[106.027789256,-6.00940572799993,0],[106.02793875,-6.00943275799995,0],[106.028022402,-6.00944169699994,0],[106.028315677,-6.00948666499994,0],[106.028619829,-6.00955721999998,0],[106.029262492,-6.00965815399996,0],[106.02967409,-6.00973210899997,0],[106.03011659,-6.00981690299994,0],[106.030442724,-6.00987470299998,0],[106.030770563,-6.00992866099995,0],[106.031138415,-6.00999539799994,0],[106.031560848,-6.01006930799997,0],[106.031835916,-6.01011427899994,0],[106.032105422,-6.01016303599994,0],[106.032597031,-6.01025134499997,0],[106.033023361,-6.01031439999997,0],[106.033344054,-6.01036863799993,0],[106.034140657,-6.01050175099994,0],[106.034725814,-6.01061375899997,0],[106.035160971,-6.01068593999997,0],[106.036211289,-6.01088484599995,0],[106.037414858,-6.01107970399994,0],[106.037839422,-6.01113313699994,0],[106.038368628,-6.01124236899994,0],[106.038814792,-6.01133385899993,0],[106.040213217,-6.01156679099995,0],[106.04084602,-6.01169594899994,0],[106.041247408,-6.01179911099996,0],[106.041551758,-6.01191676099995,0],[106.041742491,-6.01200471799996,0],[106.042028515,-6.01215639199995,0],[106.042277541,-6.01229825099995,0],[106.042645727,-6.01253872299998,0],[106.043066755,-6.01291755499994,0],[106.043412343,-6.01320023299996,0],[106.043689657,-6.01342053999997,0],[106.044649494,-6.01416113499994,0],[106.045369217,-6.01473242099996,0],[106.045949035,-6.01519313599994,0],[106.046147529,-6.01534509899994,0],[106.046276869,-6.01549526599996,0],[106.046443228,-6.01556532399997,0],[106.046416673,-6.01559121699995,0],[106.04634021,-6.01568704899995,0],[106.046269753,-6.01577586299993,0],[106.046190796,-6.01587063799997,0],[106.046142484,-6.01595248199993,0],[106.046107891,-6.01598906099997,0],[106.046075093,-6.01599263399993,0],[106.046014591,-6.01597310099993,0],[106.045962984,-6.01595765999997,0],[106.045872984,-6.01592509799997,0],[106.045793975,-6.01590855399996,0],[106.045731355,-6.01588497499995,0],[106.045686635,-6.01588178699996,0],[106.045635406,-6.01589716199993,0],[106.045586677,-6.01597066799997,0],[106.045558833,-6.01599236299995,0],[106.045522845,-6.01603589199993,0],[106.0454826,-6.01610635799994,0],[106.045412755,-6.01620455699998,0],[106.045300504,-6.01638119299997,0],[106.045275093,-6.01640539099998,0],[106.04523871,-6.01642608199995,0],[106.045205609,-6.01643993199997,0],[106.045059291,-6.01648129699993,0],[106.044915539,-6.01654191499995,0],[106.044792568,-6.01661738299993,0],[106.044657705,-6.01665428599995,0],[106.044427872,-6.01666739199993,0],[106.044270942,-6.01668699099997,0],[106.044219372,-6.01667886599995,0],[106.044039164,-6.01668882699994,0],[106.043966403,-6.01672615899997,0],[106.04386174,-6.01679431799994,0],[106.043749045,-6.01672074999993,0],[106.043657687,-6.01673313999993,0],[106.043509285,-6.01681947199995,0],[106.043386772,-6.01687851399993,0],[106.043202391,-6.01687656999997,0],[106.043084818,-6.01688768899993,0],[106.042993439,-6.01693144099994,0],[106.042955479,-6.01700461599995,0],[106.042993137,-6.01715524099995,0],[106.043037112,-6.01726449099993,0],[106.043050514,-6.01739030699997,0],[106.043016341,-6.01750149499998,0],[106.04300044,-6.01766233499995,0],[106.043026569,-6.01774925599995,0],[106.043083016,-6.01778852399997,0],[106.043142608,-6.01780330999998,0],[106.043201891,-6.01782546699997,0],[106.043242688,-6.01792068499998,0],[106.043282963,-6.01801455199995,0],[106.043316538,-6.01812417899993,0],[106.043324079,-6.01832923699993,0],[106.043341903,-6.01848627699997,0],[106.043387274,-6.01864823999995,0],[106.043381925,-6.01879660599997,0],[106.043314628,-6.01893757799996,0],[106.043300605,-6.01898173199993,0],[106.043304368,-6.01901594699996,0],[106.043367249,-6.01902692699997,0],[106.043674091,-6.01909982999996,0],[106.04410783,-6.01923283999997,0],[106.044298853,-6.01929536799997,0],[106.044454284,-6.01932559999995,0],[106.04483947,-6.01942606499995,0],[106.044867464,-6.01958668499998,0],[106.045050268,-6.01962327099994,0],[106.045220135,-6.01972225699996,0],[106.045384889,-6.01972357399995,0],[106.045551346,-6.01976242499995,0],[106.045708061,-6.01982577699994,0],[106.045821432,-6.01991395499994,0],[106.045901462,-6.01996602899993,0],[106.046007632,-6.02004090199995,0],[106.046110481,-6.02008477099997,0],[106.046224812,-6.02016126099994,0],[106.04636194,-6.02006634199995,0],[106.047109147,-6.01988508799997,0],[106.047745728,-6.01974431599996,0],[106.047957879,-6.01970326699995,0],[106.048057348,-6.01970451899996,0],[106.048223327,-6.01972726399993,0],[106.048451624,-6.01979318099995,0],[106.048388361,-6.02002517099993,0],[106.048265594,-6.02038540699994,0],[106.048121637,-6.02076570499997,0],[106.048033506,-6.02099252099993,0],[106.047814466,-6.02152752099994,0],[106.047431743,-6.02243862999995,0],[106.047306077,-6.02276266999996,0],[106.047278267,-6.02281070599997,0],[106.04725388,-6.02282471199993,0],[106.047174466,-6.02278909499995,0],[106.046910416,-6.02268821399997,0],[106.046480504,-6.02261018499996,0],[106.045576743,-6.02246912999993,0],[106.044847799,-6.02237519099998,0],[106.044153812,-6.02228323599996,0],[106.043771237,-6.02221938999998,0],[106.043044493,-6.02205708299994,0],[106.042508487,-6.02191894299995,0],[106.042280453,-6.02185019599995,0],[106.04225884,-6.02195328799996,0],[106.042306433,-6.02211584399993,0],[106.04237846,-6.02232823899993,0],[106.042440251,-6.02246667199995,0],[106.04246939,-6.02254447699994,0],[106.042472607,-6.02263148799994,0],[106.042392079,-6.02284448799998,0],[106.0423115,-6.02301652599994,0],[106.042298607,-6.02318727399995,0],[106.042272285,-6.02326697499996,0],[106.042225601,-6.02336084299998,0],[106.042153407,-6.02344664099996,0],[106.042110252,-6.02350082599997,0],[106.042071949,-6.02357904799993,0],[106.042064896,-6.02366119299995,0],[106.0420603,-6.02377181199995,0],[106.042018392,-6.02389615599998,0],[106.042000559,-6.02399718199996,0],[106.041969465,-6.02407418799993,0],[106.041879243,-6.02419779099995,0],[106.041752055,-6.02429421699998,0],[106.04168871,-6.02447347799995,0],[106.041570093,-6.02477251599993,0],[106.041486099,-6.02497893199995,0],[106.041426914,-6.02512915899996,0],[106.041404352,-6.02520035899994,0],[106.041407517,-6.02528102299993,0],[106.041386411,-6.02532194099996,0],[106.041359241,-6.02535681399996,0],[106.041304857,-6.02540385099996,0],[106.041339587,-6.02549147499997,0],[106.041421437,-6.02561644899993,0],[106.041430862,-6.02578550299995,0],[106.041420165,-6.02581734599994,0],[106.041381597,-6.02586275999994,0],[106.041352933,-6.02588278499996,0],[106.041228168,-6.02586233699998,0],[106.041094302,-6.02589534799995,0],[106.04101102,-6.02592230699997,0],[106.040957591,-6.02599685499996,0],[106.041041201,-6.02615068899996,0],[106.041085308,-6.02625517399997,0],[106.041071345,-6.02641946799997,0],[106.041128718,-6.02655981999993,0],[106.041178904,-6.02667399699993,0],[106.041189462,-6.02679182399993,0],[106.041177967,-6.02689376299998,0],[106.041153065,-6.02697066599995,0],[106.041153202,-6.02704250899995,0],[106.041126512,-6.02714855899995,0],[106.040997984,-6.02717553799994,0],[106.040909582,-6.02722917099993,0],[106.04078898,-6.02730864599994,0],[106.040771432,-6.02741823899993,0],[106.040863051,-6.02748303099997,0],[106.040985646,-6.02755405199997,0],[106.041003467,-6.02761307899993,0],[106.040978467,-6.02765889899996,0],[106.040944598,-6.02769735199996,0],[106.040894466,-6.02771959599994,0],[106.040857934,-6.02773878299996,0],[106.040722672,-6.02772967499993,0],[106.040600105,-6.02765531999995,0],[106.040495768,-6.02765054899993,0],[106.040408112,-6.02770870799998,0],[106.04034367,-6.02778338999997,0],[106.040305491,-6.02789509499996,0],[106.040214742,-6.02806924199996,0],[106.040135177,-6.02822389099993,0],[106.040036013,-6.02832680699993,0],[106.039928347,-6.02845827099998,0],[106.039831201,-6.02855122499994,0],[106.039903119,-6.02866090599997,0],[106.039952029,-6.02893231399997,0],[106.039993533,-6.02914649299993,0],[106.04002876,-6.02930018799998,0],[106.040086925,-6.02950763199993,0],[106.040205749,-6.02969377799997,0],[106.040097848,-6.02991386399998,0],[106.03991508,-6.03020372699996,0],[106.039805924,-6.03039767299992,0],[106.039658906,-6.03059654799995,0],[106.03944108,-6.03090174599993,0],[106.03916499,-6.03079301099996,0],[106.039031485,-6.03070123999993,0],[106.038840375,-6.03062131199994,0],[106.038737511,-6.03056176599995,0],[106.038679923,-6.03052615499996,0],[106.038622291,-6.03046673099993,0],[106.0386578,-6.03036545499998,0],[106.038627973,-6.03032582199995,0],[106.038556556,-6.03031802099997,0],[106.03845536,-6.03029638499993,0],[106.038316434,-6.03025100599996,0],[106.038179431,-6.03017387299997,0],[106.038014188,-6.03010433499998,0],[106.037926854,-6.03007076599994,0],[106.037875327,-6.03009269299997,0],[106.037808079,-6.03019204599997,0],[106.037684939,-6.03034739899994,0],[106.037541813,-6.03032249199993,0],[106.037474724,-6.03046858799996,0],[106.037431134,-6.03054524999993,0],[106.037367324,-6.03066727199996,0],[106.037282976,-6.03066743299996,0],[106.037190732,-6.03062228599993,0],[106.037052602,-6.03056316199996,0],[106.036916226,-6.03049124199993,0],[106.036698986,-6.03042757999998,0],[106.036606349,-6.03037932599995,0],[106.036504445,-6.03035044699993,0],[106.036321792,-6.03033991799992,0],[106.03617245,-6.03031174099993,0],[106.036039644,-6.03030011899995,0],[106.035957504,-6.03029753599998,0],[106.035910336,-6.03014839299993,0],[106.035781656,-6.03014726799995,0],[106.035707987,-6.03028026299995,0],[106.035613434,-6.03039654599996,0],[106.035520136,-6.03047292599996,0],[106.035430841,-6.03052956899995,0],[106.035314583,-6.03057377699997,0],[106.035213815,-6.03062185799996,0],[106.035157535,-6.03069037899996,0],[106.035184985,-6.03087395199998,0],[106.035178591,-6.03105231199993,0],[106.035192487,-6.03116858999994,0],[106.035214885,-6.03126090699993,0],[106.035220169,-6.03134299399994,0],[106.035202074,-6.03139204199994,0],[106.035200282,-6.03141554999996,0],[106.035199511,-6.03142803299994,0],[106.035193173,-6.03143869399997,0],[106.035185039,-6.03145059199994,0],[106.035139553,-6.03148483499996,0],[106.035095198,-6.03146481899995,0],[106.035057223,-6.03145965999994,0],[106.035010337,-6.03149061199997,0],[106.034961113,-6.03146678899998,0],[106.03491731,-6.03146061399997,0],[106.034868339,-6.03147843999994,0],[106.034822595,-6.03154842199996,0],[106.034798052,-6.03159041799995,0],[106.034713483,-6.03163787399995,0],[106.034614209,-6.03157442199995,0],[106.034572867,-6.03147716399997,0],[106.034546515,-6.03139298299993,0],[106.034512709,-6.03132378999993,0],[106.03447737,-6.03130648599995,0],[106.034381788,-6.03129704799994,0],[106.034303095,-6.03134186099993,0],[106.034249405,-6.03141552799997,0],[106.034232416,-6.03153810999993,0],[106.034228645,-6.03162744599996,0],[106.034219618,-6.03169028199994,0],[106.034201545,-6.03169315399998,0],[106.034189131,-6.03168998499996,0],[106.034174582,-6.03168256299995,0],[106.034152293,-6.03166265099998,0],[106.034037582,-6.03161650999994,0],[106.033937387,-6.03161669999997,0],[106.033844069,-6.03162598899996,0],[106.033736297,-6.03162394599997,0],[106.033658684,-6.03161681499995,0],[106.033539079,-6.03161853799998,0],[106.033463292,-6.03166205899993,0],[106.033355062,-6.03174540399993,0],[106.033333632,-6.03187557699994,0],[106.033326625,-6.03199126299995,0],[106.033381044,-6.03211044799997,0],[106.033513258,-6.03236586199995,0],[106.033557217,-6.03244636799997,0],[106.03361565,-6.03260381999996,0],[106.033644662,-6.03272535399998,0],[106.033672284,-6.03287634999998,0],[106.033712365,-6.03293226899996,0],[106.033782844,-6.03299772899993,0],[106.033877296,-6.03305514499993,0],[106.033999621,-6.03314676899993,0],[106.03410363,-6.03318496799994,0],[106.034228492,-6.03325832399997,0],[106.034286199,-6.03333340799998,0],[106.034324733,-6.03341652699993,0],[106.034360223,-6.03358124499994,0],[106.03440885,-6.03379635299996,0],[106.034448934,-6.03385387099996,0],[106.034505033,-6.03392415799993,0],[106.034543713,-6.03402575099994,0],[106.034560194,-6.03428489499993,0],[106.03463606,-6.03451106199998,0],[106.034708224,-6.03462131399993,0],[106.034801085,-6.03468353199997,0],[106.03488751,-6.03472496399996,0],[106.034945136,-6.03475685199993,0],[106.034999566,-6.03479034499998,0],[106.035107288,-6.03489970399994,0],[106.035137842,-6.03499083799994,0],[106.035171707,-6.03514115999997,0],[106.035205829,-6.03531308899994,0],[106.035245903,-6.03536580899993,0],[106.03529716,-6.03541210699996,0],[106.035372345,-6.03542796199997,0],[106.035444322,-6.03543902499996,0],[106.035486003,-6.03549493999998,0],[106.035514939,-6.03557647699995,0],[106.035513489,-6.03567655499995,0],[106.03554365,-6.03580195899997,0],[106.035559528,-6.03590885699998,0],[106.035555519,-6.03604858199998,0],[106.035525561,-6.03612689599993,0],[106.035438356,-6.03615878399995,0],[106.035251973,-6.03621682199997,0],[106.035068418,-6.03627659799997,0],[106.034783779,-6.03638731199993,0],[106.034629103,-6.03647643199997,0],[106.034406306,-6.03657187699997,0],[106.034276387,-6.03665268599997,0],[106.034181458,-6.03667558899997,0],[106.034076244,-6.03671916899998,0],[106.033979305,-6.03677099599997,0],[106.033919608,-6.03686406499997,0],[106.033882549,-6.03696675199996,0],[106.0338795,-6.03707799599994,0],[106.033873558,-6.03711632999995,0],[106.033868005,-6.03714438299994,0],[106.033849204,-6.03716556499995,0],[106.0337939,-6.03719191699997,0],[106.033766242,-6.03727997299995,0],[106.033743642,-6.03732818199995,0],[106.033683832,-6.03739506099993,0],[106.033687042,-6.03753000999995,0],[106.033676535,-6.03759235899997,0],[106.033609133,-6.03769292299995,0],[106.033569711,-6.03778207899995,0],[106.033527337,-6.03789682599995,0],[106.033514401,-6.03795687699994,0],[106.033613647,-6.03803843799994,0],[106.033676155,-6.03805739499995,0],[106.033707715,-6.03807374099995,0],[106.033747076,-6.03810436799995,0],[106.033762402,-6.03812861399996,0],[106.033763514,-6.03814695299997,0],[106.033757922,-6.03817140399997,0],[106.033734074,-6.03822233499994,0],[106.033689153,-6.03827044799993,0],[106.033636789,-6.03833480599997,0],[106.033578359,-6.03844800299993,0],[106.033495014,-6.03856225199996,0],[106.03346417,-6.03860769099992,0],[106.033402867,-6.03866070899994,0],[106.033338089,-6.03872814099998,0],[106.033327307,-6.03883807099993,0],[106.033362794,-6.03904765499993,0],[106.033399257,-6.03916127299993,0],[106.033451309,-6.03927133899998,0],[106.033484262,-6.03935715299997,0],[106.033491982,-6.03943001999994,0],[106.033485867,-6.03948284999996,0],[106.033468414,-6.03962792599998,0],[106.03345963,-6.03969386699993,0],[106.033523046,-6.03979792399997,0],[106.033588176,-6.03985408499994,0],[106.033718565,-6.03991018799996,0],[106.033771162,-6.03999245499995,0],[106.033829035,-6.04008284099996,0],[106.033851039,-6.04017329599998,0],[106.033849636,-6.04025599399995,0],[106.033818461,-6.04035008599993,0],[106.033736036,-6.04042589599993,0],[106.033625709,-6.04045600299997,0],[106.033505854,-6.04053038399996,0],[106.033391303,-6.04061005199998,0],[106.033202263,-6.04061988799998,0],[106.033141215,-6.04061426199996,0],[106.033058427,-6.04064844499993,0],[106.032821408,-6.04072351199994,0],[106.032536982,-6.04081902299993,0],[106.032430755,-6.04083354399995,0],[106.032395633,-6.04084993399994,0],[106.032299662,-6.04087079599998,0],[106.032016451,-6.04091347399998,0],[106.031721952,-6.04091723599993,0],[106.031525507,-6.04091891999997,0],[106.031474419,-6.04092300599996,0],[106.031417506,-6.04093685899994,0],[106.031401662,-6.04095221999995,0],[106.031370015,-6.04096123399995,0],[106.03131976,-6.04095995299997,0],[106.031299005,-6.04095022599995,0],[106.031284622,-6.04094348599995,0],[106.03123726,-6.04089870699994,0],[106.03119103,-6.04084278599993,0],[106.031181952,-6.04083600499996,0],[106.031176227,-6.04083579699994,0],[106.030847184,-6.04096576599994,0],[106.030766849,-6.04089862799998,0],[106.030669258,-6.04081706999995,0],[106.0306035,-6.04062270699995,0],[106.030592701,-6.04059078799997,0],[106.030434906,-6.04046215699998,0],[106.030377706,-6.04043474399998,0],[106.030097519,-6.04030046499997,0],[106.030047842,-6.04027665699994,0],[106.029639112,-6.04000872399996,0],[106.029636693,-6.04000909399997,0],[106.029603611,-6.04001415599993,0],[106.029527132,-6.04002585799998,0],[106.029502604,-6.04002961099997,0],[106.029371595,-6.04004965599995,0],[106.029191827,-6.04007716199993,0],[106.029120999,-6.04008799999997,0],[106.029028649,-6.04010115899996,0],[106.02869565,-6.04014860899997,0],[106.028342,-6.04019900099996,0],[106.028239,-6.04019500099997,0],[106.028129257,-6.04019100999994,0],[106.027924227,-6.04012744999994,0],[106.027810001,-6.04009199999996,0],[106.027716128,-6.04005768099995,0],[106.027455375,-6.03996235299996,0],[106.027438796,-6.03995629199994,0],[106.027438,-6.03995600099995,0],[106.027404633,-6.03995660699997,0],[106.027383001,-6.03995699999996,0],[106.027372111,-6.03995723299994,0],[106.027195676,-6.03996145199994,0],[106.027127328,-6.03998690699996,0],[106.027098817,-6.03999858099996,0],[106.026855811,-6.04009808299998,0],[106.025834729,-6.04058036699996,0],[106.025572744,-6.04075473399996,0],[106.025387154,-6.04083806399996,0],[106.025310522,-6.04089230799997,0],[106.025195699,-6.04086473799993,0],[106.024989254,-6.04086340599997,0],[106.024981294,-6.04086050199993,0],[106.024885962,-6.04082572599998,0],[106.024687992,-6.04084020099998,0],[106.024480979,-6.04088303199995,0],[106.024383849,-6.04089353199993,0],[106.023965547,-6.04093875399997,0],[106.023952739,-6.04094013899993,0],[106.023556084,-6.04093929599998,0],[106.023444344,-6.04093905799994,0],[106.023433903,-6.04093903599994,0],[106.023357004,-6.04095030199994,0],[106.023051984,-6.04095424899998,0]]]]}}]}